Title,Year,Genre,Chris,Pixie,Context,Status,Lane,Streaming,Streaming Checked,Chris Says,Pixie Says,Boys Say,TMDB ID,Poster,Runtime,Overview,Note,Cert,Flag
The Notebook,2004,Rom-com,5,5,Date Night,Rated,Love That Costs,"Amazon Prime Video, HBO Max",2026-10-03,,,,11036,posters/11036.jpg,123,"An epic love story centered around an older man who reads aloud to a woman with Alzheimer's. From a faded notebook, the old man's words bring to life the story about a couple who is separated by World War II, and is then passionately reunited, seven years later, after they have taken different paths.",“Might get 6 out of 5. That is the perfect romantic comedy.”,PG-13,
Pretty Woman,1990,Rom-com,4.7,4.7,Date Night,Rated,Classic Canon,Disney Plus,2026-10-03,,,,114,posters/114.jpg,120,"Vivian is a carefree, streetwise diamond in the rough when she meets sophisticated billionaire Edward in a chance encounter that turns into a week-long business arrangement. But Vivian's energetic spirit challenges Edward's no-nonsense approach to life, and soon they are teaching each other – and falling in love!",“Top three rom-coms for sure.”,R,
About Time,2013,Rom-com,4.8,4.8,Date Night,Rated,Time & Second Chances,HBO Max,2026-10-03,,,,122906,posters/122906.jpg,123,"The night after another unsatisfactory New Year's party, Tim's father reveals to him that the men in their family have the ability to travel through time. They can't change history, but they can change what happens and has happened in their own lives. Thus begins the start of a lesson in learning to appreciate life itself as it is, as it comes, and most importantly, the people living alongside us.",Confirmed 5. Watched 3 or 4 times. Was briefly given 4.5 earlier in the thread; 5 is the later call.,R,
50 First Dates,2004,Rom-com,4.5,4.5,Date Night,Rated,Classic Canon,"Amazon Prime Video, Sony One Amazon Channel",2026-10-03,,,,1824,posters/1824.jpg,99,"Henry is a player skilled at seducing women. But when this veterinarian meets Lucy, a girl with a quirky problem when it comes to total recall, he realizes it's possible to fall in love all over again…and again, and again. That's because the delightful Lucy has no short-term memory, so Henry must woo her day after day until he finally sweeps her off her feet.",“Silly stupid movie but so much heart.”,PG-13,
Sleepless in Seattle,1993,Rom-com,4.5,4.5,Date Night,Rated,Nora Ephron,HBO Max,2026-10-03,,,,858,posters/858.jpg,105,"After the death of his mother, a young boy calls a radio station in an attempt to set his father up on a date. Across the country, an engaged woman becomes convinced that they belong together, despite their never having met. Will their paths collide despite the odds?",,PG,
You've Got Mail,1998,Rom-com,4.5,4.5,Date Night,Rated,Nora Ephron,"Rent: Apple TV Store, Google Play Movies",2026-10-03,,,,9489,posters/9489.jpg,119,Book superstore magnate Joe Fox and independent book shop owner Kathleen Kelly fall in love in the anonymity of the Internet—both blissfully unaware that he's trying to put her out of business.,“I could watch that a million times over.”,PG,
The Holiday,2006,Rom-com,4.5,4.5,Date Night,Rated,Christmas,"Rent: Apple TV Store, Google Play Movies",2026-10-03,,,,1581,posters/1581.jpg,136,"Two women, one American and one British, swap homes at Christmastime following bad breakups. Each woman finds romance with a local man but realizes that the imminent return home may end the relationship.","Kate Winslet. Moved into the Christmas lane 2026-10-04 from ""Classic Canon"": it is on the list the family actually watches every December.",PG-13,
My Big Fat Greek Wedding,2002,Rom-com,4.5,4.5,Date Night,Rated,Classic Canon,,2026-10-03,,,,8346,posters/8346.jpg,95,A young Greek woman falls in love with a non-Greek and struggles to get her family to accept him while she comes to terms with her heritage and cultural identity.,,PG,
When Harry Met Sally,1989,Rom-com,4.5,4.5,Date Night,Rated,Nora Ephron,Amazon Prime Video,2026-10-03,,,,639,posters/639.jpg,96,"Sex always gets in the way of friendships between men and women. At least, that's what Harry Burns believes. So when Harry meets Sally Albright and a deep friendship blossoms between them, Harry's determined not to let his attraction to Sally destroy it. But when a night of weakness ends in a morning of panic, can the pair avoid succumbing to Harry's fears by remaining friends and admitting they just might be the perfect match for each other?",,R,
Four Weddings and a Funeral,1994,Rom-com,4,4,Date Night,Rated,Richard Curtis,"Rent: Apple TV Store, Google Play Movies",2026-10-03,,,,712,posters/712.jpg,117,"Over the course of five social occasions, a committed bachelor must consider the notion that he may have discovered love.","Classic, love it. Corrected from a carried-in 4.5 to Chris’s stated 4.",R,
Notting Hill,1999,Rom-com,4.9,4.9,Date Night,Rated,Richard Curtis,"Rent: Apple TV Store, Google Play Movies",2026-10-03,,,,509,posters/509.jpg,124,London bookstore owner William Thacker's quiet life turns upside down when a chance encounter with famous actress Anna Scott sparks an unlikely romance challenged by their vastly different worlds.,,PG-13,
Crazy Rich Asians,2018,Rom-com,4.5,4.5,Date Night,Rated,Love That Costs,Rent: Google Play Movies,2026-10-03,,,,455207,posters/455207.jpg,121,"An American-born Chinese economics professor accompanies her boyfriend to Singapore for his best friend's wedding, only to get thrust into the lives of Asia's rich and famous.","Fun, classic, hilarious.",PG-13,
Something's Gotta Give,2003,Rom-com,4.5,4.5,Date Night,Rated,Classic Canon,"Rent: Apple TV Store, Google Play Movies",2026-10-03,,,,6964,posters/6964.jpg,128,"When perpetually single, aging music industry exec Harry Sanborn, and his latest trophy girlfriend, Marin, arrive at her mother's beach house in the Hamptons, they find that her mother, playwright Erica Barry, also plans to stay for the weekend. Erica is scandalized by the relationship and Harry's sexist ways. But when Harry has a heart attack while there, and the doctor prescribes bedrest, his only option is to stay at the Barry home. Left in the care of Erica and his doctor, a love triangle starts to take shape.","“Jack and Diane, are you kidding me?”",PG-13,
Sweet Home Alabama,2002,Rom-com,4,4,Date Night,Rated,Classic Canon,,2026-10-03,,,,11529,posters/11529.jpg,108,"New York fashion designer Melanie Carmichael suddenly finds herself engaged to the city's most eligible bachelor. But her past holds many secrets—including Jake, the redneck husband she married in high school, who refuses to divorce her. Bound and determined to end their contentious relationship once and for all, Melanie sneaks back home to Alabama to confront her past.","“Cheesy as hell, still gets 4.”",PG-13,
The Princess Diaries,2001,Rom-com,4,4,Date Night,Rated,Classic Canon,Disney Plus,2026-10-03,,,,9880,posters/9880.jpg,115,"A socially awkward but very bright 15-year-old girl being raised by a single mom discovers that she is the princess of a small European country because of the recent death of her long-absent father, who, unknown to her, was the crown prince of Genovia. She must make a choice between continuing the life of a San Francisco teen or stepping up to the throne.",“Love cheesy teeny bopper movie.”,G,
While You Were Sleeping,1995,Rom-com,4,4,Date Night,Rated,Classic Canon,Disney Plus,2026-10-03,,,,2064,posters/2064.jpg,103,"A transit worker pulls commuter Peter off railway tracks after he's mugged, but—while he's in a coma—his family mistakenly thinks she's Peter's fiancée, and she doesn't correct them. Things get more complicated when she falls for his brother, who's not quite sure that she's who she claims to be.",,PG,
Bridget Jones's Diary,2001,Rom-com,4,4,Date Night,Rated,Richard Curtis,"Netflix, Disney Plus, Universal+ Amazon Channel",2026-10-03,,,,634,posters/634.jpg,97,"Bridget Jones is an average woman struggling against expectations. As a New Year's resolution, Bridget decides to take control of her life, starting by keeping a diary in which she will always tell the complete truth. Her charming boss takes an interest in her, and she cannot stop running into a rather disagreeable acquaintance whom Bridget cannot help finding quietly attractive.",“She's hilarious.”,R,
Moonstruck,1987,Rom-com,4,4,Date Night,Rated,Classic Canon,"Rent: Apple TV Store, Google Play Movies",2026-10-03,,,,2039,posters/2039.jpg,102,"37-year-old Italian-American widow Loretta Castorini believes she is unlucky in love, and so accepts a marriage proposal from her boyfriend Johnny, even though she doesn't love him. When she meets his estranged younger brother Ronny, an emotional and passionate man, she finds herself drawn to him. She tries to resist, but Ronny, who blames his brother for the loss of his hand, has no scruples about aggressively pursuing her while Johnny is out of the country. As Loretta falls for Ronny, she learns that she's not the only one in her family with a secret romance.",Chris thinks Pixie has not seen it. Her rating still open.,PG,
Set It Up,2018,Rom-com,3,3,Date Night,Rated,Streaming-Era,Netflix,2026-10-03,,,,384677,posters/384677.jpg,105,Two overworked and underpaid assistants come up with a plan to get their bosses off their backs by setting them up with each other.,"Funny rom-com, still only a 3.",R,
Your Place or Mine,2023,Rom-com,3,3,Date Night,Rated,Streaming-Era,Netflix,2026-10-03,,,,703451,posters/703451.jpg,109,"When best friends and total opposites Debbie and Peter swap homes for a week, they get a peek into each other's lives that could open the door to love.","Solid rom-com, still only a 3.",PG-13,
The Idea of You,2024,Rom-com,3,3,Date Night,Rated,Streaming-Era,Amazon Prime Video,2026-10-03,,,,843527,posters/843527.jpg,116,"40-year-old single mom Solène begins an unexpected romance with 24-year-old Hayes Campbell, the lead singer of August Moon, the hottest boy band on the planet. As they begin a whirlwind romance, it isn't long before Hayes' superstar status poses unavoidable challenges to their relationship, and Solène soon discovers that life in the glare of his spotlight might be more than she bargained for.","Solid rom-com, still only a 3.",R,
Amélie,2001,Rom-com,4.3,4.5,Date Night,Rated,Whimsy,,2026-10-03,,,,194,posters/194.jpg,122,"At a tiny Parisian café, the adorable yet painfully shy Amélie accidentally discovers a gift for helping others. Soon Amelie is spending her days as a matchmaker, guardian angel, and all-around do-gooder. But when she bumps into a handsome stranger, will she find the courage to become the star of her very own love story?",Watched 2026-10-03. Chris fell asleep about halfway after travelling and declined to rate it that night. He gave it 4.3 on 2026-10-04 from the app. Pixie 4.5 stands on its own.,R,
Return to Me,2000,Rom-com,,,Queue,Watchlist,Classic Canon,"Rent: Apple TV Store, Google Play Movies",2026-10-03,,,,2621,posters/2621.jpg,116,"Dragged out on a blind date a year after his wife's tragic death, grieving architect Bob Rueland finds an unexpected spark not with his date, but with Grace, the sharp-witted waitress at a lively Irish-Italian restaurant. Unbeknownst to Bob, Grace is the recipient of his late wife's donated heart. As they grow closer, their romance offers the promise of healing and the weight of a secret that could tear them apart.",,PG,
Letters to Juliet,2010,Rom-com,4.2,,Queue,Rated,Classic Canon,"Netflix, Universal+ Amazon Channel",2026-10-03,,,,37056,posters/37056.jpg,105,"An American girl on vacation in Italy finds an unanswered ""letter to Juliet"" -- one of thousands of missives left at the fictional lover's Verona courtyard, which are typically answered by the ""secretaries of Juliet"" -- and she goes on a quest to find the lovers referenced in the letter.","Rating typed into the Google Sheet by hand and pulled into the vault 2026-10-04. Chris 4.2. Was on the Watchlist; a rating means it was watched, so Status moved to Rated.",PG,
An Affair to Remember,1957,Rom-com,,,Queue,Watchlist,Classic Canon,Disney Plus,2026-10-03,,,,8356,posters/8356.jpg,111,A couple falls in love and agrees to meet in six months at the Empire State Building - but will it happen?,The film When Harry Met Sally is built around.,NR,
Bridget Jones: Mad About the Boy,2025,Rom-com,4.1,,Queue,Rated,Richard Curtis,Disney Plus,2026-10-03,,,,1272149,posters/1272149.jpg,124,"Bridget Jones navigates life as a widow and single mum with the help of her family, friends, and former lover, Daniel. Back to work and on the apps, she's pursued by a younger man and maybe – just maybe – her son's science teacher.","Rating typed into the Google Sheet by hand and pulled into the vault 2026-10-04. Chris 4.1. Was on the Watchlist; a rating means it was watched, so Status moved to Rated.",R,
Me Before You,2016,Romance,4.7,4.7,Date Night,Rated,Love That Costs,Universal+ Amazon Channel,2026-10-03,,,,296096,posters/296096.jpg,110,"Lou Clark, a directionless 26-year-old from the English countryside, takes a job at the local castle as a caregiver and companion to a wealthy young banker, Will Traynor. Wheelchair-bound from an accident two years prior, the once adventurous Will has all but given up — that is until Lou determines to show him that life is worth living.","One of Pixie’s favourites. ""She’ll kill me if I don’t.""",PG-13,
The Time Traveler's Wife,2009,Romance,4.5,4.5,Date Night,Rated,Time & Second Chances,Universal+ Amazon Channel,2026-10-03,,,,24420,posters/24420.jpg,107,"Due to a genetic disorder, handsome librarian Henry DeTamble involuntarily zips through time, appearing at various moments in the life of his true love, the beautiful artist Clare Abshire.",,PG-13,
The Fault in Our Stars,2014,Romance,4.5,4.5,Date Night,Rated,Love That Costs,Disney Plus,2026-10-03,,,,222935,posters/222935.jpg,126,"Despite the tumor-shrinking medical miracle that has bought her a few years, Hazel has never been anything but terminal, her final chapter inscribed upon diagnosis. But when a patient named Augustus Waters suddenly appears at Cancer Kid Support Group, Hazel's story is about to be completely rewritten.",“The Power of Love. We love it.”,PG-13,
Brooklyn,2015,Romance,4.4,4.4,Date Night,Rated,Irish Lane,Amazon Prime Video,2026-10-03,,,,167073,posters/167073.jpg,111,"In 1950s Ireland and New York, young Eilis Lacey has to choose between two men and two countries.","Resolved 2026-10-03: seen by both, both give it 4.4. The earlier ""unseen"" readings are retired.",PG-13,
A Walk to Remember,2002,Romance,4,4,Date Night,Rated,Love That Costs,"Netflix, Amazon Prime Video, Universal+ Amazon Channel",2026-10-03,,,,10229,posters/10229.jpg,102,"When the popular, restless Landon Carter is forced to participate in the school drama production, he falls in love with Jamie Sullivan, the daughter of the town's minister. Jamie has a ""to-do"" list for her life, as well as a very big secret she must keep from Landon.",,PG,
Under the Tuscan Sun,2003,Romance,4,4,Date Night,Rated,Rebuild & Relocate,Disney Plus,2026-10-03,,,,10934,posters/10934.jpg,113,"Frances Mayes, a 35-year-old professor and writer from San Francisco, decides to take a tour of Tuscany following a difficult divorce. After impulsively buying a run-down villa in the Italian countryside, she begins to piece her life back together in unexpected ways.",,PG-13,
The Lake House,2006,Romance,3.5,3.5,Date Night,Rated,Time & Second Chances,"HBO Max, Universal+ Amazon Channel",2026-10-03,,,,2044,posters/2044.jpg,99,"When architect Alex Wyler moves into an unusual glass house on stilts over a lake, he discovers a note from the previous tenant in the mailbox--but no one's lived in the house for years. He replies and soon discovers that he's corresponding with a doctor named Kate Forster. Their correspondence, only through the 'magical' mailbox, turns romantic and their paths cross in unexpected ways, but when they try to truly connect, danger looms. They must try to unravel the mystery behind their extraordinary romance before it's too late.",Lowest-rated film either of you has finished.,PG,
Atonement,2007,Romance,,,Queue,Watchlist,Love That Costs,"Rent: Apple TV Store, Google Play Movies",2026-10-03,,,,4347,posters/4347.jpg,123,A young girl irrevocably changes the course of several lives when she accuses her older sister's lover of a crime he did not commit.,"Pixie has seen it, Chris has not. Agreed to watch together.",R,
The Light Between Oceans,2016,Romance,,,Queue,Watchlist,Love That Costs,Amazon Prime Video,2026-10-03,,,,283552,posters/283552.jpg,133,A lighthouse keeper and his wife living off the coast of Western Australia raise a baby they rescue from an adrift rowboat.,,PG-13,
Before Sunrise,1995,Romance,,,Queue,"Owned, unwatched",The Before Trilogy,"Rent: Apple TV Store, Google Play Movies",2026-10-03,,,,76,posters/76.jpg,101,"An unexpected meeting on a train leads two travelers to spend an evening wandering through Vienna. As the night unfolds, they share stories and conversations about life and love, exploring new ideas while a quiet intimacy grows between them, knowing it may be their only night together.",All three owned. Watch in order.,R,
Before Sunset,2004,Romance,,,Queue,"Owned, unwatched",The Before Trilogy,"Rent: Apple TV Store, Google Play Movies",2026-10-03,,,,80,posters/80.jpg,80,"Nine years later, Jesse travels across Europe giving readings from a book he wrote about the night he spent in Vienna with Celine. After his reading in Paris, Celine finds him, and they spend part of the day together before Jesse has to again leave for a flight. They are both in relationships now, and Jesse has a son, but as their strong feelings for each other start to return, both confess a longing for more.",,R,
Before Midnight,2013,Romance,,,Queue,"Owned, unwatched",The Before Trilogy,"Rent: Apple TV Store, Google Play Movies",2026-10-03,,,,132344,posters/132344.jpg,109,"It has been nine years since we last met Jesse and Celine, the French-American couple who once met on a train in Vienna. They now live in Paris with twin daughters but have spent a summer in Greece at the invitation of an author colleague of Jesse's. When the vacation is over and Jesse must send his teenage son off to the States, he begins to question his life decisions, and his relationship with Celine is at risk.",,R,
The Guernsey Literary and Potato Peel Pie Society,2018,Romance,4.5,4.5,Date Night,Rated,Irish Lane,Netflix,2026-10-03,,,,451480,posters/451480.jpg,124,"Free-spirited writer Juliet Ashton forms a life-changing bond with the delightful and eccentric Guernsey Literary and Potato Peel Pie Society, when she decides to write about the book club they formed during the occupation of Guernsey in WWII.","Watched and confirmed 2026-10-03. ""Pixie and I loved it."" Earlier unseen notes predate the watch.",,
Pride and Prejudice,2005,Period drama,4.5,4.5,Date Night,Rated,Austen,"Rent: Apple TV Store, Google Play Movies",2026-10-03,,,,4348,posters/4348.jpg,128,"A story of love and life among the landed English gentry during the Georgian era. Mr. Bennet is a gentleman living in Hertfordshire with his overbearing wife and five daughters, but if he dies their house will be inherited by a distant cousin whom they have never met, so the family's future happiness and security is dependent on the daughters making good marriages.",“We love Jane Austen in this house.”,PG,
Sense and Sensibility,1995,Period drama,4,4,Date Night,Rated,Austen,HBO Max,2026-10-03,,,,4584,posters/4584.jpg,136,"The Dashwood sisters, sensible Elinor and passionate Marianne, learn that their prospects of marriage seem doomed by their family's sudden loss of fortune. After Henry Dashwood dies unexpectedly, his estate must pass on by law to his son. These circumstances leave Mr. Dashwood's wife and daughters without a home and with barely enough money to live on. As Elinor and Marianne struggle to find romantic fulfillment in a society obsessed with financial and social status, they must learn to mix sense with sensibility in their dealings with both money and men.",,PG,
Emma,2020,Period drama,,,Queue,Watchlist,Austen,Netflix,2026-10-03,,,,556678,posters/556678.jpg,125,"In 1800s England, a well-meaning but selfish young woman meddles in the love lives of her friends.","""We love a good Jane Austen."" Still unseen.",PG,
Becoming Jane,2007,Period drama,,,Queue,Watchlist,Austen,Amazon Prime Video,2026-10-03,,,,2977,posters/2977.jpg,120,"Though young Jane Austen's financially strapped parents expect her to marry the nephew of wealthy Lady Gresham, Jane herself knows that such a union will destroy her creativity and sense of self-worth. Instead, she becomes involved with Tom Lefroy, a charming but penniless apprentice lawyer who gives her the knowledge of the heart she needs for her future career as a novelist.",,PG,
Downton Abbey: A New Era,2022,Period drama,,,Queue,Watchlist,Period,"Rent: Apple TV Store, Google Play Movies",2026-10-03,,,,820446,posters/820446.jpg,124,"The Crawley family goes on a grand journey to the south of France to uncover the mystery of the dowager countess's newly inherited villa. Meanwhile, a Hollywood director seeks to film his latest production at Downton.",Never watched the series. Stands alone.,PG,
Sense and Sensibility,2026,Period drama,,,Queue,Not released,Austen,,2026-10-03,,,,1503762,posters/1503762.jpg,132,"A charming, witty, and deeply relatable story of love and sisterhood.","Daisy Edgar-Jones. US release 2026-10-16, thirteen days out.",PG,
Good Will Hunting,1997,Drama,5,5,Date Night,Rated,Being Seen,Paramount Plus,2026-10-03,,,,489,posters/489.jpg,127,"Will Hunting is a headstrong, working-class genius who is failing the lessons of life. After one too many run-ins with the law, Will's last chance is a psychology professor, who might be the only man who can reach him.",“Definitely not a romance movie but it does have elements of the romance in it.”,R,
October Sky,1999,Drama,4.5,4.5,Family,Rated,Space & Science,"Rent: Apple TV Store, Google Play Movies",2026-10-03,,,,13466,posters/13466.jpg,107,"The true story of Homer Hickam, a coal miner's son who was inspired by the first Sputnik launch to take up rocketry against his father's wishes.",True story. Flagged as a rewatch with the boys.,PG,
Apollo 13,1995,Drama,4,4,Family,Rated,Space & Science,Netflix,2026-10-03,,,,568,posters/568.jpg,140,"The true story of technical troubles that scuttle the Apollo 13 lunar mission in 1970, risking the lives of astronaut Jim Lovell and his crew, with the failed journey turning into a thrilling saga of heroism. Drifting more than 200,000 miles from Earth, the astronauts work furiously with the ground crew to avert tragedy.",Chris and Pixie rating. Boys glued but less hooked than The Martian.,PG,
The Nice Guys,2016,Comedy,4.5,4.5,Date Night,Rated,Shane Black,Rent: Google Play Movies,2026-10-03,,,,290250,posters/290250.jpg,116,A private eye investigates the apparent suicide of a fading porn star in 1970s Los Angeles and uncovers a conspiracy.,"Chris’s own number at last: 4.5, filed as comedy on his call. Was carried in second-hand at 5.",R,
Thor: Ragnarok,2017,Action-comedy,4.8,4.8,Family,Rated,Marvel,Disney Plus,2026-10-03,,,,284053,posters/284053.jpg,131,"Thor is imprisoned on the other side of the universe and finds himself in a race against time to get back to Asgard to stop Ragnarok, the destruction of his home-world and the end of Asgardian civilization, at the hands of a powerful new threat, the ruthless Hela.",,PG-13,
The Hitchhiker's Guide to the Galaxy,2005,Action-comedy,4.3,4.3,Family,Rated,British Absurd,,2026-10-03,,,,7453,posters/7453.jpg,109,"Mere seconds before the Earth is to be demolished by an alien construction crew, Arthur Dent is swept off the planet by his friend Ford Prefect, a researcher penning a new edition of ""The Hitchhiker's Guide to the Galaxy.""",,PG,
Guardians of the Galaxy Vol. 1,2014,Action-comedy,4.7,4.7,Family,Rated,Marvel,Disney Plus,2026-10-03,,,,118340,posters/118340.jpg,121,"Light years from Earth, 26 years after being abducted, Peter Quill finds himself the prime target of a manhunt after discovering an orb wanted by Ronan the Accuser.",Second-highest Marvel score after Vol. 3 at 4.9.,PG-13,
Shaun of the Dead,2004,Action-comedy,3.8,3.8,Solo,Rated,Cornetto,Rent: Apple TV Store,2026-10-03,,,,747,posters/747.jpg,99,"Shaun lives a supremely uneventful life, which revolves around his girlfriend, his mother, and, above all, his local pub. This gentle routine is threatened when the dead return to life and make strenuous attempts to snack on ordinary Londoners.",Referenced as loved. Needs a number.,R,
Doctor Strange,2016,Action-comedy,4.3,4.3,Family,Rated,Marvel,Disney Plus,2026-10-03,,,,284052,posters/284052.jpg,115,"After his career is destroyed, a brilliant but arrogant surgeon gets a new lease on life when a sorcerer takes him under her wing and trains him to defend the world against evil.",,PG-13,
Doctor Strange in the Multiverse of Madness,2022,Action-comedy,4.5,4.5,Family,Rated,Marvel,Disney Plus,2026-10-03,,,,453395,posters/453395.jpg,126,"Doctor Strange, with the help of mystical allies both old and new, traverses the mind-bending and dangerous alternate realities of the Multiverse to confront a mysterious new adversary.",,PG-13,
Guardians of the Galaxy Vol. 3,2023,Action-comedy,4.9,4.9,Family,Rated,Marvel,Disney Plus,2026-10-03,,,,447365,posters/447365.jpg,150,"Peter Quill, still reeling from the loss of Gamora, must rally his team around him to defend the universe along with protecting one of their own. A mission that, if not completed successfully, could quite possibly lead to the end of the Guardians as we know them.",Highest-rated Marvel film in the library. Rocket’s origin.,PG-13,
In Bruges,2008,Action-comedy,,,Queue,Watchlist,Irish Lane,,2026-10-03,,,,8321,posters/8321.jpg,108,"Ray and Ken, two hit men, are in Bruges, Belgium, waiting for their next mission. While they are there they have time to think and discuss their previous assignment. When the mission is revealed to Ken, it is not what he expected.","Repeatedly recommended, never actioned.",R,
Kiss Kiss Bang Bang,2005,Action-comedy,,,Queue,Watchlist,Shane Black,"HBO Max, Universal+ Amazon Channel",2026-10-03,,,,5236,posters/5236.jpg,103,A petty thief posing as an actor is brought to Los Angeles for an unlikely audition and finds himself in the middle of a murder investigation along with his high school dream girl and a detective who's been training him for his upcoming role...,,R,
Hot Fuzz,2007,Action-comedy,4.2,4.2,Queue,Rated,Cornetto,Amazon Prime Video,2026-10-03,,,,4638,posters/4638.jpg,121,"Former London constable Nicholas Angel finds it difficult to adapt to his new assignment in the sleepy British village of Sandford. Not only does he miss the excitement of the big city, but he also has a well-meaning oaf for a partner. However, when a series of grisly accidents rocks Sandford, Angel smells something rotten in the idyllic village.","Was on the queue as unseen. Rated in the sheet 2026-10-03, so it has been watched.",R,
The World's End,2013,Action-comedy,4,4,Queue,Rated,Cornetto,Rent: Apple TV Store,2026-10-03,,,,107985,posters/107985.jpg,109,Five friends who reunite in an attempt to top their epic pub crawl from 20 years earlier unwittingly become humankind's only hope for survival.,"Was on the queue as unseen. Rated in the sheet 2026-10-03, so it has been watched.",R,
Men in Black,1997,Action-comedy,4.1,4.1,Queue,Rated,Classic Canon,Sony One Amazon Channel,2026-10-03,,,,607,posters/607.jpg,98,"After a police chase with an otherworldly being, a New York City cop is recruited as an agent in a top-secret organization established to monitor and police alien activity on Earth: the Men in Black. Agent K and new recruit Agent J find themselves in the middle of a deadly plot by an intergalactic terrorist who has arrived on Earth to assassinate two ambassadors from opposing galaxies.","Was on the queue as unseen. Rated in the sheet 2026-10-03, so it has been watched.",PG-13,
Galaxy Quest,1999,Action-comedy,3.8,3.8,Queue,Rated,British Absurd,"Rent: Apple TV Store, Google Play Movies",2026-10-03,,,,926,posters/926.jpg,102,"For four years, the courageous crew of the NSEA Protector —  Commander Peter Quincy Taggart, Lieutenant Tawny Madison, and Doctor Lazarus — set off on a thrilling and often dangerous mission in space... until their series was cancelled! Now, twenty years later, aliens under attack have mistaken the Galaxy Quest television transmissions for ""historical documents"" and beam up the crew of has-been actors to save the universe. With no script, no director, and no clue, the actors must turn in the performances of their lives.","Was on the queue as unseen. Rated in the sheet 2026-10-03, so it has been watched.",PG,
Kingsman: The Secret Service,2014,Action,4.5,4.5,Date Night,Rated,Action,Disney Plus,2026-10-03,,,,207703,posters/207703.jpg,129,The story of a super-secret spy organization that recruits an unrefined but promising street kid into the agency's ultra-competitive training program just as a global threat emerges from a twisted tech genius.,“Great action movie. Really enjoyed that one.” First one only.,R,
Interstellar,2014,Sci-fi,4.8,4.8,Family,Rated,Space & Science,"Amazon Prime Video, HBO Max",2026-10-03,,,,157336,posters/157336.jpg,169,The adventures of a group of explorers who make use of a newly discovered wormhole to surpass the limitations on human space travel and conquer the vast distances involved in an interstellar voyage.,"Confirmed 2026-10-03: 5, watched with the boys, ""slightly over their heads"" and they still enjoyed it. An earlier pass in the thread said 4.5.",PG-13,
Inception,2010,Sci-fi,4.8,4.8,Date Night,Rated,Mind-Bender,HBO Max,2026-10-03,,,,27205,posters/27205.jpg,148,"Cobb, a skilled thief who commits corporate espionage by infiltrating the subconscious of his targets is offered a chance to regain his old life as payment for a task considered to be impossible: ""inception"", the implantation of another person's idea into a target's subconscious.",,PG-13,
The Martian,2015,Sci-fi,4.8,4.8,Family,Rated,Space & Science,Disney Plus,2026-10-03,,,,286217,posters/286217.jpg,141,"During a manned mission to Mars, Astronaut Mark Watney is presumed dead after a fierce storm and left behind by his crew. But Watney has survived and finds himself stranded and alone on the hostile planet. With only meager supplies, he must draw upon his ingenuity, wit and spirit to subsist and find a way to signal to Earth that he is alive.",“That movie was fantastic. The boys really loved it.” The gateway film.,PG-13,
Project Hail Mary,2026,Sci-fi,4.8,4.8,Queue,Rated,Space & Science,Amazon Prime Video,2026-10-03,,,,687163,posters/687163.jpg,157,"Science teacher Ryland Grace wakes up on a spaceship light years from home with no recollection of who he is or how he got there. As his memory returns, he begins to uncover his mission: solve the riddle of the mysterious substance causing the sun to die out. He must call on his scientific knowledge and unorthodox ideas to save everything on Earth from extinction.","Loves the book. Film in theatres. Listed among films he loves, which is the book talking. Was on the queue as unseen. Rated in the sheet 2026-10-03, so it has been watched.",PG-13,
Arrival,2016,Sci-fi,4.6,4.6,Date Night,Rated,Mind-Bender,"HBO Max, Universal+ Amazon Channel",2026-10-03,,,,329865,posters/329865.jpg,116,"Taking place after alien crafts land around the world, an expert linguist is recruited by the military to determine whether they come in peace or are a threat.",The closest thing to Interstellar on the queue.,PG-13,
Ex Machina,2015,Sci-fi,,,Queue,Watchlist,Mind-Bender,HBO Max,2026-10-03,,,,264660,posters/264660.jpg,108,"Caleb, a coder at the world's largest internet company, wins a competition to spend a week at a private mountain retreat belonging to Nathan, the reclusive CEO of the company. But when Caleb arrives at the remote location he finds that he will have to participate in a strange and fascinating experiment in which he must interact with the world's first true artificial intelligence, housed in the body of a beautiful robot girl.",,R,
Edge of Tomorrow,2014,Sci-fi,4.8,4.8,Household,Rated,Time & Second Chances,"Netflix, Amazon Prime Video, HBO Max",2026-10-03,,,,137113,posters/137113.jpg,114,"Major Bill Cage is an officer who has never seen a day of combat when he is unceremoniously demoted and dropped into combat. Cage is killed within minutes, managing to take an alpha alien down with him. He awakens back at the beginning of the same day and is forced to fight and die again... and again - as physical contact with the alien has thrown him into a time loop.","Was recorded as unseen; Chris rated it 2026-10-03, so the library had it wrong.",PG-13,
Looper,2012,Sci-fi,4.1,4.1,Queue,Rated,Time & Second Chances,Rent: Google Play Movies,2026-10-03,,,,59967,posters/59967.jpg,118,"In the year 2044, time travel has not yet been invented but in 30 years it will have been. When the mob wants to get rid of someone, they will send their target into the past where a looper, a hired gun, like Joe is waiting to mop up. Joe is getting rich and life is good until the day the mob decides to close the loop, sending back Joe's future self for assassination.","Was on the queue as unseen. Rated in the sheet 2026-10-03, so it has been watched.",R,
Source Code,2011,Sci-fi,,,Queue,Watchlist,Time & Second Chances,Universal+ Amazon Channel,2026-10-03,,,,45612,posters/45612.jpg,93,"When decorated soldier Captain Colter Stevens wakes up in the body of an unknown man, he discovers he's part of a mission to find the bomber of a Chicago commuter train.",,PG-13,
Coherence,2013,Sci-fi,,,Queue,Watchlist,Mind-Bender,"Rent: Apple TV Store, Google Play Movies",2026-10-03,,,,220289,posters/220289.jpg,89,Four couples gather for dinner the night a mysterious and powerful comet passes overhead.,,NR,
Annihilation,2018,Sci-fi,,,Queue,Watchlist,Mind-Bender,"Rent: Apple TV Store, Google Play Movies",2026-10-03,,,,300668,posters/300668.jpg,115,"A biologist signs up for a dangerous, secret expedition into a mysterious zone where the laws of nature don't apply.",,R,
The Iron Giant,1999,Animated / family,4.8,4.8,Family,Rated,Choose Who You Are,"Rent: Apple TV Store, Google Play Movies",2026-10-03,,,,10386,posters/10386.jpg,86,"In the small town of Rockwell, Maine in October 1957, a giant metal machine befriends a nine-year-old boy and ultimately finds its humanity by unselfishly saving people from their own fears and prejudices.",“You are who you choose to be.”,PG,
Wolfwalkers,2020,Animated / family,4.5,4.5,Family,Rated,Irish Lane,Apple TV,2026-10-03,,,,441130,posters/441130.jpg,102,"In a time of superstition and magic, when wolves are seen as demonic and nature an evil to be tamed, a young apprentice hunter comes to Ireland with her father to wipe out the last pack. But when she saves a wild native girl, their friendship leads her to discover the world of the Wolfwalkers and transform her into the very thing her father is tasked to destroy.",Cartoon Saloon.,PG,
The Secret of Kells,2009,Animated / family,,,Queue,Watchlist,Irish Lane,,2026-10-03,,,,26963,posters/26963.jpg,79,"Adventure awaits 12 year old Brendan who must fight Vikings and a serpent god to find a crystal and complete the legendary Book of Kells. In order to finish Brother Aiden's book, Brendan must overcome his deepest fears on a secret quest that will take him beyond the abbey walls and into the enchanted forest where dangerous mythical creatures hide. Will Brendan succeed in his quest?","Cartoon Saloon, the film that started the studio.",NR,
How to Train Your Dragon,2010,Animated / family,4,4,Family,Rated,Animated Family,"Amazon Prime Video, HBO Max",2026-10-03,,,,10191,posters/10191.jpg,98,"As the son of a Viking leader on the cusp of manhood, shy Hiccup Horrendous Haddock III faces a rite of passage: he must kill a dragon to prove his warrior mettle. But after downing a feared dragon, he realizes that he no longer wants to destroy it, and instead befriends the beast – which he names Toothless – much to the chagrin of his warrior father.",Boys loved it.,PG,
Puss in Boots: The Last Wish,2022,Animated / family,4.9,4.9,Family,Rated,Animated Family,Universal+ Amazon Channel,2026-10-03,,,,315162,posters/315162.jpg,103,"Puss in Boots discovers that his passion for adventure has taken its toll: He has burned through eight of his nine lives, leaving him with only one life left. Puss sets out on an epic journey to find the mythical Last Wish and restore his nine lives.",,PG,
The Mitchells vs. the Machines,2021,Animated / family,4,4,Family,Rated,Animated Family,"Netflix, Universal+ Amazon Channel",2026-10-03,,,,501929,posters/501929.jpg,110,"A quirky, dysfunctional family's road trip is upended when they find themselves in the middle of the robot apocalypse and suddenly become humanity's unlikeliest last hope.",,PG,
Nimona,2023,Animated / family,4,4,Family,Rated,Animated Family,Netflix,2026-10-03,,,,961323,posters/961323.jpg,99,"A knight framed for a tragic crime teams with a scrappy, shape-shifting teen to prove his innocence.",,PG,
The Wild Robot,2024,Animated / family,4,4,Family,Rated,Animated Family,Amazon Prime Video,2026-10-03,,,,1184918,posters/1184918.jpg,102,"After a shipwreck, an intelligent robot called Roz is stranded on an uninhabited island. To survive the harsh environment, Roz bonds with the island's animals and cares for an orphaned baby goose.",,PG,
The Sea Beast,2022,Animated / family,3.5,3.5,Family,Rated,Animated Family,Netflix,2026-10-03,,,,560057,posters/560057.jpg,115,"When a young girl stows away on the ship of a legendary sea monster hunter, they launch an epic journey into uncharted waters — and make history to boot.",,PG,
Wish Dragon,2021,Animated / family,4,4,Family,Rated,Animated Family,Netflix,2026-10-03,,,,550205,posters/550205.jpg,99,Determined teen Din is longing to reconnect with his childhood best friend when he meets a wish-granting dragon who shows him the magic of possibilities.,,PG,
Elemental,2023,Animated / family,4.5,4.5,Family,Rated,Animated Family,Disney Plus,2026-10-03,,,,976573,posters/976573.jpg,102,"In a city where fire, water, land and air residents live together, a fiery young woman and a go-with-the-flow guy will discover something elemental: how much they have in common.",,PG,
Raya and the Last Dragon,2021,Animated / family,4.5,4.5,Family,Rated,Animated Family,Disney Plus,2026-10-03,,,,527774,posters/527774.jpg,107,"Long ago, in the fantasy world of Kumandra, humans and dragons lived together in harmony. But when an evil force threatened the land, the dragons sacrificed themselves to save humanity. Now, 500 years later, that same evil has returned and it’s up to a lone warrior, Raya, to track down the legendary last dragon to restore the fractured land and its divided people.",,PG,
Strange World,2022,Animated / family,4,4,Family,Rated,Animated Family,Disney Plus,2026-10-03,,,,877269,posters/877269.jpg,102,"A journey deep into an uncharted and treacherous land, where fantastical creatures await the legendary Clades—a family of explorers whose differences threaten to topple their latest, and by far most crucial, mission.",,PG,
Big Hero 6,2014,Animated / family,4.5,4.5,Family,Rated,Animated Family,Disney Plus,2026-10-03,,,,177572,posters/177572.jpg,102,"A special bond develops between plus-sized inflatable robot Baymax, and prodigy Hiro Hamada, who team up with a group of friends to form a band of high-tech heroes.",,PG,
The Bad Guys 2,2025,Animated / family,4,4,Family,Rated,Animated Family,HBO Max,2026-10-03,,,,1175942,posters/1175942.jpg,104,"The now-reformed Bad Guys are trying (very, very hard) to be good, but instead find themselves hijacked into a high-stakes, globe-trotting heist, masterminded by a new team of criminals they never saw coming: The Bad Girls.",,PG,
Treasure Planet,2002,Animated / family,3,3,Family,Rated,Animated Family,Disney Plus,2026-10-03,,,,9016,posters/9016.jpg,96,"When space galleon cabin boy Jim Hawkins discovers a map to an intergalactic ""loot of a thousand worlds,"" a cyborg cook named John Silver teaches him to battle supernovas and space storms on their journey to find treasure.",,PG,
Atlantis: The Lost Empire,2001,Animated / family,3,3,Family,Rated,Animated Family,Disney Plus,2026-10-03,,,,10865,posters/10865.jpg,95,A young linguist named Milo Thatch joins an intrepid group of explorers to find the mysterious lost continent of Atlantis.,,PG,
The Emperor's New Groove,2000,Animated / family,3.5,3.5,Family,Rated,Animated Family,Disney Plus,2026-10-03,,,,11688,posters/11688.jpg,78,"When the self‑absorbed Emperor Kuzco is accidentally transformed into a llama, he must rely on a humble villager to survive the jungle and reclaim his throne.",,G,
Moana 2,2024,Animated / family,4,4,Family,Rated,Animated Family,Disney Plus,2026-10-03,,,,1241982,posters/1241982.jpg,100,"After receiving an unexpected call from her wayfinding ancestors, Moana journeys alongside Maui and a new crew to the far seas of Oceania and into dangerous, long-lost waters for an adventure unlike anything she's ever faced.",,PG,
"The Boy, the Mole, the Fox and the Horse",2022,Animated / family,4.8,4.8,Family,Rated,Animated Family,Apple TV,2026-10-03,,,,995133,posters/995133.jpg,35,"The unlikely friendship of a boy, a mole, a fox and a horse traveling together in the boy's search for home.",,G,
Soul,2020,Animated / family,5,5,Family,Rated,Animated Family,Disney Plus,2026-10-03,,,,508442,posters/508442.jpg,101,"Joe Gardner is a middle school teacher with a love for jazz music. After a successful audition at the Half Note Club, he suddenly gets into an accident that separates his soul from his body and is transported to the You Seminar, a center in which souls develop and gain passions before being transported to a newborn child. Joe must enlist help from the other souls-in-training, like 22, a soul who has spent eons in the You Seminar, in order to get back to Earth.",,PG,
Luca,2021,Animated / family,4.3,4.3,Family,Rated,Animated Family,Disney Plus,2026-10-03,,,,508943,posters/508943.jpg,95,Luca and his best friend Alberto experience an unforgettable summer on the Italian Riviera. But all the fun is threatened by a deeply-held secret: they are sea monsters from another world just below the water’s surface.,,PG,
Turning Red,2022,Animated / family,3.5,3.5,Family,Rated,Animated Family,Disney Plus,2026-10-03,,,,508947,posters/508947.jpg,100,"Thirteen-year-old Mei is experiencing the awkwardness of being a teenager with a twist – when she gets too excited, she transforms into a giant red panda.",,PG,
Encanto,2021,Animated / family,4.8,4.8,Family,Rated,Animated Family,Disney Plus,2026-10-03,,,,568124,posters/568124.jpg,102,"The tale of an extraordinary family, the Madrigals, who live hidden in the mountains of Colombia, in a magical house, in a vibrant town, in a wondrous, charmed place called an Encanto. The magic of the Encanto has blessed every child in the family—every child except one, Mirabel. But when she discovers that the magic surrounding the Encanto is in danger, Mirabel decides that she, the only ordinary Madrigal, might just be her exceptional family's last hope.",,PG,
Kubo and the Two Strings,2016,Animated / family,4.5,4.5,Family,Rated,Animated Family,Universal+ Amazon Channel,2026-10-03,,,,313297,posters/313297.jpg,102,"Kubo mesmerizes the people in his village with his magical gift for spinning wild tales with origami. When he accidentally summons an evil spirit seeking vengeance, Kubo is forced to go on a quest to solve the mystery of his fallen samurai father and his mystical weaponry, as well as discover his own magical powers.",,PG,
Paddington,2014,Animated / family,4.7,4.7,Family,Rated,Animated Family,"Rent: Apple TV Store, Google Play Movies",2026-10-03,,,,116149,posters/116149.jpg,95,"A young Peruvian bear travels to London in search of a home. Finding himself lost and alone at Paddington Station, he meets the kindly Brown family, who offer him a temporary haven.",,PG,
Paddington 2,2017,Animated / family,4.8,4.8,Family,Rated,Animated Family,"Amazon Prime Video, Universal+ Amazon Channel",2026-10-03,,,,346648,posters/346648.jpg,104,"Paddington, now happily settled with the Browns, picks up a series of odd jobs to buy the perfect present for his Aunt Lucy, but it is stolen.",,PG,
Paddington in Peru,2024,Animated / family,4,4,Family,Rated,Animated Family,Amazon Prime Video,2026-10-03,,,,516729,posters/516729.jpg,106,"Paddington travels to Peru to visit his beloved Aunt Lucy, who now resides at the Home for Retired Bears. With the Brown Family in tow, a thrilling adventure ensues when a mystery plunges them into an unexpected journey through the Amazon rainforest and up to the mountain peaks of Peru.",,PG,
Over the Moon,2020,Animated / family,4,4,Family,Rated,Animated Family,Netflix,2026-10-03,,,,560050,posters/560050.jpg,95,"Fueled by memories of her mother, resourceful Fei Fei builds a rocket to the moon on a mission to prove the existence of a legendary moon goddess.",,PG,
Luck,2022,Animated / family,4.5,4.5,Family,Rated,Animated Family,Apple TV,2026-10-03,,,,585511,posters/585511.jpg,105,"Suddenly finding herself in the never-before-seen Land of Luck, the unluckiest person in the world must unite with the magical creatures there to turn her luck around.",Apple TV.,G,
Finding Nemo,2003,Animated / family,4.5,4.5,Family,Rated,Animated Family,Disney Plus,2026-10-03,,,,12,posters/12.jpg,100,"Nemo, an adventurous young clownfish, is unexpectedly taken from his Great Barrier Reef home to a dentist's office aquarium. It's up to his worrisome father Marlin and a friendly but forgetful fish Dory to bring Nemo home -- meeting vegetarian sharks, surfer dude turtles, hypnotic jellyfish, hungry seagulls, and more along the way.",,G,
Finding Dory,2016,Animated / family,4.5,4.5,Family,Rated,Animated Family,Disney Plus,2026-10-03,,,,127380,posters/127380.jpg,97,Dory is reunited with her friends Nemo and Marlin in the search for answers about her past. What can she remember? Who are her parents? And where did she learn to speak Whale?,,PG,
Wreck-It Ralph,2012,Animated / family,4,4,Family,Rated,Animated Family,Disney Plus,2026-10-03,,,,82690,posters/82690.jpg,101,"Wreck-It Ralph is the 9-foot-tall, 643-pound villain of an arcade video game named Fix-It Felix Jr., in which the game's titular hero fixes buildings that Ralph destroys. Wanting to prove he can be a good guy and not just a villain, Ralph escapes his game and lands in Hero's Duty, a first-person shooter where he helps the game's hero battle against alien invaders. He later enters Sugar Rush, a kart racing game set on tracks made of candies, cookies and other sweets. There, Ralph meets Vanellope von Schweetz who has learned that her game is faced with a dire threat that could affect the entire arcade, and one that Ralph may have inadvertently started.",,PG,
Kung Fu Panda,2008,Animated / family,4,4,Family,Rated,Animated Family,"Amazon Prime Video, HBO Max",2026-10-03,,,,9502,posters/9502.jpg,90,"Chosen by prophecy but doubted by all, Po is an unlikely choice for the mystical title of the Dragon Warrior—a clumsy panda thrust into the world of kung fu as a deadly enemy threatens the Valley of Peace. Under reluctant guidance by Master Shifu and the Furious Five, Po must embrace who he is to unlock the power that no scroll can teach.",,PG,
The Book of Life,2014,Animated / family,4.5,4.5,Family,Rated,Animated Family,Disney Plus,2026-10-03,,,,228326,posters/228326.jpg,95,"The journey of Manolo, a young man who is torn between fulfilling the expectations of his family and following his heart. Before choosing which path to follow, he embarks on an incredible adventure that spans fantastical worlds where he must face his greatest fears.",,PG,
The Spiderwick Chronicles,2008,Adventure,4.5,4.5,Family,Rated,Family Adventure,Netflix,2026-10-03,,,,8204,posters/8204.jpg,95,"Upon moving into the run-down Spiderwick Estate with their mother, twin brothers Jared and Simon Grace, along with their sister Mallory, find themselves pulled into an alternate world full of faeries and other creatures.",,PG,
A Monster Calls,2016,Adventure,4.5,4.5,Family,Rated,Family Adventure,"Rent: Apple TV Store, Google Play Movies",2026-10-03,,,,258230,posters/258230.jpg,108,12-year-old Conor encounters an ancient tree monster who proceeds to help him cope with his mother's terminal illness and being bullied in school.,,PG-13,
The BFG,2016,Adventure,3.5,3.5,Family,Rated,Family Adventure,,2026-10-03,,,,267935,posters/267935.jpg,117,"An orphan little girl befriends a benevolent giant who takes her to Giant Country, where they attempt to stop the man-eating giants that are invading the human world.",,PG,
The House with a Clock in Its Walls,2018,Adventure,3.5,3.5,Family,Rated,Family Adventure,HBO Max,2026-10-03,,,,463821,posters/463821.jpg,105,"When ten-year-old Lewis is suddenly orphaned, he is sent to live with his Uncle Jonathan in a creaky (and creepy) old mansion with a mysterious ticking noise that emanates from the walls. Upon discovering that his uncle is a warlock, Lewis begins learning magic, but when he rebelliously resurrects an evil warlock he must find the secret of the house and save the world from destruction.",,PG,
Stardust,2007,Adventure,4.1,4.1,Family,Rated,Family Adventure,"Rent: Apple TV Store, Google Play Movies",2026-10-03,,,,2270,posters/2270.jpg,127,"In a countryside town bordering on a magical land, a young man makes a promise to his beloved that he'll retrieve a fallen star by venturing into the magical realm. His journey takes him into a world beyond his wildest dreams and reveals his true identity.","The 2007 film with Robert De Niro. ""Pixie and I love it. So did the boys.""",PG-13,
Song of the Sea,2014,Animated / family,,,Queue,Watchlist,Irish Lane,"Rent: Apple TV Store, Google Play Movies",2026-10-03,,,,110416,posters/110416.jpg,94,"The story of the last Seal Child’s journey home. After their mother’s disappearance, Ben and Saoirse are sent to live with Granny in the city. When they resolve to return to their home by the sea, their journey becomes a race against time as they are drawn into a world Ben knows only from his mother’s folktales. But this is no bedtime story; these fairy folk have been in our world far too long. It soon becomes clear to Ben that Saoirse is the key to their survival.","Cartoon Saloon, same studio as Wolfwalkers and Secret of Kells.",PG,
The Breadwinner,2017,Animated / family,,,Queue,Watchlist,Irish Lane,Amazon Prime Video,2026-10-03,,,,435129,posters/435129.jpg,94,"A headstrong young girl in Afghanistan, ruled by the Taliban, disguises herself as a boy in order to provide for her family.",Cartoon Saloon.,PG-13,
The Secret Garden,2020,Adventure,,,Queue,Watchlist,Family Adventure,"Rent: Apple TV Store, Google Play Movies",2026-10-03,,,,521034,posters/521034.jpg,100,"Mary Lennox is born in India to wealthy British parents who never wanted her. When her parents suddenly die, she is sent back to England to live with her uncle. She meets her sickly cousin, and the two children find a wondrous secret garden lost in the grounds of Misselthwaite Manor.",,PG,
The Princess Bride,1987,Adventure,5,5,Family,Rated,80s Nostalgia,Rent: Apple TV Store,2026-10-03,,,,2493,posters/2493.jpg,99,"In this enchantingly cracked fairy tale, the beautiful Princess Buttercup and the dashing Westley must overcome staggering odds to find happiness amid six-fingered swordsmen, murderous princes, Sicilians and rodents of unusual size. But even death can't stop these true lovebirds from triumphing.",,PG,
Labyrinth,1986,Adventure,3.5,3.5,Family,Rated,80s Nostalgia,Universal+ Amazon Channel,2026-10-03,,,,13597,posters/13597.jpg,101,"Frustrated with babysitting on yet another weekend night, Sarah, a teenager with an active imagination, summons the Goblins to take her baby stepbrother away. When little Toby actually disappears, Sarah must follow him into a fantastical world to rescue him from the Goblin King. Guarding his castle is the labyrinth itself, a twisted maze of deception, populated with outrageous characters and unknown dangers.",,PG,
Flight of the Navigator,1986,Adventure,3.5,3.5,Family,Rated,80s Nostalgia,,2026-10-03,,,,10122,posters/10122.jpg,90,"12-year-old David is accidentally knocked out in the forest near his home, but when he awakens eight years have passed. His family is overjoyed to have him back, but is just as perplexed as he is that he hasn't aged. When a NASA scientist discovers a UFO nearby, David gets the chance to unravel the mystery and recover the life he lost.",Chris noted it does not show up on Disney+ at all when he looks.,PG,carry
The NeverEnding Story,1984,Adventure,4.5,4.5,Family,Rated,80s Nostalgia,Rent: Apple TV Store,2026-10-03,,,,34584,posters/34584.jpg,101,"While hiding from bullies in his school's attic, a young boy discovers the extraordinary land of Fantasia, through a magical book called The Neverending Story. The book tells the tale of Atreyu, a young warrior who, with the help of a luck dragon named Falkor, must save Fantasia from the destruction of The Nothing.",,PG,
Willow,1988,Adventure,3,3,Family,Rated,80s Nostalgia,Disney Plus,2026-10-03,,,,847,posters/847.jpg,126,"The evil Queen Bavmorda hunts the newborn princess Elora Danan, a child prophesied to bring about her downfall. When the royal infant is found by Willow, a timid farmer and aspiring sorcerer, he's entrusted with delivering her from evil.",,PG,
The Sandlot,1993,Adventure,4.8,4.8,Family,Rated,80s Nostalgia,Disney Plus,2026-10-03,,,,11528,posters/11528.jpg,101,"During a summer of friendship and adventure, one boy becomes a part of the gang, nine boys become a team and their leader becomes a legend by confronting the terrifying mystery beyond the right field wall.",,PG,
Short Circuit,1986,Adventure,3.5,3.5,Family,Rated,80s Nostalgia,,2026-10-03,,,,2605,posters/2605.jpg,98,"After a lightning bolt zaps a robot named Number 5, the lovable machine starts to think he's human and escapes the lab. Hot on his trail is his designer, Newton, who hopes to get to Number 5 before the military does. In the meantime, a spunky animal lover mistakes the robot for an alien and takes him in, teaching her new guest about life on Earth.",,PG,
WarGames,1983,Adventure,4,4,Family,Rated,80s Nostalgia,MUBI,2026-10-03,,,,860,posters/860.jpg,114,"High school student David Lightman has a talent for hacking. But while trying to hack into a computer system to play unreleased video games, he unwittingly taps into the Department of Defense's war computer and initiates a confrontation of global proportions. Together with his friend and a wizardly computer genius, David must race against time to outwit his opponent and prevent a nuclear Armageddon.",,PG,
Big,1988,Adventure,4.5,4.5,Family,Rated,80s Nostalgia,,2026-10-03,,,,2280,posters/2280.jpg,104,"When a young boy makes a wish at a carnival machine to be big, he wakes up the following morning to find that it has been granted and his body has grown older overnight, but he is still the same 13-year-old boy inside. Now he must learn how to cope with the unfamiliar world of grown-ups, including getting a job and having his first romantic encounter with a woman.",,PG,
Explorers,1985,Adventure,3,3,Solo,Rated,80s Nostalgia,Rent: Google Play Movies,2026-10-03,,,,9872,posters/9872.jpg,109,"Middle schooler Ben spends his free time watching sci-fi films, playing video games and reading comic books. Surprisingly, his affinity for all things fantastical yields a real result – when he has a vivid dream about technology, his prodigy best friend Wolfgang manages to create a working spacecraft. Joined by their buddy Darren, the boys take off into outer space and encounter some very odd extraterrestrial life.",Not yet seen with the kids.,PG,
Back to the Future Part III,1990,Sci-fi,2.5,2.5,Family,Rated,80s Nostalgia,"HBO Max, Universal+ Amazon Channel",2026-10-03,,,,196,posters/196.jpg,119,"The final installment finds Marty digging the trusty DeLorean out of a mineshaft and looking for Doc in the Wild West of 1885. But when their time machine breaks down, the travelers are stranded in a land of spurs. More problems arise when Doc falls for pretty schoolteacher Clara Clayton, and Marty tangles with Buford Tannen.","The only sub-3 film in the library. ""Love them all except for number three of course.""",PG,
Holes,2003,Adventure,3.5,3.5,Family,Rated,Kid Sport,Disney Plus,2026-10-03,,,,8326,posters/8326.jpg,117,"After being wrongfully convicted for stealing a pair of shoes, Stanley Yelnats is sent away to Camp Green Lake, a boys detention facility where inmates are forced to dig holes all day in the hot desert sun as a form of character building. As he endures the brutal routine, Stanley begins to uncover a hidden truth behind the camp—one that connects to a dangerous secret and his family’s history.",,PG,
The Mighty Ducks,1992,Adventure,3.5,3.5,Family,Rated,Kid Sport,Disney Plus,2026-10-03,,,,10414,posters/10414.jpg,101,"After reckless young lawyer Gordon Bombay gets arrested for drunk driving, he must coach a kids hockey team for his community service. Gordon has experience on the ice, but isn't eager to return to hockey, a point hit home by his tense dealings with his own former coach, Jack Reilly. The reluctant Gordon eventually grows to appreciate his team, which includes promising young Charlie Conway, and leads them to take on Reilly's tough players.",,PG,
Rookie of the Year,1993,Adventure,4,4,Family,Rated,Kid Sport,Disney Plus,2026-10-03,,,,21845,posters/21845.jpg,103,"When the cast comes off his once broken arm, a 12-year-old boy can throw a 100-mile-an-hour fastball, and the Chicago Cubs want him as their new pitcher.",,PG,
Angels in the Outfield,1994,Adventure,3,3,Family,Rated,Kid Sport,,2026-10-03,,,,24795,posters/24795.jpg,103,"Roger is a foster child whose irresponsible father promises to get his act together when Roger's favourite baseball team, the California Angels, wins the pennant. The problem is that the Angels are in last place, so Roger prays for help to turn the team around. Sure enough, his prayers are answered in the form of angel Al.",,PG,
Heavyweights,1995,Adventure,3,3,Family,Rated,Kid Sport,Disney Plus,2026-10-03,,,,14819,posters/14819.jpg,97,"Camp Hope is a summer retreat for overweight boys run by a kindly couple who make the campers feel comfortable with their extra pounds. But when tyrannical fitness guru Tony buys the camp, he puts the kids on a cruel regimen that goes too far. Sick of the endless weeks of ""all work and no play,"" the kids stage a coup and reclaim their summer of fun.",,PG,
The Rocketeer,1991,Adventure,3.5,3.5,Family,Rated,Kid Sport,Disney Plus,2026-10-03,,,,10249,posters/10249.jpg,108,"A stunt pilot comes across a prototype jetpack that gives him the ability to fly. However, evil forces of the world also want this jetpack at any cost.",,PG,
Spy Kids,2001,Adventure,3,3,Family,Rated,Kid Sport,Rent: Apple TV Store,2026-10-03,,,,10054,posters/10054.jpg,88,"Carmen and Juni think their parents are boring. Little do they know that in their day, Gregorio and Ingrid Cortez were the top secret agents from their respective countries. They gave up that life to raise their children. Now, the disappearances of several of their old colleagues forces the Cortez' return from retirement. What they didn't count on was Carmen and Juni joining the ""family business.""",,PG,
Swiss Family Robinson,1960,Adventure,3,3,Solo,Rated,Family Adventure,Disney Plus,2026-10-03,,,,18444,posters/18444.jpg,126,"After being shipwrecked, the Robinson family is marooned on an island inhabited only by an impressive array of wildlife. In true pioneer spirit, they quickly make themselves at home but soon face a danger even greater than nature: dastardly pirates.","Chris has seen it, the family has not.",G,
Bedknobs and Broomsticks,1971,Adventure,3,3,Solo,Rated,Family Adventure,Disney Plus,2026-10-03,,,,12335,posters/12335.jpg,117,Three children evacuated from London during World War II are forced to stay with an eccentric spinster. The children's initial fears disappear when they find out she is in fact a trainee witch.,"Chris has seen it, the family has not.",G,
Klaus,2019,Animated / family,3,3,Family,Rated,Christmas,Netflix,2026-10-03,,,,508965,posters/508965.jpg,97,"A selfish postman and a reclusive toymaker form an unlikely friendship, delivering joy to a cold, dark town that desperately needs it.",,PG,
8-Bit Christmas,2021,Comedy,4.5,4.5,Family,Rated,Christmas,,2026-10-03,,,,802217,posters/802217.jpg,98,"In suburban Chicago during the late 1980s, ten-year-old Jake Doyle embarks on a herculean quest to get the latest and greatest video game system for Christmas.",,PG,
Elf,2003,Comedy,5,5,Family,Rated,Christmas,Amazon Prime Video,2026-10-03,,,,10719,posters/10719.jpg,97,"When young Buddy falls into Santa's gift sack on Christmas Eve, he's transported back to the North Pole and raised as a toy-making elf by Santa's helpers. But as he grows into adulthood, he can't shake the nagging feeling that he doesn't belong. Buddy vows to visit Manhattan and find his real dad, a workaholic.",,PG,
National Lampoon’s Christmas Vacation,1989,Comedy,4.5,4.5,Family,Rated,Christmas,"Rent: Apple TV Store, Google Play Movies",2026-10-03,,,,5825,posters/5825.jpg,97,"It's Christmastime, and the Griswolds are preparing for a family seasonal celebration. But things never run smoothly for Clark, his wife Ellen, and their two kids. Clark's continual bad luck is worsened by his obnoxious family guests, but he manages to keep going, knowing that his Christmas bonus is due soon.",,PG-13,
A Christmas Story,1983,Comedy,4.3,4.3,Family,Rated,Christmas,"Rent: Apple TV Store, Google Play Movies",2026-10-03,,,,850,posters/850.jpg,93,"The comic mishaps and adventures of a young boy named Ralph, trying to convince his parents, teachers, and Santa that a Red Ryder B.B. gun really is the perfect Christmas gift for the 1940s.","Updated 2026-10-04 through the app’s live save to the sheet, then pulled into the vault.",PG,
The Christmas Chronicles,2018,Comedy,4.5,4.5,Family,Rated,Christmas,Netflix,2026-10-03,,,,527435,posters/527435.jpg,104,"Siblings Kate and Teddy try to prove Santa Claus is real, but when they accidentally cause his sleigh to crash, they have to save Christmas.",,PG,
The Polar Express,2004,Drama,4,4,Family,Rated,Christmas,Universal+ Amazon Channel,2026-10-03,,,,5255,posters/5255.jpg,100,"When a doubting young boy takes an extraordinary train ride to the North Pole, he embarks on a journey of self-discovery that shows him that the wonder of life never fades for those who believe.",,G,
The Family Stone,2005,Drama,4.5,4.5,Family,Rated,Christmas,"Netflix, Disney Plus",2026-10-03,,,,9043,posters/9043.jpg,103,"An uptight, conservative businesswoman accompanies her boyfriend to his eccentric and outgoing family's annual Christmas celebration and finds that she's a fish out of water in their free-spirited way of life.",,PG-13,
The Family Man,2000,Drama,4.5,4.5,Family,Rated,Christmas,Amazon Prime Video,2026-10-03,,,,5994,posters/5994.jpg,125,"Jack's lavish, fast-paced lifestyle changes one Christmas night when he stumbles into a grocery store holdup and disarms the gunman. The next morning he wakes up in bed lying next to Kate, his college sweetheart he left in order to pursue his career, and to the horrifying discovery that his former life no longer exists. As he stumbles through this alternate suburban universe, Jack finds himself at a crossroad where he must choose between his high-power career and the woman he loves.",,PG-13,
Office Christmas Party,2016,Comedy,4.5,4.5,Date Night,Rated,Christmas,"Rent: Apple TV Store, Google Play Movies",2026-10-03,,,,384682,posters/384682.jpg,105,"When Carol Vanstone, CEO of the technology company Zenotek, expresses her intention to close the Chicago branch, run by her brother Clay, he and his co-workers organize a Christmas party in an effort to impress a potential client and save their jobs. But the party gets out of control…",Explicitly not for the boys.,R,
"UNIDENTIFIED Christmas film (""Beckett’s"")",,Comedy,,,Queue,Dropped,Christmas,,,,,,,,,,Dropped at Chris’s request 2026-10-03: he could not identify it either.,,
Thor: Love and Thunder,2022,Action-comedy,4.6,4.6,Family,Rated,Marvel,Disney Plus,2026-10-03,,,,616037,posters/616037.jpg,119,"After his retirement is interrupted by Gorr the God Butcher, a galactic killer who seeks the extinction of the gods, Thor Odinson enlists the help of King Valkyrie, Korg, and ex-girlfriend Jane Foster, who now wields Mjolnir as the Mighty Thor. Together they embark upon a harrowing cosmic adventure to uncover the mystery of the God Butcher’s vengeance and stop him before it’s too late.",,PG-13,
Ant-Man,2015,Action-comedy,4.4,4.4,Family,Rated,Marvel,Disney Plus,2026-10-03,,,,102899,posters/102899.jpg,117,"Armed with the astonishing ability to shrink in scale but increase in strength, master thief Scott Lang must embrace his inner-hero and help his mentor, Doctor Hank Pym, protect the secret behind his spectacular Ant-Man suit from a new generation of towering threats. Against seemingly insurmountable obstacles, Pym and Lang must plan and pull off a heist that will save the world.",,PG-13,
Black Panther,2018,Action-comedy,4.8,4.8,Family,Rated,Marvel,Disney Plus,2026-10-03,,,,284054,posters/284054.jpg,135,"King T'Challa returns home to the reclusive, technologically advanced African nation of Wakanda to serve as his country's new leader. However, T'Challa soon finds that he is challenged for the throne by factions within his own country as well as without. Using powers reserved to Wakandan kings, T'Challa assumes the Black Panther mantle to join with ex-girlfriend Nakia, the queen-mother, his princess-kid sister, members of the Dora Milaje (the Wakandan 'special forces') and an American secret agent, to prevent Wakanda from being dragged into a world war.",,PG-13,
The Avengers,2012,Action-comedy,4.6,4.6,Family,Rated,Marvel,Disney Plus,2026-10-03,,,,24428,posters/24428.jpg,143,"When an unexpected enemy emerges and threatens global safety and security, Nick Fury, director of the international peacekeeping agency known as S.H.I.E.L.D., finds himself in need of a team to pull the world back from the brink of disaster. Spanning the globe, a daring recruitment effort begins!",,PG-13,
Avengers: Infinity War,2018,Action-comedy,4.6,4.6,Family,Rated,Marvel,Disney Plus,2026-10-03,,,,299536,posters/299536.jpg,149,"As the Avengers and their allies have continued to protect the world from threats too large for any one hero to handle, a new danger has emerged from the cosmic shadows: Thanos. A despot of intergalactic infamy, his goal is to collect all six Infinity Stones, artifacts of unimaginable power, and use them to inflict his twisted will on all of reality. Everything the Avengers have fought for has led up to this moment - the fate of Earth and existence itself has never been more uncertain.",,PG-13,
Avengers: Endgame,2019,Action-comedy,4.8,4.8,Family,Rated,Marvel,Disney Plus,2026-10-03,,,,299534,posters/299534.jpg,181,"After the devastating events of Avengers: Infinity War, the universe is in ruins due to the efforts of the Mad Titan, Thanos. With the help of remaining allies, the Avengers must assemble once more in order to undo Thanos' actions and restore order to the universe once and for all, no matter what consequences may be in store.",,PG-13,
Black Adam,2022,Action,3.5,3.5,Family,Rated,Superhero,"Netflix, HBO Max, Universal+ Amazon Channel",2026-10-03,,,,436270,posters/436270.jpg,125,"Nearly 5,000 years after he was bestowed with the almighty powers of the Egyptian gods—and imprisoned just as quickly—Black Adam is freed from his earthly tomb, ready to unleash his unique form of justice on the modern world.",,PG-13,
Jungle Cruise,2021,Action,4,4,Family,Rated,Blockbuster,Disney Plus,2026-10-03,,,,451048,posters/451048.jpg,127,"Dr. Lily Houghton enlists the aid of wisecracking skipper Frank Wolff to take her down the Amazon in his dilapidated boat. Together, they search for an ancient tree that holds the power to heal – a discovery that will change the future of medicine.",Family loved it.,PG-13,
Argylle,2024,Action,4,4,Family,Rated,Blockbuster,Apple TV,2026-10-03,,,,848538,posters/848538.jpg,139,"When the plots of reclusive author Elly Conway's fictional espionage novels begin to mirror the covert actions of a real-life spy organization, quiet evenings at home become a thing of the past. Accompanied by her cat Alfie and Aidan, a cat-allergic spy, Elly races across the world to stay one step ahead of the killers as the line between Conway's fictional world and her real one begins to blur.",,PG-13,
Armageddon,1998,Action,4,4,Family,Rated,Blockbuster,Disney Plus,2026-10-03,,,,95,posters/95.jpg,151,"When an asteroid threatens to collide with Earth, NASA honcho Dan Truman determines the only way to stop it is to drill into its surface and detonate a nuclear bomb. This leads him to renowned driller Harry Stamper, who agrees to helm the dangerous space mission provided he can bring along his own hotshot crew. Among them is the cocksure A.J. who Harry thinks isn't good enough for his daughter, until the mission proves otherwise.",,PG-13,
King Arthur: Legend of the Sword,2017,Action,4.5,4.5,Family,Rated,Blockbuster,HBO Max,2026-10-03,,,,274857,posters/274857.jpg,126,"When the child Arthur’s father is murdered, Vortigern, Arthur’s uncle, seizes the crown. Robbed of his birthright and with no idea who he truly is, Arthur comes up the hard way in the back alleys of the city. But once he pulls the sword Excalibur from the stone, his life is turned upside down and he is forced to acknowledge his true legacy... whether he likes it or not.",Guy Ritchie.,PG-13,
A Knight's Tale,2001,Action,4.7,4.7,Family,Rated,Blockbuster,HBO Max,2026-10-03,,,,9476,posters/9476.jpg,133,"William Thatcher, a knight's peasant apprentice, gets a chance at glory when the knight dies suddenly mid-tournament. Posing as a knight himself, William won't stop until he's crowned tournament champion—assuming matters of the heart don't get in the way.",,PG-13,
Ford v Ferrari,2019,Action,4,4,Family,Rated,Blockbuster,Disney Plus,2026-10-03,,,,359724,posters/359724.jpg,153,"American car designer Carroll Shelby and the British-born driver Ken Miles work together to battle corporate interference, the laws of physics, and their own personal demons to build a revolutionary race car for Ford Motor Company and take on the dominating race cars of Enzo Ferrari at the 24 Hours of Le Mans in France in 1966.",,PG-13,
True Lies,1994,Action,4,4,Family,Rated,Blockbuster,Disney Plus,2026-10-03,,,,36955,posters/36955.jpg,141,"A fearless, globe-trotting, terrorist-battling secret agent has his life turned upside down when he discovers his wife might be having an affair with a used car salesman while terrorists smuggle nuclear war heads into the United States.",,R,
Avatar,2009,Action,4.5,4.5,Family,Rated,Blockbuster,Disney Plus,2026-10-03,,,,19995,posters/19995.jpg,162,"In the 22nd century, a paraplegic Marine is dispatched to the moon Pandora on a unique mission, but becomes torn between following orders and protecting an alien civilization.",,PG-13,
Top Gun: Maverick,2022,Action,4.5,4.5,Family,Rated,Blockbuster,"Paramount Plus, VIX , Universal+ Amazon Channel, ViX Premium Amazon Channel",2026-10-03,,,,361743,posters/361743.jpg,131,"After more than thirty years of service as one of the Navy’s top aviators, and dodging the advancement in rank that would ground him, Pete “Maverick” Mitchell finds himself training a detachment of TOP GUN graduates for a specialized mission the likes of which no living pilot has ever seen.",Revised up from 4 to 4.5.,PG-13,
The Fall Guy,2024,Action,3.5,3.5,Family,Rated,Blockbuster,Netflix,2026-10-03,,,,746036,posters/746036.jpg,127,"Fresh off an almost career-ending accident, stuntman Colt Seavers has to track down a missing movie star, solve a conspiracy and try to win back the love of his life while still doing his day job.",,PG-13,
Free Guy,2021,Action-comedy,4.5,4.5,Family,Rated,Ryan Reynolds,Disney Plus,2026-10-03,,,,550988,posters/550988.jpg,115,"A bank teller discovers he is actually a background player in an open-world video game, and decides to become the hero of his own story. Now, in a world where there are no limits, he is determined to be the guy who saves his world his way before it's too late.",,PG-13,
The Adam Project,2022,Action-comedy,4.8,4.8,Family,Rated,Ryan Reynolds,Netflix,2026-10-03,,,,696806,posters/696806.jpg,106,"After accidentally crash-landing in 2022, time-traveling fighter pilot Adam Reed teams up with his 12-year-old self on a mission to save the future.",,PG-13,
Ender's Game,2013,Sci-fi,4,4,Family,Rated,Space & Science,"Rent: Apple TV Store, Google Play Movies",2026-10-03,,,,80274,posters/80274.jpg,114,"Based on the classic novel by Orson Scott Card, Ender's Game is the story of the Earth's most gifted children training to defend their homeplanet in the space wars of the future.",,PG-13,
Tomorrowland,2015,Sci-fi,4,4,Family,Rated,Space & Science,Disney Plus,2026-10-03,,,,158852,posters/158852.jpg,130,"Bound by a shared destiny, a bright, optimistic teen bursting with scientific curiosity and a former boy-genius inventor jaded by disillusionment embark on a danger-filled mission to unearth the secrets of an enigmatic place somewhere in time and space that exists in their collective memory as ""Tomorrowland.""",,PG,
Fantastic Beasts and Where to Find Them,2016,Adventure,4.5,4.5,Family,Rated,Wizarding World,HBO Max,2026-10-03,,,,259316,posters/259316.jpg,133,"In 1926, Newt Scamander arrives at the Magical Congress of the United States of America with a magically expanded briefcase, which houses a number of dangerous creatures and their habitats. When the creatures escape from the briefcase, it sends the American wizarding authorities after Newt, and threatens to strain even further the state of magical and non-magical relations.",,PG-13,
Knives Out,2019,Drama,4,4,Date Night,Rated,Whodunnit,Universal+ Amazon Channel,2026-10-03,,,,546554,posters/546554.jpg,131,"When renowned crime novelist Harlan Thrombey is found dead at his estate just after his 85th birthday, the inquisitive and debonair Detective Benoit Blanc is mysteriously enlisted to investigate. From Harlan's dysfunctional family to his devoted staff, Blanc sifts through a web of red herrings and self-serving lies to uncover the truth behind Harlan's untimely death.",,PG-13,
Glass Onion,2022,Drama,3.5,3.5,Date Night,Rated,Whodunnit,Netflix,2026-10-03,,,,661374,posters/661374.jpg,140,World-famous detective Benoit Blanc heads to Greece to peel back the layers of a mystery surrounding a tech billionaire and his eclectic crew of friends.,,PG-13,
Caddyshack,1980,Comedy,4,4,Date Night,Rated,Classic Comedy,"Rent: Apple TV Store, Google Play Movies",2026-10-03,,,,11977,posters/11977.jpg,98,"At an exclusive country club, an ambitious young caddy, Danny Noonan, eagerly pursues a caddy scholarship in hopes of attending college and, in turn, avoiding a job at the lumber yard. In order to succeed, he must first win the favour of the elitist Judge Smails, and then the caddy golf tournament which Smails sponsors.",More nostalgic than anything.,R,
Ferris Bueller's Day Off,1986,Comedy,4,4,Date Night,Rated,Classic Comedy,"Rent: Apple TV Store, Google Play Movies",2026-10-03,,,,9377,posters/9377.jpg,103,"After high school slacker Ferris Bueller successfully fakes an illness in order to skip school for the day, he goes on a series of adventures throughout Chicago with his girlfriend Sloane and best friend Cameron, all the while trying to outwit his wily school principal and fed-up sister.",,PG-13,
The Other Guys,2010,Comedy,4.5,4.5,Date Night,Rated,Classic Comedy,"HBO Max, Sony One Amazon Channel",2026-10-03,,,,27581,posters/27581.jpg,107,"Unlike their heroic counterparts on the force, desk-bound NYPD detectives Gamble and Hoitz garner no headlines as they work day to day. When a seemingly minor case turns out to be a big deal, the two cops get the opportunity to finally prove to their comrades that they have the right stuff.",,PG-13,
What About Bob?,1991,Comedy,4,4,Date Night,Rated,Classic Comedy,,2026-10-03,,,,10276,posters/10276.jpg,100,"Before going on vacation, self-involved psychiatrist Dr. Leo Marvin has the misfortune of taking on a new patient: Bob Wiley. An exemplar of neediness and a compendium of phobias, Bob follows Marvin to his family's country house. Dr. Marvin tries to get him to leave; the trouble is, everyone loves Bob. As his oblivious patient makes himself at home, Dr. Marvin loses his professional composure and, before long, may be ready for the loony bin himself.",,PG,
Bee Movie,2007,Animated / family,4,4,Family,Rated,Animated Family,"Netflix, Amazon Prime Video",2026-10-03,,,,5559,posters/5559.jpg,91,"Barry B. Benson, a recent college graduate who wants more out of his life than making honey, decides to sue the human race after learning about the exploitation of bees at the hands of mankind. What will happen next?",,G,
Beetlejuice,1988,Comedy,4,4,Family,Rated,80s Nostalgia,HBO Max,2026-10-03,,,,4011,posters/4011.jpg,92,A newly dead New England couple seeks help from a deranged demon exorcist to scare an affluent New York family out of their home.,,PG,
The Secret Life of Walter Mitty,2013,Drama,4.5,4.5,Date Night,Rated,Prestige,Disney Plus,2026-10-03,,,,116745,posters/116745.jpg,114,A timid magazine photo manager who lives life vicariously through daydreams embarks on a true-life adventure when a negative goes missing.,,PG,
Bohemian Rhapsody,2018,Drama,4,4,Date Night,Rated,Prestige,"Disney Plus, Universal+ Amazon Channel",2026-10-03,,,,424694,posters/424694.jpg,135,"Singer Freddie Mercury, guitarist Brian May, drummer Roger Taylor and bass guitarist John Deacon take the music world by storm when they form the rock 'n' roll band Queen in 1970. Hit songs become instant classics. When Mercury's increasingly wild lifestyle starts to spiral out of control, Queen soon faces its greatest challenge yet – finding a way to keep the band together amid the success and excess.",,PG-13,
The Grand Budapest Hotel,2014,Drama,4.5,4.5,Date Night,Rated,Prestige,Disney Plus,2026-10-03,,,,120467,posters/120467.jpg,100,"The Grand Budapest Hotel tells of a legendary concierge at a famous European hotel between the wars and his friendship with a young employee who becomes his trusted protégé. The story involves the theft and recovery of a priceless Renaissance painting, the battle for an enormous family fortune and the slow and then sudden upheavals that transformed Europe during the first half of the 20th century.",,R,
Everything Everywhere All at Once,2022,Drama,4.5,4.5,Date Night,Rated,Prestige,"Amazon Prime Video, HBO Max",2026-10-03,,,,545611,posters/545611.jpg,140,"An aging Chinese immigrant is swept up in an insane adventure, where she alone can save what's important to her by connecting with the lives she could have led in other universes.",,R,
True Romance,1993,Drama,4,4,Date Night,Rated,Prestige,,2026-10-03,,,,319,posters/319.jpg,119,"Clarence marries hooker Alabama, steals cocaine from her pimp, and tries to sell it in Hollywood, while the owners of the coke try to reclaim it.",,R,
The Unbearable Weight of Massive Talent,2022,Drama,3.5,3.5,Date Night,Rated,Prestige,"Universal+ Amazon Channel, Sony One Amazon Channel",2026-10-03,,,,648579,posters/648579.jpg,107,"Creatively unfulfilled and facing financial ruin, Nick Cage must accept a $1 million offer to attend the birthday of a dangerous superfan. Things take a wildly unexpected turn when Cage is recruited by a CIA operative and forced to live up to his own legend, channeling his most iconic and beloved on-screen characters in order to save himself and his loved ones.",,R,
The Greatest Showman,2017,Drama,4.8,4.8,Family,Rated,Prestige,Disney Plus,2026-10-03,,,,316029,posters/316029.jpg,105,"The story of American showman P.T. Barnum, founder of the circus that became the famous traveling Ringling Bros. and Barnum & Bailey Circus.",,PG,
The Lord of the Rings: The Return of the King,2003,Adventure,4.8,4.8,Family,Rated,Middle-earth,"Disney Plus, HBO Max",2026-10-03,,,,122,posters/122.jpg,201,"As armies mass for a final battle that will decide the fate of the world--and powerful, ancient forces of Light and Dark compete to determine the outcome--one member of the Fellowship of the Ring is revealed as the noble heir to the throne of the Kings of Men. Yet, the sole hope for triumph over evil lies with a brave hobbit, Frodo, who, accompanied by his loyal friend Sam and the hideous, wretched Gollum, ventures deep into the very dark heart of Mordor on his seemingly impossible quest to destroy the Ring of Power.​","Trilogy day 2026-10-04 with Hudson and Hendrix. Chris gave 4.8 in his own words that evening, replacing the earlier unconfirmed figure.",PG-13,
Palm Springs,2020,Rom-com,4,4,Date Night,Rated,Modern Rom-com,Disney Plus,2026-10-03,,,,587792,posters/587792.jpg,90,"When carefree Nyles and reluctant maid of honor Sarah have a chance encounter at a Palm Springs wedding, things get complicated when they find themselves unable to escape the venue, themselves, or each other.",,R,
"Crazy, Stupid, Love",2011,Rom-com,4,4,Date Night,Rated,Modern Rom-com,HBO Max,2026-10-03,,,,50646,posters/50646.jpg,118,"Cal Weaver is living the American dream. He has a good job, a beautiful house, great children and a beautiful wife, named Emily. Cal's seemingly perfect life unravels, however, when he learns that Emily has been unfaithful and wants a divorce. Over 40 and suddenly single, Cal is adrift in the fickle world of dating. Enter, Jacob Palmer, a self-styled player who takes Cal under his wing and teaches him how to be a hit with the ladies.",,PG-13,
Yesterday,2019,Rom-com,3.5,3.5,Date Night,Rated,Modern Rom-com,Amazon Prime Video,2026-10-03,,,,515195,posters/515195.jpg,116,A struggling musician realizes he's the only person on Earth who can remember The Beatles after waking up in an alternate reality where the group was forgotten.,,PG-13,
Hitch,2005,Rom-com,3.5,3.5,Date Night,Rated,Modern Rom-com,"Amazon Prime Video, HBO Max",2026-10-03,,,,8488,posters/8488.jpg,118,"Dating coach Alex 'Hitch' Hitchens mentors a bumbling client, Albert, who hopes to win the heart of the glamorous Allegra Cole. While Albert makes progress, Hitch faces his own romantic setbacks when proven techniques fail to work on Sara Melas, a tabloid reporter digging for dirt on Allegra Cole's love life. When Sara discovers Hitch's connection to Albert – now Allegra's boyfriend – it threatens to destroy both relationships.",,PG-13,
10 Things I Hate About You,1999,Rom-com,4,4,Date Night,Rated,Modern Rom-com,Disney Plus,2026-10-03,,,,4951,posters/4951.jpg,97,"On the first day at his new school, Cameron instantly falls for Bianca, the gorgeous girl of his dreams. The only problem is that Bianca is forbidden to date until her ill-tempered, completely un-dateable older sister Kat goes out, too. In an attempt to solve his problem, Cameron singles out the only guy who could possibly be a match for Kat: a mysterious bad boy with a nasty reputation of his own.",,PG-13,
The Proposal,2009,Rom-com,3.5,3.5,Date Night,Rated,Modern Rom-com,"Apple TV, Disney Plus",2026-10-03,,,,18240,posters/18240.jpg,108,"When she learns she's in danger of losing her visa status and being deported, overbearing book editor Margaret Tate forces her put-upon assistant, Andrew Paxton, to marry her.",,PG-13,
Anyone But You,2023,Rom-com,3.8,3.8,Date Night,Rated,Modern Rom-com,Sony One Amazon Channel,2026-10-03,,,,1072790,posters/1072790.jpg,103,"After an amazing first date, Bea and Ben’s fiery attraction turns ice cold — until they find themselves unexpectedly reunited at a destination wedding in Australia. So they do what any two mature adults would do: pretend to be a couple.","Rom-com, on Netflix. Revised down from 4 to 3.8.",R,
Ticket to Paradise,2022,Rom-com,3.5,3.5,Date Night,Rated,Modern Rom-com,HBO Max,2026-10-03,,,,800939,posters/800939.jpg,104,Divorced couple Georgia and David find themselves on a shared mission: they team up and travel to Bali to stop their daughter Lily from making the same mistake they once made 25 years ago.,,PG-13,
Long Shot,2019,Rom-com,4,4,Date Night,Rated,Modern Rom-com,Rent: Google Play Movies,2026-10-03,,,,459992,posters/459992.jpg,125,"Journalist Fred Flarsky reunites with his childhood crush, Charlotte Field, now one of the most influential women in the world. As she prepares to make a run for the Presidency, Charlotte hires Fred as her speechwriter — much to the dismay of her trusted advisers.",Loves Seth Rogen.,R,
Instant Family,2018,Rom-com,3,3,Date Night,Rated,Modern Rom-com,"Netflix, Universal+ Amazon Channel",2026-10-03,,,,491418,posters/491418.jpg,118,"When Pete and Ellie decide to start a family, they stumble into the world of foster care adoption. They hope to take in one small child but when they meet three siblings, including a rebellious 15 year old girl, they find themselves speeding from zero to three kids overnight.",,PG-13,
Always Be My Maybe,2019,Rom-com,3.5,3.5,Date Night,Rated,Modern Rom-com,Netflix,2026-10-03,,,,513576,posters/513576.jpg,102,"Reunited after 15 years, famous chef Sasha and hometown musician Marcus feel the old sparks of attraction, but struggle to adapt to each other's worlds.","Good movie, probably not a rewatch.",PG-13,
Two Weeks Notice,2002,Rom-com,4,4,Date Night,Rated,Modern Rom-com,"Amazon Prime Video, HBO Max",2026-10-03,,,,2642,posters/2642.jpg,101,"Dedicated environmental lawyer Lucy Kelson goes to work for billionaire George Wade as part of a deal to preserve a community center. Indecisive and weak-willed George grows dependent on Lucy's guidance on everything from legal matters to clothing. Exasperated, Lucy gives notice and picks Harvard graduate June Carter as her replacement. As Lucy's time at the firm nears an end, she grows jealous of June and has second thoughts about leaving George.","Bumped from 3.5 to 4. ""Sandra Bullock, Hugh Grant. Who doesn’t love it?""",PG-13,
Music and Lyrics,2007,Rom-com,4,4,Date Night,Rated,Modern Rom-com,HBO Max,2026-10-03,,,,11172,posters/11172.jpg,104,"A washed-up '80s pop star gets a chance at a comeback when reigning pop diva Cora Corman invites him to write & record a duet with her, but there's a problem--Alex hasn't written a song in years; he's never written lyrics and he has to come up with a hit in a matter of days.","Cheesy rom-com, loved anyway.",PG-13,
Serendipity,2001,Rom-com,4,4,Date Night,Rated,Modern Rom-com,Rent: Apple TV Store,2026-10-03,,,,9778,posters/9778.jpg,90,"Although already in relationships, two strangers realize they have genuine chemistry after a chance encounter – but part company soon after. Years later, they each yearn to reunite, despite being destined for the altar. But to give true love a chance, they have to find one another again.",Loves John Cusack.,PG-13,
The Vow,2012,Rom-com,4,4,Date Night,Rated,Modern Rom-com,Buy: Apple TV Store,2026-10-03,,,,72570,posters/72570.jpg,104,"Happy young married couple Paige and Leo are, well, happy. Then a car accident puts Paige into a life-threatening coma. Upon awakening she has lost the previous five years of memories, including those of her beloved Leo, her wedding, a confusing relationship with her parents, or the ending of her relationship with her ex-fiance. Despite these complications, Leo endeavors to win her heart again and rebuild their marriage.",,PG-13,
Mamma Mia!,2008,Rom-com,4,4,Date Night,Rated,Modern Rom-com,Amazon Prime Video,2026-10-03,,,,11631,posters/11631.jpg,108,A spirited young bride-to-be living with her single mother on a small Greek island secretly invites three of her mother's ex-boyfriends in hope of finding her biological father to walk her down the aisle.,,PG-13,
Mamma Mia! Here We Go Again,2018,Rom-com,3,3,Date Night,Rated,Modern Rom-com,"Rent: Apple TV Store, Google Play Movies",2026-10-03,,,,458423,posters/458423.jpg,114,"Five years after meeting her three fathers, Sophie Sheridan prepares to open her mother’s hotel. In 1979, young Donna Sheridan meets the men who each could be Sophie’s biological father.",,PG-13,
P.S. I Love You,2007,Romance,4,4,Date Night,Rated,Love That Costs,"Netflix, Universal+ Amazon Channel",2026-10-03,,,,6023,posters/6023.jpg,126,A young widow discovers that her late husband has left her 10 messages intended to help ease her pain and start a new life.,,PG-13,
The Age of Adaline,2015,Romance,4,4,Date Night,Rated,Love That Costs,"Rent: Apple TV Store, Google Play Movies",2026-10-03,,,,293863,posters/293863.jpg,112,"After 29-year-old Adaline recovers from a nearly lethal accident, she inexplicably stops growing older. As the years stretch on and on, Adaline keeps her secret to herself  until she meets a man who changes her life.",,PG-13,
Midnight in Paris,2011,Romance,4.5,4.5,Date Night,Rated,Love That Costs,Rent: Apple TV Store,2026-10-03,,,,59436,posters/59436.jpg,94,"While on a trip to Paris with his fiancée's family, a nostalgic screenwriter finds himself mysteriously going back to the 1920s every day at midnight.",,PG-13,
La La Land,2016,Romance,4,4,Date Night,Rated,Love That Costs,Rent: Apple TV Store,2026-10-03,,,,313369,posters/313369.jpg,129,"Mia, an aspiring actress, serves lattes to movie stars in between auditions and Sebastian, a jazz musician, scrapes by playing cocktail party gigs in dingy bars, but as success mounts they are faced with decisions that begin to fray the fragile fabric of their love affair, and the dreams they worked so hard to maintain in each other threaten to rip them apart.",,PG-13,
Begin Again,2013,Romance,4,4,Date Night,Rated,Love That Costs,,2026-10-03,,,,198277,posters/198277.jpg,104,"Gretta, a budding songwriter, finds herself alone after her boyfriend Dave ditches her. Her life gains purpose when Dan, a record label executive, notices her talent.",,R,
Fifty Shades of Grey,2015,Romance,4.3,4,Date Night,Rated,Modern Rom-com,HBO Max,2026-10-03,,,,216015,posters/216015.jpg,125,"When college senior Anastasia Steele steps in for her sick roommate to interview prominent businessman Christian Grey for their campus paper, little does she realize the path her life will take. Christian, as enigmatic as he is rich and powerful, finds himself strangely drawn to Ana, and she to him. Though sexually inexperienced, Ana plunges headlong into an affair -- and learns that Christian's true sexual proclivities push the boundaries of pain and pleasure.",Rating typed into the Google Sheet by hand and pulled into the vault 2026-10-04. Chris 4 -> 4.3.,R,
"Love, Rosie",2014,Rom-com,,,Queue,Watchlist,Modern Rom-com,,2026-10-03,,,,200727,posters/200727.jpg,102,"Since the moment they met at age 5, Rosie and Alex have been best friends, facing the highs and lows of growing up side by side. A fleeting shared moment, one missed opportunity, and the decisions that follow send their lives in completely different directions. As each navigates the complexities of life, love, and everything in between, they always find their way back to each other - but is it just friendship, or something more?",,R,
Holidate,2020,Rom-com,,,Queue,Watchlist,Modern Rom-com,Netflix,2026-10-03,,,,615665,posters/615665.jpg,104,"Fed up with being single on holidays, two strangers agree to be each other's platonic plus-ones all year long, only to catch real feelings along the way.",,,
The Half of It,2020,Rom-com,,,Queue,Watchlist,Modern Rom-com,Netflix,2026-10-03,,,,597219,posters/597219.jpg,104,"Shy, straight-A student Ellie is hired by sweet but inarticulate jock Paul, who needs help wooing the most popular girl in school. But their new and unlikely friendship gets tricky when Ellie discovers she has feelings for the same girl.",,PG-13,
Leap Year,2010,Rom-com,4.3,4.3,Queue,Rated,Modern Rom-com,"Rent: Apple TV Store, Google Play Movies",2026-10-03,,,,25195,posters/25195.jpg,100,"When yet another anniversary passes without a marriage proposal from her boyfriend, Anna decides to take action. Aware of a Celtic tradition that allows women to pop the question on Feb. 29, she plans to follow her lover to Dublin and ask him to marry her. Fate has other plans, however, and Anna winds up on the other side of the Emerald Isle with handsome, but surly, Declan -- an Irishman who may just lead Anna down the road to true love.","Was on the queue as unseen. Rated in the sheet 2026-10-03, so it has been watched.",PG,
Confessions of a Shopaholic,2009,Rom-com,,,Queue,Watchlist,Modern Rom-com,,2026-10-03,,,,20048,posters/20048.jpg,104,"In the glamorous world of New York City, Rebecca Bloomwood is a fun-loving girl who is really good at shopping – a little too good, perhaps. She dreams of working for her favorite fashion magazine, but can't quite get her foot in the door – until ironically, she snags a job as an advice columnist for a financial magazine published by the same company.",,PG,
Passengers,2016,Romance,4,4,Queue,Rated,Time & Second Chances,"Amazon Prime Video, Universal+ Amazon Channel",2026-10-03,,,,274870,posters/274870.jpg,116,"A spacecraft traveling to a distant colony planet and transporting thousands of people has a malfunction in its sleep chambers. As a result, two passengers are awakened 90 years early.","Pulled from the Google Sheet 2026-10-04 (second pass): Status Rated -> Watchlist. Status was Watchlist with a rating already on the row, which cannot both be true; set to Rated 2026-10-04. The sheet was stale on this row and the paste was newer.",PG-13,
The Map of Tiny Perfect Things,2021,Romance,,,Queue,Watchlist,Time & Second Chances,Amazon Prime Video,2026-10-03,,,,672647,posters/672647.jpg,99,Two teenagers trapped in an endless time loop set out to find all the tiny things that make that one day perfect.,,PG-13,
A Quiet Place: Day One,2024,Sci-fi,,,Queue,Watchlist,Mind-Bender,Paramount Plus,2026-10-03,,,,762441,posters/762441.jpg,100,"As New York City is invaded by alien creatures who hunt by sound, a woman named Sam fights to survive with her cat.","Never seen. Confirmed a film, not a series, so it clears the no-series rule.",PG-13,
The Gentlemen,2019,Action-comedy,4.9,4.9,Date Night,Rated,Guy Ritchie,"Netflix, Amazon Prime Video, HBO Max, Universal+ Amazon Channel",2026-10-03,,,,522627,posters/522627.jpg,113,"American expat Mickey Pearson has built a highly profitable marijuana empire in London. When word gets out that he’s looking to cash out of the business forever it triggers plots, schemes, bribery and blackmail in an attempt to steal his domain out from under him.",Listed among films they love. The 2019 film. Needs a number.,R,
The Gentlemen (series),2024,Action-comedy,,,Queue,Not watching,Guy Ritchie,,,,,,,,,,"Unseen, and it is a TV series. Chris: ""We are really not into series, more so watching movies."" Parked on purpose.",,
"UNIDENTIFIED rom-com (""Ticket to Ride"")",,Rom-com,,,Queue,Dropped,Modern Rom-com,,,,,,,,,,Dropped at Chris’s request 2026-10-03: not sure what it was; leaving it out for now.,,
UNIDENTIFIED film rated 2.5,,Rom-com,,,Queue,Dropped,Modern Rom-com,,,,,,,,,,"Dropped at Chris’s request 2026-10-03: transcribed as ""a bear or bar""; unidentifiable.",,
UNIDENTIFIED film in the Stardust batch,,Adventure,,,Queue,Dropped,Family Adventure,,,,,,,,,,Dropped at Chris’s request 2026-10-03: resolved: the batch item was Stardust itself.,,
Star Wars: Episode IV - A New Hope,1977,Sci-fi,4.7,4.9,Family,Rated,Star Wars,Disney Plus,2026-10-03,,,,11,posters/11.jpg,121,Princess Leia is captured and held hostage by the evil Imperial forces in their effort to take over the galactic Empire. Venturesome Luke Skywalker and dashing captain Han Solo team together with the loveable robot duo R2-D2 and C-3PO to rescue the beautiful princess and restore peace and justice in the Empire.,Rating typed into the Google Sheet by hand and pulled into the vault 2026-10-04. Pixie 4.7 -> 4.9.,PG,
Star Wars: Episode V - The Empire Strikes Back,1980,Sci-fi,4.9,4.9,Family,Rated,Star Wars,Disney Plus,2026-10-03,,,,1891,posters/1891.jpg,124,"The epic saga continues as Luke Skywalker, in hopes of defeating the evil Galactic Empire, learns the ways of the Jedi from aging master Yoda. But Darth Vader is more determined than ever to capture Luke. Meanwhile, rebel leader Princess Leia, cocky Han Solo, Chewbacca, and droids C-3PO and R2-D2 are thrown into various stages of capture, betrayal and despair.",,PG,
Star Wars: Episode VI - Return of the Jedi,1983,Sci-fi,4.7,4.7,Family,Rated,Star Wars,Disney Plus,2026-10-03,,,,1892,posters/1892.jpg,132,"Luke Skywalker leads a mission to rescue his friend Han Solo from the clutches of Jabba the Hutt, the Emperor prepares to crush the Rebellion with a more powerful Death Star, and the Rebel fleet mounts a massive attack on the space station. Luke Skywalker confronts Darth Vader in a final climactic duel before the evil Emperor.",,PG,
Star Wars: Episode VII - The Force Awakens,2015,Sci-fi,4.2,4.2,Family,Rated,Star Wars,Disney Plus,2026-10-03,,,,140607,posters/140607.jpg,136,"Thirty years after defeating the Galactic Empire, Han Solo and his allies face a new threat from the evil Kylo Ren and his army of Stormtroopers.",,PG-13,
Star Wars: Episode VIII - The Last Jedi,2017,Sci-fi,4.2,4.2,Family,Rated,Star Wars,Disney Plus,2026-10-03,,,,181808,posters/181808.jpg,152,"Rey develops her newly discovered abilities with the guidance of Luke Skywalker, who is unsettled by the strength of her powers. Meanwhile, the Resistance prepares to do battle with the First Order.",,PG-13,
Star Wars: Episode IX - The Rise of Skywalker,2019,Sci-fi,4.4,4.4,Family,Rated,Star Wars,Disney Plus,2026-10-03,,,,181812,posters/181812.jpg,142,"The surviving Resistance faces the First Order once again as the journey of Rey, Finn and Poe Dameron continues. With the power and knowledge of generations behind them, the final battle begins.",,PG-13,
Rogue One: A Star Wars Story,2016,Sci-fi,4.9,4.9,Family,Rated,Star Wars,Disney Plus,2026-10-03,,,,330459,posters/330459.jpg,133,A rogue band of resistance fighters unite for a mission to steal the Death Star plans and bring a new hope to the galaxy.,,PG-13,
Back to the Future,1985,Sci-fi,4.4,4.4,Household,Rated,Sci-fi Canon,"Amazon Prime Video, HBO Max, Universal+ Amazon Channel",2026-10-03,,,,105,posters/105.jpg,116,"Eighties teenager Marty McFly is accidentally sent back in time to 1955, inadvertently disrupting his parents' first meeting and attracting his mother's romantic interest. Marty must repair the damage to history by rekindling his parents' romance and - with the help of his eccentric inventor friend Doc Brown - return to 1985.","Hudson's favourite film. Status was Seen, unrated with a rating already on the row, which cannot both be true; set to Rated 2026-10-04. The sheet was stale on this row and the paste was newer.",PG,
Back to the Future Part II,1989,Sci-fi,4.5,4.5,Household,Rated,Sci-fi Canon,"Amazon Prime Video, Universal+ Amazon Channel",2026-10-03,,,,165,posters/165.jpg,108,"Marty and Doc are at it again as the time-traveling duo head to 2015 to nip some McFly family woes in the bud. But things go awry thanks to bully Biff Tannen and a pesky sports almanac. In a last-ditch attempt to set things straight, Marty finds himself bound for 1955 and face to face with his teenage parents -- again.","Status was Seen, unrated with a rating already on the row, which cannot both be true; set to Rated 2026-10-04. The sheet was stale on this row and the paste was newer.",PG,
Jurassic Park,1993,Sci-fi,4.6,4.6,Household,Rated,Sci-fi Canon,"Netflix, Amazon Prime Video, Disney Plus, HBO Max",2026-10-03,,,,329,posters/329.jpg,127,"A wealthy entrepreneur secretly creates a theme park featuring living dinosaurs drawn from prehistoric DNA. Before opening day, he invites a team of experts and his two eager grandchildren to experience the park and help calm anxious investors. However, the park is anything but amusing as the security systems go off-line and the dinosaurs escape.","Status was Seen, unrated with a rating already on the row, which cannot both be true; set to Rated 2026-10-04. The sheet was stale on this row and the paste was newer.",PG-13,
Jurassic World,2015,Sci-fi,4.5,4.5,Household,Rated,Sci-fi Canon,"Netflix, Amazon Prime Video, Disney Plus, HBO Max",2026-10-03,,,,135397,posters/135397.jpg,124,"Twenty-two years after the events of Jurassic Park, Isla Nublar now features a fully functioning dinosaur theme park, Jurassic World, as originally envisioned by John Hammond.","Status was Seen, unrated with a rating already on the row, which cannot both be true; set to Rated 2026-10-04. The sheet was stale on this row and the paste was newer.",PG-13,
The Matrix,1999,Sci-fi,4.9,4.9,Household,Rated,Sci-fi Canon,"Rent: Apple TV Store, Google Play Movies",2026-10-03,,,,603,posters/603.jpg,136,"Set in the 22nd century, The Matrix tells the story of a computer hacker who joins a group of underground insurgents fighting the vast and powerful computers who now rule the earth.","Status was Seen, unrated with a rating already on the row, which cannot both be true; set to Rated 2026-10-04. The sheet was stale on this row and the paste was newer.",R,
The Fifth Element,1997,Sci-fi,4.9,4.9,Household,Rated,Sci-fi Canon,,2026-10-03,,,,18,posters/18.jpg,126,"In 2257, a taxi driver is unintentionally given the task of saving a young girl who is part of the key that will ensure the survival of humanity.","Status was Seen, unrated with a rating already on the row, which cannot both be true; set to Rated 2026-10-04. The sheet was stale on this row and the paste was newer.",PG-13,
Dune,2021,Sci-fi,4.8,4.8,Household,Rated,Sci-fi Canon,"HBO Max, Universal+ Amazon Channel",2026-10-03,,,,438631,posters/438631.jpg,155,"Paul Atreides, a brilliant and gifted young man born into a great destiny beyond his understanding, must travel to the most dangerous planet in the universe to ensure the future of his family and his people. As malevolent forces explode into conflict over the planet's exclusive supply of the most precious resource in existence - a commodity capable of unlocking humanity's greatest potential - only those who can conquer their fear will survive.","Status was Seen, unrated with a rating already on the row, which cannot both be true; set to Rated 2026-10-04. The sheet was stale on this row and the paste was newer.",PG-13,
Dune: Part Two,2024,Sci-fi,4.7,4.7,Household,Rated,Sci-fi Canon,"HBO Max, Universal+ Amazon Channel",2026-10-03,,,,693134,posters/693134.jpg,167,"Follow the mythic journey of Paul Atreides as he unites with Chani and the Fremen while on a path of revenge against the conspirators who destroyed his family. Facing a choice between the love of his life and the fate of the known universe, Paul endeavors to prevent a terrible future only he can foresee.","Status was Seen, unrated with a rating already on the row, which cannot both be true; set to Rated 2026-10-04. The sheet was stale on this row and the paste was newer.",PG-13,
Avatar: The Way of Water,2022,Sci-fi,4.7,4.7,Household,Rated,Sci-fi Canon,Disney Plus,2026-10-03,,,,76600,posters/76600.jpg,192,"Set more than a decade after the events of the first film, learn the story of the Sully family (Jake, Neytiri, and their kids), the trouble that follows them, the lengths they go to keep each other safe, the battles they fight to stay alive, and the tragedies they endure.","Status was Seen, unrated with a rating already on the row, which cannot both be true; set to Rated 2026-10-04. The sheet was stale on this row and the paste was newer.",PG-13,
Star Trek,2009,Sci-fi,4.5,4.5,Household,Rated,Sci-fi Canon,"Paramount Plus, Universal+ Amazon Channel",2026-10-03,,,,13475,posters/13475.jpg,127,"The fate of the galaxy rests in the hands of bitter rivals. One, James Kirk, is a delinquent, thrill-seeking Iowa farm boy. The other, Spock, a Vulcan, was raised in a logic-based society that rejects all emotion. As fiery instinct clashes with calm reason, their unlikely but powerful partnership is the only thing capable of leading their crew through unimaginable danger, boldly going where no one has gone before. The human adventure has begun again.","Status was Seen, unrated with a rating already on the row, which cannot both be true; set to Rated 2026-10-04. The sheet was stale on this row and the paste was newer.",PG-13,
Pacific Rim,2013,Sci-fi,4.5,4.5,Household,Rated,Sci-fi Canon,"Amazon Prime Video, HBO Max",2026-10-03,,,,68726,posters/68726.jpg,131,"Using massive piloted robots to combat the alien threat, Earth's survivors take the fight to the invading alien force lurking in the depths of the Pacific Ocean. Nearly defenseless in the face of the relentless enemy, the forces of mankind have no choice but to turn to two unlikely heroes who now stand as Earth's final hope against the mounting apocalypse.","Status was Seen, unrated with a rating already on the row, which cannot both be true; set to Rated 2026-10-04. The sheet was stale on this row and the paste was newer.",PG-13,
Oppenheimer,2023,Sci-fi,4.5,4.5,Household,Rated,Sci-fi Canon,Universal+ Amazon Channel,2026-10-03,,,,872585,posters/872585.jpg,181,The story of J. Robert Oppenheimer's role in the development of the atomic bomb during World War II.,"Status was Seen, unrated with a rating already on the row, which cannot both be true; set to Rated 2026-10-04. The sheet was stale on this row and the paste was newer.",R,
IF,2024,Sci-fi,4.5,4.5,Household,Rated,Sci-fi Canon,"Rent: Apple TV Store, Google Play Movies",2026-10-03,,,,639720,posters/639720.jpg,104,"After discovering she can see everyone's imaginary friends, a girl embarks on a magical adventure to reconnect forgotten imaginary friends with their kids.","Was carried at 4.6 as seen but unrated. Chris gave 4.5 in his own words on 2026-10-04, which supersedes it.",PG,
Venom,2018,Sci-fi,4.2,4.2,Household,Rated,Sci-fi Canon,HBO Max,2026-10-03,,,,335983,posters/335983.jpg,112,"Investigative journalist Eddie Brock attempts a comeback following a scandal, but accidentally becomes the host of Venom, a violent, super powerful alien symbiote. Soon, he must rely on his newfound powers to protect the world from a shadowy organization looking for a symbiote of their own.","Status was Seen, unrated with a rating already on the row, which cannot both be true; set to Rated 2026-10-04. The sheet was stale on this row and the paste was newer.",PG-13,
Jaws,1975,Adventure,5,5,Household,Rated,Spielberg,HBO Max,2026-10-03,,,,578,posters/578.jpg,124,"When the seaside community of Amity finds itself under attack by a dangerous great white shark, the town's chief of police, a young marine biologist, and a grizzled shark hunter embark on a desperate quest to kill the beast before it strikes again.","Status was Seen, unrated with a rating already on the row, which cannot both be true; set to Rated 2026-10-04. The sheet was stale on this row and the paste was newer.",PG,
E.T. the Extra-Terrestrial,1982,Adventure,4.9,4.9,Household,Rated,Spielberg,HBO Max,2026-10-03,,,,601,posters/601.jpg,115,"An alien is left behind on Earth and saved by the 10-year-old Elliott who decides to keep him hidden in his home. While a task force hunts for the extra-terrestrial, Elliott, his brother, and his little sister Gertie form an emotional bond with their new friend, and try to help him find his way home.","Status was Seen, unrated with a rating already on the row, which cannot both be true; set to Rated 2026-10-04. The sheet was stale on this row and the paste was newer.",PG,
The Goonies,1985,Adventure,4.6,4.6,Household,Rated,Spielberg,"Rent: Apple TV Store, Google Play Movies",2026-10-03,,,,9340,posters/9340.jpg,114,"Young teen Mikey Walsh and his friends set off on a quest to find Pirate One-Eyed Willie's treasure in hopes of saving their homes from demolition. However, on their quest to find the treasure, they run into a family of recently escaped criminals, determined to capture the kids and reach the treasure first.","Status was Seen, unrated with a rating already on the row, which cannot both be true; set to Rated 2026-10-04. The sheet was stale on this row and the paste was newer.",PG,
Raiders of the Lost Ark,1981,Adventure,4.5,4.5,Household,Rated,Spielberg,Paramount Plus,2026-10-03,,,,85,posters/85.jpg,115,"When Dr. Indiana Jones – the tweed-suited professor who just happens to be a celebrated archaeologist – is hired by the government to locate the legendary Ark of the Covenant, he finds himself up against the entire Nazi regime.","Status was Seen, unrated with a rating already on the row, which cannot both be true; set to Rated 2026-10-04. The sheet was stale on this row and the paste was newer.",PG,
Indiana Jones and the Last Crusade,1989,Adventure,4.8,4.8,Household,Rated,Spielberg,Paramount Plus,2026-10-03,,,,89,posters/89.jpg,127,"In 1938, an art collector appeals to eminent archaeologist Dr. Indiana Jones to embark on a search for the Holy Grail. Indy learns that a medieval historian has vanished while searching for it, and the missing man is his own father, Dr. Henry Jones Sr.. He sets out to rescue his father by following clues in the old man's notebook, which his father had mailed to him before he went missing. Indy arrives in Venice, where he enlists the help of a beautiful academic, Dr. Elsa Schneider, along with Marcus Brody and Sallah. Together they must stop the Nazis from recovering the power of eternal life and taking over the world!","Status was Seen, unrated with a rating already on the row, which cannot both be true; set to Rated 2026-10-04. The sheet was stale on this row and the paste was newer.",PG-13,
Catch Me If You Can,2002,Adventure,4.6,4.6,Household,Rated,Spielberg,Paramount Plus,2026-10-03,,,,640,posters/640.jpg,141,"A true story about Frank Abagnale Jr. who, before his 19th birthday, successfully conned millions of dollars worth of checks as a Pan Am pilot, doctor, and legal prosecutor. An FBI agent makes it his mission to put him behind bars. But Frank not only eludes capture, he revels in the pursuit.","Status was Seen, unrated with a rating already on the row, which cannot both be true; set to Rated 2026-10-04. The sheet was stale on this row and the paste was newer.",PG-13,
Saving Private Ryan,1998,Adventure,4.8,4.8,Household,Rated,Spielberg,"Paramount Plus, VIX , ViX Premium Amazon Channel",2026-10-03,,,,857,posters/857.jpg,169,"As U.S. troops storm the beaches of Normandy, three brothers lie dead on the battlefield, with a fourth trapped behind enemy lines. Ranger captain John Miller and seven men are tasked with penetrating German-held territory and bringing the boy home.","Status was Seen, unrated with a rating already on the row, which cannot both be true; set to Rated 2026-10-04. The sheet was stale on this row and the paste was newer.",R,
The Terminal,2004,Adventure,4.6,4.6,Household,Rated,Spielberg,Paramount Plus,2026-10-03,,,,594,posters/594.jpg,128,"An Eastern European tourist unexpectedly finds himself stranded in JFK airport, and must take up temporary residence there.","Status was Seen, unrated with a rating already on the row, which cannot both be true; set to Rated 2026-10-04. The sheet was stale on this row and the paste was newer.",PG-13,
Sherlock Holmes,2009,Action-comedy,4.8,4.8,Date Night,Rated,Guy Ritchie,"Apple TV, HBO Max",2026-10-03,,,,10528,posters/10528.jpg,129,Eccentric consulting detective Sherlock Holmes and Doctor John Watson battle to bring down a new nemesis and unravel a deadly plot that could destroy England.,Guy Ritchie.,PG-13,
The Man from U.N.C.L.E.,2015,Action-comedy,4.6,4.6,Date Night,Rated,Guy Ritchie,HBO Max,2026-10-03,,,,203801,posters/203801.jpg,116,"At the height of the Cold War, a mysterious criminal organization plans to use nuclear weapons and technology to upset the fragile balance of power between the United States and Soviet Union. CIA agent Napoleon Solo and KGB agent Illya Kuryakin are forced to put aside their hostilities and work together to stop the evildoers in their tracks. The duo's only lead is the daughter of a missing German scientist, whom they must find soon to prevent a global catastrophe.",Guy Ritchie.,PG-13,
Guardians of the Galaxy Vol. 2,2017,Action-comedy,4.9,4.9,Household,Rated,Marvel,Disney Plus,2026-10-03,,,,283995,posters/283995.jpg,137,The Guardians must fight to keep their newfound family together as they unravel the mysteries of Peter Quill's true parentage.,"Status was Seen, unrated with a rating already on the row, which cannot both be true; set to Rated 2026-10-04. The sheet was stale on this row and the paste was newer.",PG-13,
Iron Man,2008,Action-comedy,4.6,4.6,Household,Rated,Marvel,Disney Plus,2026-10-03,,,,1726,posters/1726.jpg,126,"After being held captive in an Afghan cave, billionaire engineer Tony Stark creates a unique weaponized suit of armor to fight evil.","Status was Seen, unrated with a rating already on the row, which cannot both be true; set to Rated 2026-10-04. The sheet was stale on this row and the paste was newer.",PG-13,
Captain America: The First Avenger,2011,Action-comedy,4.6,4.6,Household,Rated,Marvel,Disney Plus,2026-10-03,,,,1771,posters/1771.jpg,124,"During World War II, Steve Rogers is a sickly man from Brooklyn who's transformed into super-soldier Captain America to aid in the war effort. Rogers must stop the Red Skull – Adolf Hitler's ruthless head of weaponry, and the leader of an organization that intends to use a mysterious device of untold powers for world domination.","Status was Seen, unrated with a rating already on the row, which cannot both be true; set to Rated 2026-10-04. The sheet was stale on this row and the paste was newer.",PG-13,
Captain America: Civil War,2016,Action-comedy,4.7,4.7,Household,Rated,Marvel,Disney Plus,2026-10-03,,,,271110,posters/271110.jpg,147,"Following the events of Age of Ultron, the collective governments of the world pass an act designed to regulate all superhuman activity. This polarizes opinion amongst the Avengers, causing two factions to side with Iron Man or Captain America, which causes an epic battle between former allies.","Status was Seen, unrated with a rating already on the row, which cannot both be true; set to Rated 2026-10-04. The sheet was stale on this row and the paste was newer.",PG-13,
Captain America: Brave New World,2025,Action-comedy,3.5,3.5,Household,Rated,Marvel,Disney Plus,2026-10-03,,,,822119,posters/822119.jpg,119,"After meeting with newly elected U.S. President Thaddeus Ross, Sam finds himself in the middle of an international incident. He must discover the reason behind a nefarious global plot before the true mastermind has the entire world seeing red.","Status was Seen, unrated with a rating already on the row, which cannot both be true; set to Rated 2026-10-04. The sheet was stale on this row and the paste was newer.",PG-13,
Spider-Man,2002,Action-comedy,4.2,4.2,Household,Rated,Marvel,"Amazon Prime Video, HBO Max, Sony One Amazon Channel",2026-10-03,,,,557,posters/557.jpg,121,"After being bitten by a genetically altered spider at Oscorp, nerdy but endearing high school student Peter Parker is endowed with amazing powers to become the superhero known as Spider-Man.","Status was Seen, unrated with a rating already on the row, which cannot both be true; set to Rated 2026-10-04. The sheet was stale on this row and the paste was newer.",PG-13,
Spider-Man 2,2004,Action-comedy,4.2,4.2,Household,Rated,Marvel,"Amazon Prime Video, HBO Max, Sony One Amazon Channel",2026-10-03,,,,558,posters/558.jpg,127,"Peter Parker is going through a major identity crisis. Burned out from being Spider-Man, he decides to shelve his superhero alter ego, which leaves the city suffering in the wake of carnage left by the evil Doc Ock. In the meantime, Parker still can't act on his feelings for Mary Jane Watson, a girl he's loved since childhood. A certain anger begins to brew in his best friend Harry Osborn as well...","Status was Seen, unrated with a rating already on the row, which cannot both be true; set to Rated 2026-10-04. The sheet was stale on this row and the paste was newer.",PG-13,
The Amazing Spider-Man,2012,Action-comedy,4.4,4.4,Household,Rated,Marvel,"HBO Max, VIX",2026-10-03,,,,1930,posters/1930.jpg,136,A teenage Peter Parker grapples with both high school and amazing super-human crises as his alter-ego Spider-Man.,"Status was Seen, unrated with a rating already on the row, which cannot both be true; set to Rated 2026-10-04. The sheet was stale on this row and the paste was newer.",PG-13,
The Amazing Spider-Man 2,2014,Action-comedy,4.3,4.3,Household,Rated,Marvel,"Amazon Prime Video, HBO Max, VIX , Sony One Amazon Channel",2026-10-03,,,,102382,posters/102382.jpg,141,"For Peter Parker, life is busy. Between taking out the bad guys as Spider-Man and spending time with the person he loves, Gwen Stacy, high school graduation cannot come quickly enough. Peter has not forgotten about the promise he made to Gwen’s father to protect her by staying away, but that is a promise he cannot keep. Things will change for Peter when a new villain, Electro, emerges, an old friend, Harry Osborn, returns, and Peter uncovers new clues about his past.","Status was Seen, unrated with a rating already on the row, which cannot both be true; set to Rated 2026-10-04. The sheet was stale on this row and the paste was newer.",PG-13,
Spider-Man: Homecoming,2017,Action-comedy,4.7,4.7,Household,Rated,Marvel,HBO Max,2026-10-03,,,,315635,posters/315635.jpg,133,"Following the events of Captain America: Civil War, Peter Parker, with the help of his mentor Tony Stark, tries to balance his life as an ordinary high school student in Queens, New York City, with fighting crime as his superhero alter ego Spider-Man as a new threat, the Vulture, emerges.","Status was Seen, unrated with a rating already on the row, which cannot both be true; set to Rated 2026-10-04. The sheet was stale on this row and the paste was newer.",PG-13,
Spider-Man: Far From Home,2019,Action-comedy,4.8,4.8,Household,Rated,Marvel,"Netflix, Amazon Prime Video, Apple TV, Universal+ Amazon Channel",2026-10-03,,,,429617,posters/429617.jpg,129,"Peter Parker and his friends go on a summer trip to Europe. However, they will hardly be able to rest - Peter will have to agree to help Nick Fury uncover the mystery of creatures that cause natural disasters and destruction throughout the continent.","Status was Seen, unrated with a rating already on the row, which cannot both be true; set to Rated 2026-10-04. The sheet was stale on this row and the paste was newer.",PG-13,
Spider-Man: No Way Home,2021,Action-comedy,4.8,4.8,Household,Rated,Marvel,Universal+ Amazon Channel,2026-10-03,,,,634649,posters/634649.jpg,148,"Peter Parker is unmasked and no longer able to separate his normal life from the high-stakes of being a super-hero. When he asks for help from Doctor Strange the stakes become even more dangerous, forcing him to discover what it truly means to be Spider-Man.","Status was Seen, unrated with a rating already on the row, which cannot both be true; set to Rated 2026-10-04. The sheet was stale on this row and the paste was newer.",PG-13,
Spider-Man: Into the Spider-Verse,2018,Action-comedy,4.7,4.7,Household,Rated,Marvel,"Amazon Prime Video, Universal+ Amazon Channel",2026-10-03,,,,324857,posters/324857.jpg,117,"Struggling to find his place in the world while juggling school and family, Brooklyn teenager Miles Morales is unexpectedly bitten by a radioactive spider and develops unfathomable powers just like the one and only Spider-Man. While wrestling with the implications of his new abilities, Miles discovers a super collider created by the madman Wilson ""Kingpin"" Fisk, causing others from across the Spider-Verse to be inadvertently transported to his dimension.","Status was Seen, unrated with a rating already on the row, which cannot both be true; set to Rated 2026-10-04. The sheet was stale on this row and the paste was newer.",PG,
Deadpool,2016,Action-comedy,4.5,4.5,Household,Rated,Marvel,Disney Plus,2026-10-03,,,,293660,posters/293660.jpg,108,"The origin story of former Special Forces operative turned mercenary Wade Wilson, who, after being subjected to a rogue experiment that leaves him with accelerated healing powers, adopts the alter ego Deadpool. Armed with his new abilities and a dark, twisted sense of humor, Deadpool hunts down the man who nearly destroyed his life.","Status was Seen, unrated with a rating already on the row, which cannot both be true; set to Rated 2026-10-04. The sheet was stale on this row and the paste was newer.",R,
Deadpool 2,2018,Action-comedy,4.6,4.6,Household,Rated,Marvel,Disney Plus,2026-10-03,,,,383498,posters/383498.jpg,120,Wisecracking mercenary Deadpool battles the evil and powerful Cable and other bad guys to save a boy's life.,"Status was Seen, unrated with a rating already on the row, which cannot both be true; set to Rated 2026-10-04. The sheet was stale on this row and the paste was newer.",R,
Deadpool & Wolverine,2024,Action-comedy,4.8,4.8,Household,Rated,Marvel,Disney Plus,2026-10-03,,,,533535,posters/533535.jpg,128,"A listless Wade Wilson toils away in civilian life with his days as the morally flexible mercenary, Deadpool, behind him. But when his homeworld faces an existential threat, Wade must reluctantly suit-up again with an even more reluctant Wolverine.","The Deadpool voice Chris writes in. Status was Seen, unrated with a rating already on the row, which cannot both be true; set to Rated 2026-10-04. The sheet was stale on this row and the paste was newer.",R,
Aquaman,2018,Action,4.2,4.2,Household,Rated,Superhero,"HBO Max, Universal+ Amazon Channel",2026-10-03,,,,297802,posters/297802.jpg,143,"Half-human, half-Atlantean Arthur Curry is taken on the journey of his lifetime to discover if he is worth of being a king.","Status was Seen, unrated with a rating already on the row, which cannot both be true; set to Rated 2026-10-04. The sheet was stale on this row and the paste was newer.",PG-13,
Batman v Superman: Dawn of Justice,2016,Action,4.3,4.3,Household,Rated,Superhero,HBO Max,2026-10-03,,,,209112,posters/209112.jpg,152,"Fearing the actions of a god-like Super Hero left unchecked, Gotham City’s own formidable, forceful vigilante takes on Metropolis’s most revered, modern-day savior, while the world wrestles with what sort of hero it really needs. And with Batman and Superman at war with one another, a new threat quickly arises, putting mankind in greater danger than it’s ever known before.","Status was Seen, unrated with a rating already on the row, which cannot both be true; set to Rated 2026-10-04. The sheet was stale on this row and the paste was newer.",PG-13,
Wonder Woman,2017,Action,4.7,4.7,Household,Rated,Superhero,"Rent: Apple TV Store, Google Play Movies",2026-10-03,,,,297762,posters/297762.jpg,141,An Amazon princess comes to the world of Man in the grips of the First World War to confront the forces of evil and bring an end to human conflict.,"Status was Seen, unrated with a rating already on the row, which cannot both be true; set to Rated 2026-10-04. The sheet was stale on this row and the paste was newer.",PG-13,
Superman,2025,Action,4.5,4.5,Household,Rated,Superhero,HBO Max,2026-10-03,,,,1061474,posters/1061474.jpg,130,"Superman, a journalist in Metropolis, embarks on a journey to reconcile his Kryptonian heritage with his human upbringing as Clark Kent.","Status was Seen, unrated with a rating already on the row, which cannot both be true; set to Rated 2026-10-04. The sheet was stale on this row and the paste was newer.",PG-13,
Batman: The Dark Knight Returns,2012,Action,4.3,4.3,Household,Rated,Superhero,HBO Max,2026-10-03,,,,123025,posters/123025.jpg,76,"Batman has not been seen for ten years. A new breed of criminal ravages Gotham City, forcing 55-year-old Bruce Wayne back into the cape and cowl. But, does he still have what it takes to fight crime in a new era?",Chris listed this as a documentary; it is the two-part animated film. Worth confirming which he means.,PG-13,
Die Hard,1988,Action,4.3,4.3,Household,Rated,Christmas,Disney Plus,2026-10-03,,,,562,posters/562.jpg,132,"High above the city of L.A. a team of terrorists has seized a building, taken hostages, and declared war. One man has manages to escape... An off-duty cop hiding somewhere inside. He's alone, tired... and the only chance anyone has got.","Moved into the Christmas lane 2026-10-04 from ""Blockbuster"": it is on the list the family actually watches every December. Updated 2026-10-04 through the app’s live save to the sheet, then pulled into the vault.",R,
Heat,1995,Action,4.6,4.6,Household,Rated,Blockbuster,Disney Plus,2026-10-03,,,,949,posters/949.jpg,170,Obsessive master thief Neil McCauley leads a top-notch crew on various daring heists throughout Los Angeles while determined detective Vincent Hanna pursues him without rest. Each man recognizes and respects the ability and the dedication of the other even though they are aware their cat-and-mouse game may end in violence.,"Status was Seen, unrated with a rating already on the row, which cannot both be true; set to Rated 2026-10-04. The sheet was stale on this row and the paste was newer.",R,
Baby Driver,2017,Action,4.4,4.4,Household,Rated,Blockbuster,HBO Max,2026-10-03,,,,339403,posters/339403.jpg,113,"After being coerced into working for a crime boss, a young getaway driver finds himself taking part in a heist doomed to fail.","Status was Seen, unrated with a rating already on the row, which cannot both be true; set to Rated 2026-10-04. The sheet was stale on this row and the paste was newer.",R,
The Mummy,1999,Action,4.4,4.4,Household,Rated,Blockbuster,"Netflix, Amazon Prime Video, HBO Max, Universal+ Amazon Channel",2026-10-03,,,,564,posters/564.jpg,124,Dashing legionnaire Rick O'Connell stumbles upon the hidden ruins of Hamunaptra while in the midst of a battle to claim the area in 1920s Egypt. It has been over three thousand years since former High Priest Imhotep suffered a fate worse than death as a punishment for a forbidden love—along with a curse that guarantees eternal doom upon the world if he is ever awoken.,"Status was Seen, unrated with a rating already on the row, which cannot both be true; set to Rated 2026-10-04. The sheet was stale on this row and the paste was newer.",PG-13,
The Mummy Returns,2001,Action,4.4,4.4,Household,Rated,Blockbuster,"Netflix, Amazon Prime Video, HBO Max, Universal+ Amazon Channel",2026-10-03,,,,1734,posters/1734.jpg,130,"Rick and Evelyn O’Connell, along with their 8-year-old son Alex, discover the key to the legendary Scorpion King’s might: the fabled Bracelet of Anubis. Unfortunately, a newly resurrected Imhotep has designs on the bracelet as well, and isn’t above kidnapping its new bearer, Alex, to gain control of Anubis’s otherworldly army.","Status was Seen, unrated with a rating already on the row, which cannot both be true; set to Rated 2026-10-04. The sheet was stale on this row and the paste was newer.",PG-13,
Mission: Impossible - Rogue Nation,2015,Action,4.5,4.5,Household,Rated,Blockbuster,"Paramount Plus, Universal+ Amazon Channel",2026-10-03,,,,177677,posters/177677.jpg,131,"Ethan and team take on their most impossible mission yet—eradicating 'The Syndicate', an International and highly-skilled rogue organization committed to destroying the IMF.","Status was Seen, unrated with a rating already on the row, which cannot both be true; set to Rated 2026-10-04. The sheet was stale on this row and the paste was newer.",PG-13,
Mission: Impossible - Dead Reckoning Part One,2023,Action,4.5,4.5,Household,Rated,Blockbuster,Paramount Plus,2026-10-03,,,,575264,posters/575264.jpg,164,"Ethan Hunt and his IMF team embark on their most dangerous mission yet: To track down a terrifying new weapon that threatens all of humanity before it falls into the wrong hands. With control of the future and the world's fate at stake and dark forces from Ethan's past closing in, a deadly race around the globe begins. Confronted by a mysterious, all-powerful enemy, Ethan must consider that nothing can matter more than his mission—not even the lives of those he cares about most.","Status was Seen, unrated with a rating already on the row, which cannot both be true; set to Rated 2026-10-04. The sheet was stale on this row and the paste was newer.",PG-13,
The Hitman’s Bodyguard,2017,Action,4.5,4.5,Household,Rated,Blockbuster,Netflix,2026-10-03,,,,390043,posters/390043.jpg,118,"The world’s top bodyguard gets a new client, a hitman who must testify at the International Court of Justice. They must put their differences aside and work together to make it to the trial on time.","Status was Seen, unrated with a rating already on the row, which cannot both be true; set to Rated 2026-10-04. The sheet was stale on this row and the paste was newer.",R,
The Hunger Games,2012,Action,4.6,4.6,Household,Rated,Blockbuster,"Rent: Apple TV Store, Google Play Movies",2026-10-03,,,,70160,posters/70160.jpg,142,"In a dystopian society where the Capitol forces each district to send two young tributes to fight to the death in a televised spectacle, a girl volunteers to take her sister’s place, setting the stage for a struggle of survival and defiance.","Status was Seen, unrated with a rating already on the row, which cannot both be true; set to Rated 2026-10-04. The sheet was stale on this row and the paste was newer.",PG-13,
Gran Turismo,2023,Action,4.5,4.5,Household,Rated,Blockbuster,Netflix,2026-10-03,,,,980489,posters/980489.jpg,135,The ultimate wish-fulfillment tale of a teenage Gran Turismo player whose gaming skills won him a series of Nissan competitions to become an actual professional racecar driver.,"Status was Seen, unrated with a rating already on the row, which cannot both be true; set to Rated 2026-10-04. The sheet was stale on this row and the paste was newer.",PG-13,
1917,2019,Action,4.6,4.6,Household,Rated,Blockbuster,Amazon Prime Video,2026-10-03,,,,530915,posters/530915.jpg,119,"At the height of the First World War, two young British soldiers must cross enemy territory and deliver a message that will stop a deadly attack on hundreds of soldiers.","Status was Seen, unrated with a rating already on the row, which cannot both be true; set to Rated 2026-10-04. The sheet was stale on this row and the paste was newer.",R,
Superbad,2007,Comedy,4.8,4.8,Household,Rated,Frat Pack,"Buy: Apple TV Store, Google Play Movies",2026-10-03,,,,8363,posters/8363.jpg,113,Two co-dependent high school seniors are forced to deal with separation anxiety after their plan to stage a booze-soaked party goes awry.,"Status was Seen, unrated with a rating already on the row, which cannot both be true; set to Rated 2026-10-04. The sheet was stale on this row and the paste was newer.",R,
Anchorman: The Legend of Ron Burgundy,2004,Comedy,4.7,4.7,Household,Rated,Frat Pack,"Rent: Apple TV Store, Google Play Movies",2026-10-03,,,,8699,posters/8699.jpg,95,"It's the 1970s and San Diego anchorman Ron Burgundy is the top dog in local TV, but that's all about to change when ambitious reporter Veronica Corningstone arrives as a new employee at his station.","Status was Seen, unrated with a rating already on the row, which cannot both be true; set to Rated 2026-10-04. The sheet was stale on this row and the paste was newer.",PG-13,
Step Brothers,2008,Comedy,4.6,4.6,Household,Rated,Frat Pack,"Buy: Apple TV Store, Google Play Movies",2026-10-03,,,,12133,posters/12133.jpg,98,"Brennan Huff and Dale Doback might be grown men. But that doesn't stop them from living at home and turning into jealous, competitive stepbrothers when their single parents marry. Brennan's constant competition with Dale strains his mom's marriage to Dale's dad, leaving everyone to wonder whether they'll ever see eye to eye.","Status was Seen, unrated with a rating already on the row, which cannot both be true; set to Rated 2026-10-04. The sheet was stale on this row and the paste was newer.",R,
Old School,2003,Comedy,4.2,4.2,Household,Rated,Frat Pack,Paramount Plus,2026-10-03,,,,11635,posters/11635.jpg,92,Three friends attempt to recapture their glory days by opening up a fraternity near their alma mater.,"Status was Seen, unrated with a rating already on the row, which cannot both be true; set to Rated 2026-10-04. The sheet was stale on this row and the paste was newer.",R,
Tropic Thunder,2008,Comedy,4.3,4.3,Household,Rated,Frat Pack,Paramount Plus,2026-10-03,,,,7446,posters/7446.jpg,107,"A group of self-absorbed actors set out to make the most expensive war film ever. After ballooning costs force the studio to cancel the movie, the frustrated director refuses to stop shooting, leading his cast into the jungles of Southeast Asia, where they encounter real bad guys.","Status was Seen, unrated with a rating already on the row, which cannot both be true; set to Rated 2026-10-04. The sheet was stale on this row and the paste was newer.",R,
Zoolander,2001,Comedy,4.2,4.2,Household,Rated,Frat Pack,"Rent: Apple TV Store, Google Play Movies",2026-10-03,,,,9398,posters/9398.jpg,89,"Clear the runway for Derek Zoolander, VH1's three-time male model of the year. His face falls when hippie-chic Hansel scooters in to steal this year's award. The evil fashion guru Mugatu seizes the opportunity to turn Derek into a killing machine. It's a well-designed conspiracy and only with the help of Hansel and a few well-chosen accessories like Matilda can Derek make the world safe for male models everywhere.","Status was Seen, unrated with a rating already on the row, which cannot both be true; set to Rated 2026-10-04. The sheet was stale on this row and the paste was newer.",PG-13,
Nacho Libre,2006,Comedy,4.2,4.2,Household,Rated,Frat Pack,"Netflix, Paramount Plus, VIX , ViX Premium Amazon Channel",2026-10-03,,,,9353,posters/9353.jpg,92,"Ignacio, a disrespected cook at a Mexican monastery, can barely afford to feed the orphans who live there. Inspired by a local wrestling hero, he decides to moonlight as the not-so-famous Luchador ""Nacho Libre"" to earn money for the monastery -- not to mention the admiration of beautiful nun Sister Encarnación.","Status was Seen, unrated with a rating already on the row, which cannot both be true; set to Rated 2026-10-04. The sheet was stale on this row and the paste was newer.",PG,
Good Boys,2019,Comedy,4.1,4.1,Household,Rated,Frat Pack,"Rent: Apple TV Store, Google Play Movies",2026-10-03,,,,521777,posters/521777.jpg,90,A group of young boys on the cusp of becoming teenagers embark on an epic quest to fix their broken drone before their parents get home.,"Status was Seen, unrated with a rating already on the row, which cannot both be true; set to Rated 2026-10-04. The sheet was stale on this row and the paste was newer.",R,
Booksmart,2019,Comedy,4,4,Household,Rated,Frat Pack,Universal+ Amazon Channel,2026-10-03,,,,505600,posters/505600.jpg,102,"Two academic teenage superstars realize, on the eve of their high school graduation, that they should have worked less and played more. Determined to never fall short of their peers, the girls set out on a mission to cram four years of fun into one night.","Status was Seen, unrated with a rating already on the row, which cannot both be true; set to Rated 2026-10-04. The sheet was stale on this row and the paste was newer.",R,
Rush Hour,1998,Comedy,4,4,Household,Rated,Frat Pack,HBO Max,2026-10-03,,,,2109,posters/2109.jpg,97,"When Hong Kong Inspector Lee is summoned to Los Angeles to investigate a kidnapping, the FBI doesn't want any outside help and assigns cocky LAPD Detective James Carter to distract Lee from the case. Not content to watch the action from the sidelines, Lee and Carter form an unlikely partnership and investigate the case themselves.","Status was Seen, unrated with a rating already on the row, which cannot both be true; set to Rated 2026-10-04. The sheet was stale on this row and the paste was newer.",PG-13,
Rush Hour 2,2001,Comedy,4,4,Household,Rated,Frat Pack,"Amazon Prime Video, HBO Max",2026-10-03,,,,5175,posters/5175.jpg,90,"It's vacation time for Carter as he finds himself alongside Lee in Hong Kong wishing for more excitement. While Carter wants to party and meet the ladies, Lee is out to track down a Triad gang lord who may be responsible for killing two men at the American Embassy. Things get complicated as the pair stumble onto a counterfeiting plot. The boys are soon up to their necks in fist fights and life-threatening situations. A trip back to the U.S. may provide the answers about the bombing, the counterfeiting, and the true allegiance of sexy customs agent Isabella.","Status was Seen, unrated with a rating already on the row, which cannot both be true; set to Rated 2026-10-04. The sheet was stale on this row and the paste was newer.",PG-13,
Ace Ventura: Pet Detective,1994,Comedy,4.6,4.6,Household,Rated,Frat Pack,Netflix,2026-10-03,,,,3049,posters/3049.jpg,86,"He's Ace Ventura: Pet Detective. The Ace is on the case to find the Miami Dolphins' missing mascot and quarterback Dan Marino. He goes eyeball to eyeball with a man-eating shark, stakes out the Miami Dolphins and woos and wows the ladies. Whether he's undercover, under fire or underwater, he always gets his man… or beast!","Status was Seen, unrated with a rating already on the row, which cannot both be true; set to Rated 2026-10-04. The sheet was stale on this row and the paste was newer.",PG-13,
Down Periscope,1996,Comedy,3.8,3.8,Household,Rated,Frat Pack,,2026-10-03,,,,9101,posters/9101.jpg,92,"Maverick Navy Lieutenant Commander Tom Dodge will never be a textbook officer, but he's a brilliant seaman who's always wanted to command a nuclear submarine — he's been given one last chance to clean up his record. Unfortunately, Admiral Graham, his nemesis, would rather sink the fleet than give Dodge his own boat. So, Graham stacks the deck against him and assigns Dodge to the Stingray, a diesel-powered WW2 submarine that can barely keep afloat. To make matters worse, Dodge's crew is a collection of maladjusted, mistake-prone misfits. Then, he's tagged the ""enemy"" in a crucial war game, and ordered to take on the U.S. Navy's best.","Status was Seen, unrated with a rating already on the row, which cannot both be true; set to Rated 2026-10-04. The sheet was stale on this row and the paste was newer.",PG-13,
Encino Man,1992,Comedy,3.7,3.7,Household,Rated,Frat Pack,Netflix,2026-10-03,,,,10406,posters/10406.jpg,88,"High school misfits Stoney and Dave discover a long-frozen primeval man buried in their backyard. But the thawed-out Link—as the boys have named him—quickly becomes a wild card in the teens' already zany Southern California lives. After a shave and some new clothes, Link's presence at school makes the daily drudgery a lot more interesting.","Status was Seen, unrated with a rating already on the row, which cannot both be true; set to Rated 2026-10-04. The sheet was stale on this row and the paste was newer.",PG,
UHF,1989,Comedy,3.5,3.5,Household,Rated,Frat Pack,Rent: Google Play Movies,2026-10-03,,,,11959,posters/11959.jpg,97,The eccentric new manager of a UHF television channel tries to save the station from financial ruin with an odd array of programming.,"Status was Seen, unrated with a rating already on the row, which cannot both be true; set to Rated 2026-10-04. The sheet was stale on this row and the paste was newer.",PG-13,
City Slickers,1991,Comedy,3.8,3.8,Household,Rated,Frat Pack,"Rent: Apple TV Store, Google Play Movies",2026-10-03,,,,1406,posters/1406.jpg,114,"Three New York businessmen decide to take a ""Wild West"" vacation that turns out not to be the relaxing vacation they had envisioned.","Status was Seen, unrated with a rating already on the row, which cannot both be true; set to Rated 2026-10-04. The sheet was stale on this row and the paste was newer.",PG-13,
Ghostbusters,1984,Comedy,4,4,Household,Rated,Frat Pack,HBO Max,2026-10-03,,,,620,posters/620.jpg,105,"After losing their university jobs, three parapsychologists start a ghost-catching business in New York City and uncover a supernatural threat that could destroy the world.","Status was Seen, unrated with a rating already on the row, which cannot both be true; set to Rated 2026-10-04. The sheet was stale on this row and the paste was newer.",PG,
School of Rock,2003,Comedy,4.1,4.1,Household,Rated,Frat Pack,Paramount Plus,2026-10-03,,,,1584,posters/1584.jpg,110,"Fired from his band and hard up for cash, guitarist and vocalist Dewey Finn finagles his way into a job as a fifth-grade substitute teacher at a private school, where he secretly begins teaching his straight-A students the finer points of rock 'n' roll and the power of sticking it to the man. But as the school’s stern principal closes in and the Battle of the Bands looms, Dewey must risk everything to prove that rock 'n' roll can change lives.","Status was Seen, unrated with a rating already on the row, which cannot both be true; set to Rated 2026-10-04. The sheet was stale on this row and the paste was newer.",PG-13,
Pitch Perfect,2012,Comedy,4.6,4.6,Household,Rated,Frat Pack,"HBO Max, Universal+ Amazon Channel",2026-10-03,,,,114150,posters/114150.jpg,112,"College student Beca knows she does not want to be part of a clique, but that's exactly where she finds herself after arriving at her new school. Thrust in among mean gals, nice gals and just plain weird gals, Beca finds that the only thing they have in common is how well they sing together. She takes the women of the group out of their comfort zone of traditional arrangements and into a world of amazing harmonic combinations in a fight to the top of college music competitions.","Status was Seen, unrated with a rating already on the row, which cannot both be true; set to Rated 2026-10-04. The sheet was stale on this row and the paste was newer.",PG-13,
Jojo Rabbit,2019,Comedy,4.8,4.8,Household,Rated,Frat Pack,Disney Plus,2026-10-03,,,,515001,posters/515001.jpg,108,"Jojo, a lonely German boy during World War II has his world shaken when he learns that his single mother is hiding a Jewish girl in their home. Influenced by a buffoonish imaginary version of Adolf Hitler, he begins to question his beliefs and confront the conflict between propaganda and his own humanity.","Status was Seen, unrated with a rating already on the row, which cannot both be true; set to Rated 2026-10-04. The sheet was stale on this row and the paste was newer.",PG-13,
Amsterdam,2022,Comedy,4.9,4.9,Household,Rated,Frat Pack,,2026-10-03,,,,664469,posters/664469.jpg,134,"In the 1930s, three friends—a doctor, a nurse, and an attorney—witness a murder, become suspects themselves and uncover one of the most outrageous plots in American history.","Status was Seen, unrated with a rating already on the row, which cannot both be true; set to Rated 2026-10-04. The sheet was stale on this row and the paste was newer.",R,
The French Dispatch,2021,Comedy,4.4,4.4,Household,Rated,Frat Pack,Disney Plus,2026-10-03,,,,542178,posters/542178.jpg,108,"The staff of an American magazine based in France puts out its last issue, with stories featuring an artist sentenced to life imprisonment, student riots, and a kidnapping resolved by a chef.","Status was Seen, unrated with a rating already on the row, which cannot both be true; set to Rated 2026-10-04. The sheet was stale on this row and the paste was newer.",R,
Jumanji,1995,Comedy,4,4,Household,Rated,Frat Pack,"Amazon Prime Video, HBO Max",2026-10-03,,,,8844,posters/8844.jpg,104,"When siblings Judy and Peter discover an enchanted board game that opens the door to a magical world, they unwittingly invite Alan -- an adult who's been trapped inside the game for 26 years -- into their living room. Alan's only hope for freedom is to finish the game, which proves risky as all three find themselves running from giant rhinoceroses, evil monkeys and other terrifying creatures.","The original. Status was Seen, unrated with a rating already on the row, which cannot both be true; set to Rated 2026-10-04. The sheet was stale on this row and the paste was newer.",PG,
Jumanji: Welcome to the Jungle,2017,Comedy,4,4,Household,Rated,Frat Pack,HBO Max,2026-10-03,,,,353486,posters/353486.jpg,119,"Four teenagers in detention discover an old video game console with a game they’ve never heard of. When they decide to play, they are immediately sucked into the jungle world of Jumanji in the bodies of their avatars. They’ll have to complete the adventure of their lives filled with fun, thrills and danger or be stuck in the game forever!","The Rock and Kevin Hart. Chris described these as one film. Status was Seen, unrated with a rating already on the row, which cannot both be true; set to Rated 2026-10-04. The sheet was stale on this row and the paste was newer.",PG-13,
The Shawshank Redemption,1994,Drama,5,5,Household,Rated,Prestige,"Netflix, HBO Max",2026-10-03,,,,278,posters/278.jpg,142,"Imprisoned in the 1940s for the double murder of his wife and her lover, upstanding banker Andy Dufresne begins a new life at the Shawshank prison, where he puts his accounting skills to work for an amoral warden. During his long stretch in prison, Dufresne comes to be admired by the other inmates -- including an older prisoner named Red -- for his integrity and unquenchable sense of hope.",,R,
Forrest Gump,1994,Drama,4.8,4.8,Household,Rated,Prestige,Paramount Plus,2026-10-03,,,,13,posters/13.jpg,142,"A man with a low IQ has accomplished great things in his life and been present during significant historic events—in each case, far exceeding what anyone imagined he could do. But despite all he has achieved, his one true love eludes him.","Status was Seen, unrated with a rating already on the row, which cannot both be true; set to Rated 2026-10-04. The sheet was stale on this row and the paste was newer.",PG-13,
Goodfellas,1990,Drama,4.5,4.5,Household,Rated,Prestige,HBO Max,2026-10-03,,,,769,posters/769.jpg,145,"The true story of Henry Hill, a half-Irish, half-Sicilian Brooklyn kid who is adopted by neighbourhood gangsters at an early age and climbs the ranks of a Mafia family under the guidance of Jimmy Conway.","Status was Seen, unrated with a rating already on the row, which cannot both be true; set to Rated 2026-10-04. The sheet was stale on this row and the paste was newer.",R,
Pulp Fiction,1994,Drama,4.8,4.8,Household,Rated,Prestige,Rent: Apple TV Store,2026-10-03,,,,680,posters/680.jpg,154,"A burger-loving hit man, his philosophical partner, a drug-addled gangster's moll and a washed-up boxer converge in this sprawling, comedic crime caper. Their adventures unfurl in three stories that ingeniously trip back and forth in time.","Status was Seen, unrated with a rating already on the row, which cannot both be true; set to Rated 2026-10-04. The sheet was stale on this row and the paste was newer.",R,
Once Upon a Time in Hollywood,2019,Drama,4.4,4.4,Household,Rated,Prestige,"Netflix, Amazon Prime Video",2026-10-03,,,,466272,posters/466272.jpg,162,"Los Angeles, 1969. TV star Rick Dalton, a struggling actor specializing in westerns, and stuntman Cliff Booth, his best friend, try to survive in a constantly changing movie industry. Dalton is the neighbor of the young and promising actress and model Sharon Tate, who has just married the prestigious Polish director Roman Polanski…","Status was Seen, unrated with a rating already on the row, which cannot both be true; set to Rated 2026-10-04. The sheet was stale on this row and the paste was newer.",R,
What Dreams May Come,1998,Drama,4.5,4.5,Household,Rated,Prestige,"Rent: Apple TV Store, Google Play Movies",2026-10-03,,,,12159,posters/12159.jpg,113,"After Chris Nielsen dies in a car accident, he is guided through the afterlife by his spirit guide, Albert. His new world is beautiful and can be whatever Chris imagines. Even his children are there. But, when his wife, Annie, commits suicide and is sent to hell, Chris ignores Albert's warnings and journeys there to save her. Upon arrival, Chris finds that rescuing Annie will be more difficult than he'd imagined.","Status was Seen, unrated with a rating already on the row, which cannot both be true; set to Rated 2026-10-04. The sheet was stale on this row and the paste was newer.",PG-13,
The Unbreakable Boy,2025,Drama,4.1,4.1,Household,Rated,Prestige,Amazon Prime Video,2026-10-03,,,,765897,posters/765897.jpg,108,"When Scott and Teresa LeRette learn that their son Austin is both autistic and has brittle bone disease, they initially worry for their son’s future. But with Scott’s growing faith and Austin’s incredible spirit, they become 'unbreakable', finding joy, gratitude, and courage even in the most trying times.","Status was Seen, unrated with a rating already on the row, which cannot both be true; set to Rated 2026-10-04. The sheet was stale on this row and the paste was newer.",PG,
Aware: Glimpses of Consciousness,2021,Drama,4,4,Solo,Rated,Documentary,,2026-10-03,,,,863339,posters/863339.jpg,102,"Aware follows six brilliant researchers around the world who set out to discover the true meaning of consciousness, the world's greatest unsolved mystery. Through radically different approaches, the cast of researchers take the audience into a fascinating world of high-tech brain research, eastern meditation, psychedelics, the consciousness of plants experiments and eventually beyond the explicable.","Chris described it as ""a documentary like an aware glimpse of consciousness"".",,
Becoming Nobody,2019,Drama,4.4,4.4,Solo,Rated,Documentary,Rent: Eventive,2026-10-03,,,,626013,posters/626013.jpg,81,"The core arc of Ram Dass’ teachings and life: whether as Dr. Richard Alpert, the eminent Harvard psychologist, or as Ram Dass who serves as a bridge between Eastern and Western philosophies, he has defined a generation of inner explorers and seekers of truth and wisdom.",Ram Dass.,,
"Beats, Rhymes & Life: The Travels of A Tribe Called Quest",2011,Drama,4.9,4.9,Solo,Rated,Documentary,,2026-10-03,,,,70342,posters/70342.jpg,97,"Having forged a 20-year run as one of the most innovative and influential hip hop bands of all time, the Queens NY collective known as 'A Tribe Called Quest' have kept a generation hungry for more of their groundbreaking music since their much publicized breakup in 1998. Michael Rapaport documents the inner workings and behind the scenes drama that follows the band to this day. He explores what's next for, what many claim, are the pioneers of alternative rap.",,R,
The Sunshine Makers,2015,Drama,4.9,4.9,Solo,Rated,Documentary,,2026-10-03,,,,434336,posters/434336.jpg,101,"The story of Nicholas Sand and Tim Scully, the unlikely duo at the heart of 1960s American drug counter-culture. United in a utopian mission to save the planet through the consciousness-raising power of LSD, these underground chemists manufactured a massive amount of acid, including the gold standard for quality LSD, 'Orange Sunshine,' all while staying one step ahead of the Feds.",,,
Piece by Piece,2024,Drama,4.8,4.8,Family,Rated,Documentary,"Rent: Apple TV Store, Google Play Movies",2026-10-03,,,,1236419,posters/1236419.jpg,94,"A unique cinematic experience that invites audiences on a vibrant journey through the life of cultural icon Pharrell Williams. Told through the lens of LEGO® animation, turn up the volume on your imagination and witness the evolution of one of music's most innovative minds.","Pharrell, in Lego.",PG,
"Harry Potter (complete series, 8 films)",,Adventure,4.7,4.7,Household,Dropped,Wizarding World,,,,,,,,,,"Retired 2026-10-04, replaced by the eight individual films so they can be ranked separately. Its 4.7 rating was carried onto each of them as a starting point.",,carry
Fantastic Beasts: The Crimes of Grindelwald,2018,Adventure,4.6,4.6,Household,Rated,Wizarding World,HBO Max,2026-10-03,,,,338952,posters/338952.jpg,134,"Gellert Grindelwald has escaped imprisonment and has begun gathering followers to his cause—elevating wizards above all non-magical beings. The only one capable of putting a stop to him is the wizard he once called his closest friend, Albus Dumbledore. However, Dumbledore will need to seek help from the wizard who had thwarted Grindelwald once before, his former student Newt Scamander, who agrees to help, unaware of the dangers that lie ahead. Lines are drawn as love and loyalty are tested, even among the truest friends and family, in an increasingly divided wizarding world.","Status was Seen, unrated with a rating already on the row, which cannot both be true; set to Rated 2026-10-04. The sheet was stale on this row and the paste was newer.",PG-13,
The Lord of the Rings: The Fellowship of the Ring,2001,Adventure,4.5,4.5,Family,Rated,Middle-earth,"Netflix, Disney Plus, HBO Max",2026-10-03,,,,120,posters/120.jpg,179,"Young hobbit Frodo Baggins, after inheriting a mysterious ring from his uncle Bilbo, must leave his home in order to keep it from falling into the hands of its evil creator. Along the way, a fellowship is formed to protect the ringbearer and make sure that the ring arrives at its final destination: Mt. Doom, the only place where it can be destroyed.","Trilogy day 2026-10-04 with Hudson and Hendrix. Chris gave 4.5 in his own words that evening, replacing the earlier unconfirmed figure.",PG-13,
Aladdin,1992,Animated / family,4.2,4.2,Household,Rated,Animated Family,Disney Plus,2026-10-03,,,,812,posters/812.jpg,91,"In the boorish city of Agrabah, kind-hearted street urchin Aladdin and Princess Jasmine fall in love, although she can only marry a prince. He and power-hungry Grand Vizier Jafar vie for a magic lamp that can fulfill their wishes.","Status was Seen, unrated with a rating already on the row, which cannot both be true; set to Rated 2026-10-04. The sheet was stale on this row and the paste was newer.",G,
Aladdin,2019,Animated / family,4.2,4.2,Household,Rated,Animated Family,Disney Plus,2026-10-03,,,,420817,posters/420817.jpg,127,A kindhearted street urchin named Aladdin embarks on a magical adventure after finding a lamp that releases a wisecracking genie while a power-hungry Grand Vizier vies for the same lamp that has the power to make their deepest wishes come true.,"The live-action remake. Status was Seen, unrated with a rating already on the row, which cannot both be true; set to Rated 2026-10-04. The sheet was stale on this row and the paste was newer.",PG,
Beauty and the Beast,1991,Animated / family,4.2,4.2,Household,Rated,Animated Family,Disney Plus,2026-10-03,,,,10020,posters/10020.jpg,84,"Follow the adventures of Belle, a bright young woman who finds herself in the castle of a prince who's been turned into a mysterious beast. With the help of the castle's enchanted staff, Belle soon learns the most important lesson of all -- that true beauty comes from within.","Status was Seen, unrated with a rating already on the row, which cannot both be true; set to Rated 2026-10-04. The sheet was stale on this row and the paste was newer.",G,
Brave,2012,Animated / family,4,4,Household,Rated,Animated Family,Disney Plus,2026-10-03,,,,62177,posters/62177.jpg,93,"In the mystical Scottish Highlands, Merida is the princess of a kingdom ruled by King Fergus and Queen Elinor. An unruly daughter and an accomplished archer, Merida one day defies a sacred custom of the land and inadvertently brings turmoil to the kingdom. In an attempt to set things right, Merida seeks out an eccentric old Wise Woman and is granted an ill-fated wish.","Status was Seen, unrated with a rating already on the row, which cannot both be true; set to Rated 2026-10-04. The sheet was stale on this row and the paste was newer.",PG,
Cars,2006,Animated / family,4.3,4.3,Household,Rated,Animated Family,Disney Plus,2026-10-03,,,,920,posters/920.jpg,117,"Lightning McQueen, a hotshot rookie race car driven to succeed, discovers that life is about the journey, not the finish line, when he finds himself unexpectedly detoured in the sleepy Route 66 town of Radiator Springs. On route across the country to the big Piston Cup Championship in California to compete against two seasoned pros, McQueen gets to know the town's offbeat characters.","Status was Seen, unrated with a rating already on the row, which cannot both be true; set to Rated 2026-10-04. The sheet was stale on this row and the paste was newer.",G,
Cars 3,2017,Animated / family,4.4,4.4,Household,Rated,Animated Family,"Disney Plus, Zee5",2026-10-03,,,,260514,posters/260514.jpg,102,"Blindsided by a new generation of blazing-fast racers, the legendary Lightning McQueen finds himself pushed to the brink—and suddenly, the champion who once ruled the track is fighting just to stay in the race. With his career hanging in the balance, McQueen must turn to an ambitious young race technician with a plan of her own, draw strength from the legacy of the late Fabulous Hudson Hornet, and risk everything on one last shot at glory.","Status was Seen, unrated with a rating already on the row, which cannot both be true; set to Rated 2026-10-04. The sheet was stale on this row and the paste was newer.",G,
Charlie and the Chocolate Factory,2005,Animated / family,4.7,4.7,Household,Rated,Animated Family,"Netflix, HBO Max",2026-10-03,,,,118,posters/118.jpg,115,"A young boy wins a tour through the most magnificent chocolate factory in the world, led by the world's most unusual candy maker.","Status was Seen, unrated with a rating already on the row, which cannot both be true; set to Rated 2026-10-04. The sheet was stale on this row and the paste was newer.",PG,
Coco,2017,Animated / family,4.5,4.5,Household,Rated,Animated Family,Disney Plus,2026-10-03,,,,354912,posters/354912.jpg,105,"Despite his family’s baffling generations-old ban on music, Miguel dreams of becoming an accomplished musician like his idol, Ernesto de la Cruz. Desperate to prove his talent, Miguel finds himself in the stunning and colorful Land of the Dead following a mysterious chain of events. Along the way, he meets charming trickster Hector, and together, they set off on an extraordinary journey to unlock the real story behind Miguel's family history.","Status was Seen, unrated with a rating already on the row, which cannot both be true; set to Rated 2026-10-04. The sheet was stale on this row and the paste was newer.",PG,
Crater,2023,Animated / family,,4,Household,Rated,Animated Family,,2026-10-03,,,,620705,posters/620705.jpg,104,"After the death of his father, a boy growing up on a lunar mining colony takes a trip to explore a legendary crater, along with his four best friends, prior to being permanently relocated to another planet.",,PG,
Frozen,2013,Animated / family,4.2,4.2,Household,Rated,Animated Family,Disney Plus,2026-10-03,,,,109445,posters/109445.jpg,102,"Young princess Anna of Arendelle dreams about finding true love at her sister Elsa’s coronation. Fate takes her on a dangerous journey in an attempt to end the eternal winter that has fallen over the kingdom. She's accompanied by ice delivery man Kristoff, his reindeer Sven, and snowman Olaf. On an adventure where she will find out what friendship, courage, family, and true love really means.","Status was Seen, unrated with a rating already on the row, which cannot both be true; set to Rated 2026-10-04. The sheet was stale on this row and the paste was newer.",PG,
Frozen II,2019,Animated / family,4.3,4.3,Household,Rated,Animated Family,Disney Plus,2026-10-03,,,,330457,posters/330457.jpg,103,"Elsa, Anna, Kristoff and Olaf head far into the forest to learn the truth about an ancient mystery of their kingdom.","Status was Seen, unrated with a rating already on the row, which cannot both be true; set to Rated 2026-10-04. The sheet was stale on this row and the paste was newer.",PG,
Home,2015,Animated / family,,4,Household,Rated,Animated Family,Amazon Prime Video,2026-10-03,,,,228161,posters/228161.jpg,94,"When Earth is taken over by the overly-confident Boov, an alien race in search of a new place to call home, all humans are promptly relocated, while all Boov get busy reorganizing the planet. But when one resourceful girl, Tip, manages to avoid capture, she finds herself the accidental accomplice of a banished Boov named Oh. The two fugitives realize there’s a lot more at stake than intergalactic relations as they embark on the road trip of a lifetime.",,PG,
Hotel Transylvania,2012,Animated / family,4,4,Household,Rated,Animated Family,"Amazon Prime Video, HBO Max, Universal+ Amazon Channel",2026-10-03,,,,76492,posters/76492.jpg,91,"Welcome to Hotel Transylvania, Dracula's lavish five-stake resort, where monsters and their families can live it up and no humans are allowed. One special weekend, Dracula has invited all his best friends to celebrate his beloved daughter Mavis's 118th birthday. For Dracula catering to all of these legendary monsters is no problem but the party really starts when one ordinary guy stumbles into the hotel and changes everything!","Status was Seen, unrated with a rating already on the row, which cannot both be true; set to Rated 2026-10-04. The sheet was stale on this row and the paste was newer.",PG,
The Incredibles,2004,Animated / family,4.2,4.2,Household,Rated,Animated Family,Disney Plus,2026-10-03,,,,9806,posters/9806.jpg,115,"Bob Parr has given up his superhero days to log in time as an insurance adjuster and raise his three children with his formerly heroic wife in suburbia. But when he receives a mysterious assignment, it's time to get back into costume.","Status was Seen, unrated with a rating already on the row, which cannot both be true; set to Rated 2026-10-04. The sheet was stale on this row and the paste was newer.",PG,
Inside Out,2015,Animated / family,4.2,4.2,Household,Rated,Animated Family,Disney Plus,2026-10-03,,,,150540,posters/150540.jpg,95,"When 11-year-old Riley moves to a new city, her Emotions team up to help her through the transition. Joy, Fear, Anger, Disgust and Sadness work together, but when Joy and Sadness get lost, they must journey through unfamiliar places to get back home.","Status was Seen, unrated with a rating already on the row, which cannot both be true; set to Rated 2026-10-04. The sheet was stale on this row and the paste was newer.",PG,
Inside Out 2,2024,Animated / family,4.3,4.3,Household,Rated,Animated Family,Disney Plus,2026-10-03,,,,1022789,posters/1022789.jpg,97,"Teenager Riley's mind headquarters is undergoing a sudden demolition to make room for something entirely unexpected: new Emotions! Joy, Sadness, Anger, Fear and Disgust, who’ve long been running a successful operation by all accounts, aren’t sure how to feel when Anxiety shows up. And it looks like she’s not alone.","Status was Seen, unrated with a rating already on the row, which cannot both be true; set to Rated 2026-10-04. The sheet was stale on this row and the paste was newer.",PG,
Kung Fu Panda 2,2011,Animated / family,4,4,Household,Rated,Animated Family,"Amazon Prime Video, HBO Max",2026-10-03,,,,49444,posters/49444.jpg,91,"Po is finally living the dream as the Dragon Warrior—until a shadow from his past comes roaring back. When the ruthless peacock Lord Shen unleashes a devastating new weapon used to wipe out kung fu masters across the land, Po and the Furious Five race across China to put an end to his plans. But if Po is to have any hope of stopping him, he must first confront the truth of his origins—and find inner peace before his past tears him apart.","Status was Seen, unrated with a rating already on the row, which cannot both be true; set to Rated 2026-10-04. The sheet was stale on this row and the paste was newer.",PG,
Kung Fu Panda 3,2016,Animated / family,4,4,Household,Rated,Animated Family,"Amazon Prime Video, HBO Max",2026-10-03,,,,140300,posters/140300.jpg,95,"While Po and his father are visiting a secret panda village, an evil spirit threatens all of China, forcing Po to form a ragtag army to fight back.","Status was Seen, unrated with a rating already on the row, which cannot both be true; set to Rated 2026-10-04. The sheet was stale on this row and the paste was newer.",PG,
Madagascar,2005,Animated / family,3.8,3.8,Household,Rated,Animated Family,"Amazon Prime Video, Universal+ Amazon Channel",2026-10-03,,,,953,posters/953.jpg,86,Four animal friends get a taste of the wild life when they break out of captivity at the Central Park Zoo and wash ashore on the island of Madagascar.,"Status was Seen, unrated with a rating already on the row, which cannot both be true; set to Rated 2026-10-04. The sheet was stale on this row and the paste was newer.",PG,
Migration,2023,Animated / family,3.9,3.9,Household,Rated,Animated Family,Netflix,2026-10-03,,,,940551,posters/940551.jpg,83,"After a migrating duck family alights on their pond with thrilling tales of far-flung places, the Mallard family embarks on a family road trip, from New England, to New York City, to tropical Jamaica.","Status was Seen, unrated with a rating already on the row, which cannot both be true; set to Rated 2026-10-04. The sheet was stale on this row and the paste was newer.",PG,
Minions,2015,Animated / family,4.2,4.2,Household,Rated,Animated Family,"HBO Max, Universal+ Amazon Channel",2026-10-03,,,,211672,posters/211672.jpg,91,"Minions Stuart, Kevin and Bob are recruited by Scarlet Overkill, a super-villain who, alongside her inventor husband Herb, hatches a plot to take over the world.","Status was Seen, unrated with a rating already on the row, which cannot both be true; set to Rated 2026-10-04. The sheet was stale on this row and the paste was newer.",PG,
Moana,2016,Animated / family,4,4,Household,Rated,Animated Family,Disney Plus,2026-10-03,,,,277834,posters/277834.jpg,107,"In Ancient Polynesia, when a terrible curse incurred by Maui reaches an impetuous Chieftain's daughter's island, she answers the Ocean's call to seek out the demigod to set things right.","Status was Seen, unrated with a rating already on the row, which cannot both be true; set to Rated 2026-10-04. The sheet was stale on this row and the paste was newer.",PG,
"Monsters, Inc.",2001,Animated / family,4,4,Household,Rated,Animated Family,Disney Plus,2026-10-03,,,,585,posters/585.jpg,92,"Lovable Sulley and his wisecracking sidekick Mike Wazowski are the top scare team at Monsters, Inc., the scream-processing factory in Monstropolis. When a little girl named Boo wanders into their world, it's the monsters who are scared silly, and it's up to Sulley and Mike to keep her out of sight and get her back home.","Status was Seen, unrated with a rating already on the row, which cannot both be true; set to Rated 2026-10-04. The sheet was stale on this row and the paste was newer.",G,
Monsters University,2013,Animated / family,4.2,4.2,Household,Rated,Animated Family,Disney Plus,2026-10-03,,,,62211,posters/62211.jpg,104,A look at the relationship between Mike and Sulley during their days at Monsters University — when they weren't necessarily the best of friends.,"Status was Seen, unrated with a rating already on the row, which cannot both be true; set to Rated 2026-10-04. The sheet was stale on this row and the paste was newer.",G,
Onward,2020,Animated / family,4.3,4.3,Household,Rated,Animated Family,Disney Plus,2026-10-03,,,,508439,posters/508439.jpg,102,"In a suburban fantasy world, two teenage elf brothers embark on an extraordinary quest to discover if there is still a little magic left out there.","Status was Seen, unrated with a rating already on the row, which cannot both be true; set to Rated 2026-10-04. The sheet was stale on this row and the paste was newer.",PG,
Over the Hedge,2006,Animated / family,4,4,Household,Rated,Animated Family,Amazon Prime Video,2026-10-03,,,,7518,posters/7518.jpg,83,"A scheming raccoon fools a mismatched family of forest creatures into helping him repay a debt of food, by invading the new suburban sprawl that popped up while they were hibernating – and learns a lesson about family himself.","Status was Seen, unrated with a rating already on the row, which cannot both be true; set to Rated 2026-10-04. The sheet was stale on this row and the paste was newer.",PG,
Puss in Boots,2011,Animated / family,4,4,Household,Rated,Animated Family,"Netflix, HBO Max",2026-10-03,,,,417859,posters/417859.jpg,90,"Long before he even met Shrek, the notorious fighter, lover and outlaw Puss in Boots becomes a hero when he sets off on an adventure with the tough and street smart Kitty Softpaws and the mastermind Humpty Dumpty to save his town. This is the true story of The Cat, The Myth, The Legend... The Boots.","Status was Seen, unrated with a rating already on the row, which cannot both be true; set to Rated 2026-10-04. The sheet was stale on this row and the paste was newer.",PG,
Rio,2011,Animated / family,3.8,3.8,Household,Rated,Animated Family,Disney Plus,2026-10-03,,,,46195,posters/46195.jpg,96,"Captured by smugglers when he was just a hatchling, a macaw named Blu never learned to fly and lives a happily domesticated life in Minnesota with his human friend, Linda. Blu is thought to be the last of his kind, but when word comes that Jewel, a lone female, lives in Rio de Janeiro, Blu and Linda go to meet her. Animal smugglers kidnap Blu and Jewel, but the pair soon escape and begin a perilous adventure back to freedom -- and Linda.","Status was Seen, unrated with a rating already on the row, which cannot both be true; set to Rated 2026-10-04. The sheet was stale on this row and the paste was newer.",G,
Shrek,2001,Animated / family,4,4,Household,Rated,Animated Family,"Netflix, Amazon Prime Video, HBO Max, Universal+ Amazon Channel",2026-10-03,,,,808,posters/808.jpg,90,"It ain't easy bein' green -- especially if you're a likable (albeit smelly) ogre named Shrek. On a mission to retrieve a gorgeous princess from the clutches of a fire-breathing dragon, Shrek teams up with an unlikely compatriot -- a wisecracking donkey.","Status was Seen, unrated with a rating already on the row, which cannot both be true; set to Rated 2026-10-04. The sheet was stale on this row and the paste was newer.",PG,
Shrek 2,2004,Animated / family,4.2,4.2,Household,Rated,Animated Family,"Netflix, Amazon Prime Video, HBO Max, Universal+ Amazon Channel",2026-10-03,,,,809,posters/809.jpg,92,"Happily ever after never seemed so far far away when a trip to meet the in-laws turns into a hilariously twisted adventure for Shrek and Fiona. With the help of ever-faithful Donkey, Shrek takes on the potion-brewing Fairy Godmother, pompous Prince Charming, and infamous ogre-killer Puss In Boots.","Status was Seen, unrated with a rating already on the row, which cannot both be true; set to Rated 2026-10-04. The sheet was stale on this row and the paste was newer.",PG,
Sing,2016,Animated / family,4.3,4.3,Household,Rated,Animated Family,"Amazon Prime Video, HBO Max, Universal+ Amazon Channel",2026-10-03,,,,335797,posters/335797.jpg,108,A koala named Buster recruits his best friend to help him drum up business for his theater by hosting a singing competition.,"Status was Seen, unrated with a rating already on the row, which cannot both be true; set to Rated 2026-10-04. The sheet was stale on this row and the paste was newer.",PG,
Sing 2,2021,Animated / family,4,4,Household,Rated,Animated Family,"Amazon Prime Video, Universal+ Amazon Channel",2026-10-03,,,,438695,posters/438695.jpg,110,"Buster and his new cast now have their sights set on debuting a new show at the Crystal Tower Theater in glamorous Redshore City. But with no connections, he and his singers must sneak into the Crystal Entertainment offices, run by the ruthless wolf mogul Jimmy Crystal, where the gang pitches the ridiculous idea of casting the lion rock legend Clay Calloway in their show. Buster must embark on a quest to find the now-isolated Clay and persuade him to return to the stage.","Status was Seen, unrated with a rating already on the row, which cannot both be true; set to Rated 2026-10-04. The sheet was stale on this row and the paste was newer.",PG,
Storks,2016,Animated / family,4,4,Household,Rated,Animated Family,"HBO Max, Universal+ Amazon Channel",2026-10-03,,,,332210,posters/332210.jpg,87,"Storks deliver babies…or at least they used to. Now they deliver packages for a global internet retail giant. Junior, the company’s top delivery stork, is about to be promoted when he accidentally activates the Baby Making Machine, producing an adorable and wholly unauthorized baby girl...","Status was Seen, unrated with a rating already on the row, which cannot both be true; set to Rated 2026-10-04. The sheet was stale on this row and the paste was newer.",PG,
The Bad Guys,2022,Animated / family,4,4,Household,Rated,Animated Family,Universal+ Amazon Channel,2026-10-03,,,,629542,posters/629542.jpg,100,"When the Bad Guys, a crew of criminal animals, are finally caught after years of heists and being the world’s most-wanted villains, Mr. Wolf brokers a deal to save them all from prison.","Status was Seen, unrated with a rating already on the row, which cannot both be true; set to Rated 2026-10-04. The sheet was stale on this row and the paste was newer.",PG,
The Boss Baby,2017,Animated / family,4,4,Household,Rated,Animated Family,"Amazon Prime Video, HBO Max",2026-10-03,,,,295693,posters/295693.jpg,97,"A story about how a new baby's arrival impacts a family, told from the point of view of a delightfully unreliable narrator, a wildly imaginative 7 year old named Tim.","Status was Seen, unrated with a rating already on the row, which cannot both be true; set to Rated 2026-10-04. The sheet was stale on this row and the paste was newer.",PG,
The Croods,2013,Animated / family,4.3,4.3,Household,Rated,Animated Family,"Amazon Prime Video, HBO Max, Universal+ Amazon Channel",2026-10-03,,,,49519,posters/49519.jpg,99,"The prehistoric Croods family live in a particularly dangerous moment in time. Patriarch Grug, his mate Ugga, teenage daughter Eep, son Thunk, and feisty Gran gather food by day and huddle together in a cave at night. When a more evolved caveman named Guy arrives on the scene, Grug is distrustful, but it soon becomes apparent that Guy is correct about the impending destruction of their world.","Status was Seen, unrated with a rating already on the row, which cannot both be true; set to Rated 2026-10-04. The sheet was stale on this row and the paste was newer.",PG,
The Good Dinosaur,2015,Animated / family,4,4,Household,Rated,Animated Family,Disney Plus,2026-10-03,,,,105864,posters/105864.jpg,93,An epic journey into the world of dinosaurs where an Apatosaurus named Arlo makes an unlikely human friend.,"Status was Seen, unrated with a rating already on the row, which cannot both be true; set to Rated 2026-10-04. The sheet was stale on this row and the paste was newer.",PG,
The Lego Movie,2014,Animated / family,4,4,Household,Rated,Animated Family,"Disney Plus, HBO Max, Universal+ Amazon Channel",2026-10-03,,,,137106,posters/137106.jpg,100,"An ordinary Lego mini-figure, mistakenly thought to be the extraordinary MasterBuilder, is recruited to join a quest to stop an evil Lego tyrant from conquering the universe.","Status was Seen, unrated with a rating already on the row, which cannot both be true; set to Rated 2026-10-04. The sheet was stale on this row and the paste was newer.",PG,
The Lego Movie 2: The Second Part,2019,Animated / family,4.1,4.1,Household,Rated,Animated Family,"Disney Plus, HBO Max, Universal+ Amazon Channel",2026-10-03,,,,280217,posters/280217.jpg,107,"It's been five years since everything was awesome and the citizens are facing a huge new threat: LEGO DUPLO® invaders from outer space, wrecking everything faster than they can rebuild.","Status was Seen, unrated with a rating already on the row, which cannot both be true; set to Rated 2026-10-04. The sheet was stale on this row and the paste was newer.",PG,
The Lion King,1994,Animated / family,4.2,4.2,Household,Rated,Animated Family,Disney Plus,2026-10-03,,,,8587,posters/8587.jpg,89,"Young lion prince Simba, eager to one day become king of the Pride Lands, grows up under the watchful eye of his father Mufasa; all the while his villainous uncle Scar conspires to take the throne for himself. Amid betrayal and tragedy, Simba must confront his past and find his rightful place in the Circle of Life.","Status was Seen, unrated with a rating already on the row, which cannot both be true; set to Rated 2026-10-04. The sheet was stale on this row and the paste was newer.",G,
The Little Mermaid,1989,Animated / family,3.9,3.9,Household,Rated,Animated Family,Disney Plus,2026-10-03,,,,10144,posters/10144.jpg,83,This colorful adventure tells the story of an impetuous mermaid princess named Ariel who falls in love with the very human Prince Eric and puts everything on the line for the chance to be with him. Memorable songs and characters -- including the villainous sea witch Ursula.,"Status was Seen, unrated with a rating already on the row, which cannot both be true; set to Rated 2026-10-04. The sheet was stale on this row and the paste was newer.",G,
The Super Mario Bros. Movie,2023,Animated / family,3.9,3.9,Household,Rated,Animated Family,Universal+ Amazon Channel,2026-10-03,,,,502356,posters/502356.jpg,93,"While working underground to fix a water main, Brooklyn plumbers—and brothers—Mario and Luigi are transported down a mysterious pipe and wander into a magical new world. But when the brothers are separated, Mario embarks on an epic quest to find Luigi.","Status was Seen, unrated with a rating already on the row, which cannot both be true; set to Rated 2026-10-04. The sheet was stale on this row and the paste was newer.",PG,
Toy Story,1995,Animated / family,4.5,4.5,Household,Rated,Animated Family,Disney Plus,2026-10-03,,,,862,posters/862.jpg,81,"Led by Woody, Andy's toys live happily in his room until Andy's birthday brings Buzz Lightyear onto the scene. Afraid of losing his place in Andy's heart, Woody plots against Buzz. But when circumstances separate Buzz and Woody from their owner, the duo eventually learns to put aside their differences.","Status was Seen, unrated with a rating already on the row, which cannot both be true; set to Rated 2026-10-04. The sheet was stale on this row and the paste was newer.",G,
Toy Story 2,1999,Animated / family,4.5,4.5,Household,Rated,Animated Family,Disney Plus,2026-10-03,,,,863,posters/863.jpg,92,"Andy heads off to Cowboy Camp, leaving his toys to their own devices. Things shift into high gear when an obsessive toy collector named Al McWhiggen, owner of Al's Toy Barn kidnaps Woody. Andy's toys mount a daring rescue mission, Buzz Lightyear meets his match and Woody has to decide where he and his heart truly belong.","Status was Seen, unrated with a rating already on the row, which cannot both be true; set to Rated 2026-10-04. The sheet was stale on this row and the paste was newer.",G,
Toy Story 3,2010,Animated / family,4.3,4.3,Household,Rated,Animated Family,Disney Plus,2026-10-03,,,,10193,posters/10193.jpg,103,"Woody, Buzz, and the rest of Andy's toys haven't been played with in years. With Andy about to go to college, the gang find themselves accidentally left at a nefarious day care center. The toys must band together to escape and return home to Andy.","Status was Seen, unrated with a rating already on the row, which cannot both be true; set to Rated 2026-10-04. The sheet was stale on this row and the paste was newer.",G,
Toy Story 4,2019,Animated / family,4.4,4.4,Household,Rated,Animated Family,Disney Plus,2026-10-03,,,,301528,posters/301528.jpg,100,"Woody has always been confident about his place in the world, devoted to taking care of his kid—whether that's Andy or Bonnie. But after Bonnie creates a reluctant new toy called ""Forky"", a road trip adventure alongside old and new friends challenges everything Woody believes about loyalty, purpose, and what it truly means to be a toy.","Status was Seen, unrated with a rating already on the row, which cannot both be true; set to Rated 2026-10-04. The sheet was stale on this row and the paste was newer.",G,
Trolls,2016,Animated / family,4.3,4.3,Household,Rated,Animated Family,"Netflix, Amazon Prime Video, Universal+ Amazon Channel",2026-10-03,,,,136799,posters/136799.jpg,92,"After the monstrous Bergens invade Troll Village, Princess Poppy, the happiest Troll ever born, and overly-cautious, curmudgeonly outcast Branch set off on a journey to rescue her friends. Their mission is full of adventure and mishaps, as this mismatched duo try to tolerate each other long enough to get the job done.","Status was Seen, unrated with a rating already on the row, which cannot both be true; set to Rated 2026-10-04. The sheet was stale on this row and the paste was newer.",PG,
Trolls World Tour,2020,Animated / family,4,4,Household,Rated,Animated Family,"Amazon Prime Video, Universal+ Amazon Channel",2026-10-03,,,,446893,posters/446893.jpg,91,"Queen Poppy and Branch make a surprising discovery — there are other Troll worlds beyond their own, and their distinct differences create big clashes between these various tribes. When a mysterious threat puts all of the Trolls across the land in danger, Poppy, Branch, and their band of friends must embark on an epic quest to create harmony among the feuding Trolls to unite them against certain doom.","Status was Seen, unrated with a rating already on the row, which cannot both be true; set to Rated 2026-10-04. The sheet was stale on this row and the paste was newer.",PG,
Trolls Band Together,2023,Animated / family,4,4,Household,Rated,Animated Family,Universal+ Amazon Channel,2026-10-03,,,,901362,posters/901362.jpg,91,"When Branch's brother, Floyd, is kidnapped for his musical talents by a pair of nefarious pop-star villains, Branch and Poppy embark on a harrowing and emotional journey to reunite the other brothers and rescue Floyd from a fate even worse than pop-culture obscurity.","Status was Seen, unrated with a rating already on the row, which cannot both be true; set to Rated 2026-10-04. The sheet was stale on this row and the paste was newer.",PG,
Up,2009,Animated / family,4.8,4.8,Household,Rated,Animated Family,Disney Plus,2026-10-03,,,,14160,posters/14160.jpg,96,"Carl Fredricksen spent his entire life dreaming of exploring the globe and experiencing life to its fullest. But at age 78, life seems to have passed him by, until a twist of fate (and a persistent 8-year old Wilderness Explorer named Russell) gives him a new lease on life.","Status was Seen, unrated with a rating already on the row, which cannot both be true; set to Rated 2026-10-04. The sheet was stale on this row and the paste was newer.",PG,
Where the Wild Things Are,2009,Animated / family,4,4,Household,Rated,Animated Family,"Rent: Apple TV Store, Google Play Movies",2026-10-03,,,,16523,posters/16523.jpg,101,"Max imagines running away from his mom and sailing to a far-off land where large talking beasts—Ira, Carol, Douglas, the Bull, Judith and Alexander—crown him as their king, play rumpus, build forts and discover secret hideaways.","Status was Seen, unrated with a rating already on the row, which cannot both be true; set to Rated 2026-10-04. The sheet was stale on this row and the paste was newer.",PG,
Wish,2023,Animated / family,3.9,3.9,Household,Rated,Animated Family,Disney Plus,2026-10-03,,,,1022796,posters/1022796.jpg,95,"Asha, a sharp-witted idealist, makes a wish so powerful that it is answered by a cosmic force – a little ball of boundless energy called Star. Together, Asha and Star confront a most formidable foe - the ruler of Rosas, King Magnifico - to save her community and prove that when the will of one courageous human connects with the magic of the stars, wondrous things can happen.","Status was Seen, unrated with a rating already on the row, which cannot both be true; set to Rated 2026-10-04. The sheet was stale on this row and the paste was newer.",PG,
Zootopia,2016,Animated / family,4.2,4.2,Household,Rated,Animated Family,Disney Plus,2026-10-03,,,,269149,posters/269149.jpg,109,"Determined to prove herself, Officer Judy Hopps, the first bunny on Zootopia's police force, jumps at the chance to crack her first case - even if it means partnering with scam-artist fox Nick Wilde to solve the mystery.","Status was Seen, unrated with a rating already on the row, which cannot both be true; set to Rated 2026-10-04. The sheet was stale on this row and the paste was newer.",PG,
Home Alone,1990,Comedy,4.5,4.5,Family,Rated,Christmas,Disney Plus,2026-10-03,,,,771,posters/771.jpg,103,"Eight-year-old Kevin McCallister makes the most of the situation after his family unwittingly leaves him behind when they go on Christmas vacation. When thieves try to break into his home, he puts up a fight like no other.",,PG,
Home Alone 2: Lost in New York,1992,Comedy,4.4,4.4,Family,Rated,Christmas,Disney Plus,2026-10-03,,,,772,posters/772.jpg,120,"Instead of flying to Florida with his folks, Kevin ends up alone in New York, where he gets a hotel room with his dad's credit card—despite problems from a clerk and meddling bellboy. But when Kevin runs into his old nemeses, the Wet Bandits, he's determined to foil their plans to rob a toy store on Christmas Eve.",,PG,
Four Christmases,2008,Comedy,4.3,4.3,Family,Rated,Christmas,Universal+ Amazon Channel,2026-10-03,,,,12193,posters/12193.jpg,88,"Brad and Kate have made something of an art form out of avoiding their families during the holidays, but this year their foolproof plan is about go bust -- big time. Stuck at the city airport after all departing flights are canceled, the couple is embarrassed to see their ruse exposed to the world by an overzealous television reporter. Now, Brad and Kate are left with precious little choice other than to swallow their pride and suffer the rounds.",,PG-13,
The Nightmare Before Christmas,1993,Comedy,4.2,4.2,Family,Rated,Christmas,Disney Plus,2026-10-03,,,,9479,posters/9479.jpg,76,"Tired of scaring humans every October 31 with the same old bag of tricks, Jack Skellington, the spindly king of Halloween Town, kidnaps Santa Claus and plans to deliver shrunken heads and other ghoulish gifts to children on Christmas morning. But as Christmas approaches, Jack's rag-doll girlfriend, Sally, tries to foil his misguided plans.",Rated 4.2 on 2026-10-03. Chris: we love that.,PG,
The Night Before Christmas,,Comedy,,,Queue,Dropped,Christmas,,,,,,,,,,Dropped at Chris’s request 2026-10-03: confirmed a duplicate of The Nightmare Before Christmas.,,
Young Woman and the Sea,2024,Drama,4.6,4.6,Family,Rated,Family Adventure,Disney Plus,2026-10-03,,,,774531,posters/774531.jpg,129,"This is the extraordinary true story of Trudy Ederle, the first woman to successfully swim the English Channel. Through the steadfast support of her older sister and supportive trainers, she overcame adversity and the animosity of a patriarchal society to rise through the ranks of the Olympic swimming team and complete the 21-mile trek from France to England.","Identified 2026-10-03: the 2024 film, Daisy Ridley as Trudy Ederle, the first woman to swim the English Channel. Chris: all of us loved it, amazing film.",PG,
Sherlock Holmes: A Game of Shadows,2011,Action-comedy,4.9,4.9,Date Night,Rated,Guy Ritchie,HBO Max,2026-10-03,,,,58574,posters/58574.jpg,129,"There is a new criminal mastermind at large (Professor Moriarty) and not only is he Holmes’ intellectual equal, but his capacity for evil and lack of conscience may give him an advantage over the detective.","Added 2026-10-03. Chris called it ""Sherlock Holmes in the Shadows"". Was missing from the library entirely.",PG-13,
In the Grey,2026,Action-comedy,4.5,4.5,Date Night,Rated,Guy Ritchie,Amazon Prime Video,2026-10-03,,,,1122573,posters/1122573.jpg,97,"A covert team of elite operatives are living in the shadows. When a ruthless despot steals a billion-dollar fortune, they're sent to take it back—an impossible heist that erupts into a deadly game of strategy, deception and survival.","Tracked in Coming Soon, then watched and rated 2026-10-03.",R,
The Mandalorian and Grogu,2026,Sci-fi,4.3,4.3,Family,Rated,Star Wars,Disney Plus,2026-10-03,,,,1228710,posters/1228710.jpg,132,"The evil Empire has fallen, and Imperial warlords remain scattered throughout the galaxy. As the fledgling New Republic works to protect everything the Rebellion fought for, they have enlisted the help of legendary Mandalorian bounty hunter Din Djarin and his young apprentice Grogu.","Tracked in Coming Soon, then watched and rated 2026-10-03.",PG-13,
The Super Mario Galaxy Movie,2026,Animated / family,4,4,Family,Rated,Animated Family,Rent: Apple TV Store,2026-10-03,,,,1226863,posters/1226863.jpg,98,"Having thwarted Bowser's previous plot to marry Princess Peach, Mario and Luigi now face a fresh threat in Bowser Jr., who is determined to liberate his father from captivity and restore the family legacy. Alongside companions new and old, the brothers travel across the stars to stop the young heir's crusade.","Tracked in Coming Soon, then watched and rated 2026-10-03.",PG,
Toy Story 5,2026,Animated / family,4,4,Family,Rated,Animated Family,Disney Plus,2026-10-03,,,,1084244,posters/1084244.jpg,102,"When Bonnie receives a Lilypad tablet as a gift and becomes obsessed, Buzz, Woody, Jessie and the rest of the gang's jobs become exponentially harder when they have to go head to head with the all-new threat to playtime.","Tracked in Coming Soon, then watched and rated 2026-10-03.",PG,
Eternal Sunshine of the Spotless Mind,2004,Romance,4.5,4.5,Date Night,Rated,Mind-Bender,HBO Max,2026-10-03,,,,38,posters/38.jpg,108,"Joel Barish, heartbroken that his girlfriend underwent a procedure to erase him from her memory, decides to do the same. However, as he watches his memories of her fade away, he realises that he still loves her, and may be too late to correct his mistake.","Came from SAGE Suggests and was watched. Rated 2026-10-03. Genre and Lane filled by SAGE 2026-10-04 by rule of thumb (sci-fi romance), not Chris’s own call. Worth a glance.",R,
Moulin Rouge!,2001,Romance,4,4,Date Night,Rated,Music & Musicals,Disney Plus,2026-10-03,,,,824,posters/824.jpg,128,"A celebration of love and creative inspiration takes place in the infamous, gaudy and glamorous Parisian nightclub, at the cusp of the 20th century. A young poet, who is plunged into the heady world of Moulin Rouge, begins a passionate affair with the club's most notorious and beautiful star.","Came from SAGE Suggests and was watched. Rated 2026-10-03. Genre and Lane filled by SAGE 2026-10-04 by rule of thumb (music), not Chris’s own call. Worth a glance.",PG-13,
Spider-Man: Across the Spider-Verse,2023,Animated / family,4.5,4.5,Family,Rated,Marvel,Netflix,2026-10-03,,,,569094,posters/569094.jpg,140,"After reuniting with Gwen Stacy, Brooklyn’s full-time, friendly neighborhood Spider-Man is catapulted across the Multiverse, where he encounters the Spider Society, a team of Spider-People charged with protecting the Multiverse's very existence. But when the heroes clash on how to handle a new threat, Miles finds himself pitted against the other Spiders and must set out on his own to save those he loves most.",Came from SAGE Suggests and was watched. Rated 2026-10-03. Genre and Lane filled by SAGE 2026-10-04 from a TMDB fact (same collection as a film you lane-ed).,PG,
Flow,2024,Animated / family,4.3,4.3,Family,Rated,Animated Family,"Rent: Apple TV Store, Google Play Movies",2026-10-03,,,,823219,posters/823219.jpg,85,"A solitary cat, displaced by a great flood, finds refuge on a boat with various species and must navigate the challenges of adapting to a transformed world together.",Came from SAGE Suggests and was watched. Rated 2026-10-03. Genre and Lane filled by SAGE 2026-10-04 from a strong pattern (animation).,PG,
Hidden Figures,2016,Drama,4.3,4.3,Family,Rated,Space & Science,Disney Plus,2026-10-03,,,,381284,posters/381284.jpg,127,"The untold story of Katherine G. Johnson, Dorothy Vaughan and Mary Jackson – brilliant African-American women working at NASA and serving as the brains behind one of the greatest operations in history – the launch of astronaut John Glenn into orbit. The visionary trio crossed all gender and race lines to inspire generations to dream big.",Came from SAGE Suggests and was watched. Rated 2026-10-03. Genre and Lane filled by SAGE 2026-10-04 from a strong pattern (space).,PG,
WALL-E,2008,Animated / family,4.5,4.5,Family,Rated,Animated Family,Disney Plus,2026-10-03,,,,10681,posters/10681.jpg,98,"After hundreds of years doing what he was built for, WALL•E— a robot designed to clean up the earth—discovers a new purpose in life when he meets a sleek search robot named EVE. EVE comes to realize that WALL•E has inadvertently stumbled upon the key to the planet's future, and races back to space to report to the humans. Meanwhile, WALL•E chases EVE across the galaxy and sets into motion one of the most imaginative adventures ever brought to the big screen.",Came from SAGE Suggests and was watched. Rated 2026-10-03. Genre and Lane filled by SAGE 2026-10-04 from a strong pattern (director Andrew Stanton).,G,
Ratatouille,2007,Animated / family,4.3,4.3,Family,Rated,Animated Family,Disney Plus,2026-10-03,,,,2062,posters/2062.jpg,111,"In one of Paris's finest restaurants, Remy, a determined young rat, dreams of becoming a renowned French chef. Torn between his family's wishes and his true calling, Remy and his pal Linguini set in motion a hilarious chain of events that turns the City of Lights upside down.",Came from SAGE Suggests and was watched. Rated 2026-10-03. Genre and Lane filled by SAGE 2026-10-04 from a strong pattern (animation).,G,
Free Solo,2018,Drama,4.5,4.5,Family,Rated,Documentary,Disney Plus,2026-10-03,,,,515042,posters/515042.jpg,100,"Follow Alex Honnold as he attempts to become the first person to ever free solo climb Yosemite's 3,000 foot high El Capitan wall. With no ropes or safety gear, this would arguably be the greatest feat in rock climbing history.",Came from SAGE Suggests and was watched. Rated 2026-10-03. Genre and Lane filled by SAGE 2026-10-04 from a TMDB fact (documentary).,PG-13,
Incredibles 2,2018,Animated / family,4.3,4.3,Family,Rated,Animated Family,Disney Plus,2026-10-03,,,,260513,posters/260513.jpg,118,"Elastigirl springs into action to save the day, while Mr. Incredible faces his greatest challenge yet – taking care of the problems of his three children.",Came from SAGE Suggests and was watched. Rated 2026-10-03. Genre and Lane filled by SAGE 2026-10-04 from a TMDB fact (same collection as a film you lane-ed).,PG,
Wonka,2023,Comedy,4.5,4.5,Family,Rated,Animated Family,"HBO Max, Universal+ Amazon Channel",2026-10-03,,,,787699,posters/787699.jpg,117,"Willy Wonka – chock-full of ideas and determined to change the world one delectable bite at a time – is proof that the best things in life begin with a dream, and if you’re lucky enough to meet Willy Wonka, anything is possible.",Came from SAGE Suggests and was watched. Rated 2026-10-03. Genre and Lane filled by SAGE 2026-10-04 from a strong pattern (director Paul King).,PG,
Snatch,2000,Action-comedy,4.5,4.5,Solo,Rated,Guy Ritchie,HBO Max,2026-10-03,,,,107,posters/107.jpg,103,"Unscrupulous boxing promoters, violent bookies, a Russian gangster, incompetent amateur robbers, and supposedly Jewish jewellers fight to track down a priceless stolen diamond.",Came from SAGE Suggests and was watched. Rated 2026-10-03. Genre and Lane filled by SAGE 2026-10-04 from a strong pattern (director Guy Ritchie).,R,
"Lock, Stock and Two Smoking Barrels",1998,Action-comedy,4.3,4.3,Solo,Rated,Guy Ritchie,,2026-10-03,,,,100,posters/100.jpg,105,A card shark and his unwillingly-enlisted friends need to make a lot of cash quick after losing a sketchy poker match. To do this they decide to pull a heist on a small-time gang who happen to be operating out of the flat next door.,Came from SAGE Suggests and was watched. Rated 2026-10-03. Genre and Lane filled by SAGE 2026-10-04 from a strong pattern (director Guy Ritchie).,R,
Fantastic Fungi,2019,Drama,5,5,Solo,Rated,Documentary,Rent: Apple TV Store,2026-10-03,,,,612654,posters/612654.jpg,80,"A vivid journey into the mysterious subterranean world of mycelium and its fruit— the mushroom. A story that begins 3.5 billion years ago, fungi makes the soil that supports life, connecting vast systems of roots from plants and trees all over the planet, like an underground Internet.  Through the eyes of renowned mycologist Paul Stamets, professor of forest ecology Suzanne Simard, best selling author Michael Pollan, food naturalist Eugenia Bone and others, we experience the power, beauty and complexity of the fungi kingdom.",Came from SAGE Suggests and was watched. Rated 2026-10-03. Genre and Lane filled by SAGE 2026-10-04 from a TMDB fact (documentary).,NR,
"Ram Dass, Going Home",2017,Drama,4.8,4.8,Solo,Rated,Documentary,Netflix,2026-10-03,,,,491104,posters/491104.jpg,31,"Ram Dass is one of the most important cultural figures from the 1960s and 70s. A pyschedelic pioneer, author of Be Here Now, beloved spiritual teacher, and outspoken advocate for death-and-dying awareness, Ram Dass is now himself approaching the end of life.  Since suffering a life-changing stroke twenty years ago, he has been living at his home on Maui and deepening his spiritual practice — which is centered on love and his idea of merging with his surroundings and all living things.  Shot in a nuanced cinematic style, the film is an intimate summary of his life learning and awareness, and is ultimately a poetic meditation on life, death, and the soul’s journey home.",Came from SAGE Suggests and was watched. Rated 2026-10-03. Genre and Lane filled by SAGE 2026-10-04 from a TMDB fact (documentary).,PG-13,
Once,2007,Romance,2.5,2.5,Date Night,Rated,Music & Musicals,,2026-10-03,,,,5723,posters/5723.jpg,85,"A vacuum repairman moonlights as a street musician and hopes for his big break. One day a Czech immigrant, who earns a living selling flowers, approaches him with the news that she is also an aspiring singer-songwriter. The pair decide to collaborate, and the songs that they compose reflect the story of their blossoming love.","Came from SAGE Suggests and was watched. Rated 2026-10-03. Genre and Lane filled by SAGE 2026-10-04 by rule of thumb (music), not Chris’s own call. Worth a glance.",R,
Arthur Christmas,2011,Comedy,4,4,Family,Rated,Christmas,Universal+ Amazon Channel,2026-10-04,,,,51052,posters/51052.jpg,97,"For hundreds of years, the Claus family has delegated the title ""Santa"" to a chosen few of its members, which can be passed down upon retirement. Each Christmas, Santa and his vast army of highly trained elves produce gifts and distribute them around the world in a one-night high-tech operation. However, when one of 600 million children to receive a gift from Santa on Christmas Eve is missed, it is deemed ‘acceptable’ to all but one—Arthur Claus, the current Santa’s misfit son deemed ineligible for the title, who executes an unauthorised rookie mission to get the last present halfway around the globe before dawn on Christmas morning.",Added 2026-10-04 from the family Christmas list. Needs a number.,PG,
Jingle Jangle: A Christmas Journey,2020,Comedy,4,4,Family,Rated,Christmas,Netflix,2026-10-04,,,,622855,posters/622855.jpg,122,"An imaginary world comes to life in a holiday tale of an eccentric toymaker, his adventurous granddaughter, and a magical invention that has the power to change their lives forever.",Added 2026-10-04 from the family Christmas list. Needs a number.,PG,
Red One,2024,Comedy,4.3,4.3,Family,Rated,Christmas,Amazon Prime Video,2026-10-04,,,,845781,posters/845781.jpg,124,"After Santa Claus (codename: Red One) is kidnapped, the North Pole's Head of Security must team up with the world's most infamous tracker in a globe-trotting, action-packed mission to save Christmas.",Added 2026-10-04 from the family Christmas list. Needs a number.,PG-13,
Love Actually,2003,Comedy,4.3,4.3,Family,Rated,Christmas,Universal+ Amazon Channel,2026-10-04,,,,508,posters/508.jpg,135,Eight very different couples deal with their love lives in various loosely interrelated tales all set during a frantic month before Christmas in London.,Added 2026-10-04 from the family Christmas list. Needs a number.,R,
Last Christmas,2019,Comedy,4.3,4.3,Family,Rated,Christmas,HBO Max,2026-10-04,,,,549053,posters/549053.jpg,103,"Kate is a young woman who has a habit of making bad decisions, and her last date with disaster occurs after she accepts work as Santa's elf for a department store. However, after she meets Tom there, her life takes a new turn.",Added 2026-10-04 from the family Christmas list. Needs a number.,PG-13,
Fred Claus,2007,Comedy,4,4,Family,Rated,Christmas,Universal+ Amazon Channel,2026-10-04,,,,5375,posters/5375.jpg,115,"Fred Claus and Santa Claus have been estranged brothers for many years. Now Fred must reconcile his differences with his brother whom he believes overshadows him. When an efficiency expert assesses the workings at the North Pole and threatens to shut Santa down, Fred must help his brother to save Christmas.",Added 2026-10-04 from the family Christmas list. Needs a number.,PG,
Noelle,2019,Comedy,4,4,Family,Rated,Christmas,Disney Plus,2026-10-04,,,,454467,posters/454467.jpg,100,"Kris Kringle's daughter, Noelle, sets off on a mission to find and bring back her brother, after he gets cold feet when it's his turn to take over as Santa.",Added 2026-10-04 from the family Christmas list. Needs a number.,G,
Last Holiday,2006,Comedy,4,4,Family,Rated,Christmas,"Paramount Plus, Universal+ Amazon Channel",2026-10-04,,,,17379,posters/17379.jpg,112,"The discovery that she has a terminal illness prompts introverted department store saleswoman Georgia Byrd to reflect on what she realizes has been an overly cautious life. With weeks to live, she withdraws her life savings, sells all her possessions and jets off to Europe where she lives it up at a posh hotel. Upbeat and passionate, Georgia charms everybody she meets, including renowned Chef Didier. The only one missing from her new life is her longtime crush Sean Williams.",Added 2026-10-04 from the family Christmas list. Needs a number.,PG-13,
Jingle All the Way,1996,Comedy,4,4,Family,Rated,Christmas,Disney Plus,2026-10-04,,,,9279,posters/9279.jpg,89,"Howard Langston, a salesman for a mattress company, is constantly kept busy at his job, disappointing his son. After he misses his son's karate exposition, Howard vows to make it up to him by buying an action figure of his son's favorite television hero for Christmas. Unfortunately for Howard, it is Christmas Eve, and every store is sold out of Turbo Man. Now, Howard must travel all over town and compete with everybody else to find a Turbo Man action figure.",Added 2026-10-04 from the family Christmas list. Needs a number.,PG,
Disney's A Christmas Carol,2009,Comedy,4,4,Family,Rated,Christmas,Disney Plus,2026-10-04,,,,17979,posters/17979.jpg,96,"Miser Ebenezer Scrooge is awakened on Christmas Eve by spirits who reveal to him his own miserable existence, what opportunities he wasted in his youth, his current cruelties, and the dire fate that awaits him if he does not change his ways. Scrooge is faced with his own story of growing bitterness and meanness, and must decide what his own future will hold: death or redemption.","Added 2026-10-04 from the family Christmas list. Needs a number. Same film, different release title.",PG,
How the Grinch Stole Christmas,2000,Comedy,4.5,4.5,Family,Rated,Christmas,"HBO Max, Universal+ Amazon Channel",2026-10-04,,,,8871,posters/8871.jpg,105,The Grinch decides to rob Whoville of Christmas - but a dash of kindness from little Cindy Lou Who and her family may be enough to melt his heart...,Added 2026-10-04 from the family Christmas list. Needs a number.,PG,
The Best Christmas Pageant Ever,2024,Comedy,,,Family,Watchlist,Christmas,HBO Max,2026-10-04,,,,1206617,posters/1206617.jpg,99,"The Herdman kids are undeniably the worst kids in the history of the world. They lie, steal, cheat, bully and overall terrorize their small community. But this Christmas, they're taking over their local church Pageant – and they just might unwittingly teach a shocked little town the true meaning of Christmas.",Added 2026-10-04 from the family Christmas list. Needs a number.,PG,
Miracle on 34th Street,1994,Comedy,4,4,Family,Rated,Christmas,Disney Plus,2026-10-04,,,,10510,posters/10510.jpg,114,"Six-year-old Susan Walker has doubts about childhood's most enduring miracle—Santa Claus. Her mother told her the secret about Santa a long time ago, but, after meeting a special department store Santa who's convinced he's the real thing, Susan is given the most precious gift of all—something to believe in.",Added 2026-10-04 from the family Christmas list. Needs a number.,PG,
Harry Potter and the Sorcerer's Stone,2001,Adventure,4.5,4.5,Family,Rated,Christmas,HBO Max,2026-10-04,,,,671,posters/671.jpg,152,"Harry Potter has lived under the stairs at his aunt and uncle's house his whole life. But on his 11th birthday, he learns he's a powerful wizard—with a place waiting for him at the Hogwarts School of Witchcraft and Wizardry. As he learns to harness his newfound powers with the help of the school's kindly headmaster, Harry uncovers the truth about his parents' deaths—and about the villain who's to blame.","Split out of the collapsed ""Harry Potter (complete series)"" row 2026-10-04. Seeded from that row’s 4.7 so nothing was lost. Revise it: Chris wants to rank them individually. Same film, different release title. Updated 2026-10-04 through the app’s live save to the sheet, then pulled into the vault.",PG,
Harry Potter and the Chamber of Secrets,2002,Adventure,4.5,4.5,Family,Rated,Christmas,HBO Max,2026-10-04,,,,672,posters/672.jpg,161,"Cars fly, trees fight back, and a mysterious house-elf comes to warn Harry Potter at the start of his second year at Hogwarts. Adventure and danger await when bloody writing on a wall announces: The Chamber Of Secrets Has Been Opened. To save Hogwarts will require all of Harry, Ron and Hermione's magical abilities and courage.","Split out of the collapsed ""Harry Potter (complete series)"" row 2026-10-04. Seeded from that row’s 4.7 so nothing was lost. Revise it: Chris wants to rank them individually. Updated 2026-10-04 through the app’s live save to the sheet, then pulled into the vault.",PG,
Harry Potter and the Prisoner of Azkaban,2004,Adventure,4.5,4.5,Family,Rated,Christmas,HBO Max,2026-10-04,,,,673,posters/673.jpg,141,Harry Potter's life is in danger once more as dangerous wizard Sirius Black has escaped from Azkaban Prison and is heading to Hogwarts.,"Split out of the collapsed ""Harry Potter (complete series)"" row 2026-10-04. Seeded from that row’s 4.7 so nothing was lost. Revise it: Chris wants to rank them individually. Updated 2026-10-04 through the app’s live save to the sheet, then pulled into the vault.",PG,
Harry Potter and the Goblet of Fire,2005,Adventure,4.7,4.7,Family,Rated,Christmas,HBO Max,2026-10-04,,,,674,posters/674.jpg,157,"When his name emerges from the Goblet of Fire, Harry Potter becomes a competitor in a grueling battle for glory among three wizarding schools. Signs of Voldemort's return emerge as Harry's friends help him prepare for the Triwizard Tournament.","Split out of the collapsed ""Harry Potter (complete series)"" row 2026-10-04. Seeded from that row’s 4.7 so nothing was lost. Revise it: Chris wants to rank them individually.",PG-13,
Harry Potter and the Order of the Phoenix,2007,Adventure,4.8,4.8,Family,Rated,Christmas,HBO Max,2026-10-04,,,,675,posters/675.jpg,138,"When a new professor's methods leave Hogwarts unprepared to fight the rising tide of evil, Harry teaches students how to defend against the dark arts.","Split out of the collapsed ""Harry Potter (complete series)"" row 2026-10-04. Seeded from that row’s 4.7 so nothing was lost. Revise it: Chris wants to rank them individually. Updated 2026-10-04 through the app’s live save to the sheet, then pulled into the vault.",PG-13,
Harry Potter and the Half-Blood Prince,2009,Adventure,4.7,4.7,Family,Rated,Christmas,HBO Max,2026-10-04,,,,767,posters/767.jpg,153,Dumbledore tries to prepare Harry for the final battle with Voldemort while Death Eaters wreak havoc in both Muggle and Wizard worlds.,"Split out of the collapsed ""Harry Potter (complete series)"" row 2026-10-04. Seeded from that row’s 4.7 so nothing was lost. Revise it: Chris wants to rank them individually.",PG,
Harry Potter and the Deathly Hallows: Part 1,2010,Adventure,4.7,4.7,Family,Rated,Christmas,HBO Max,2026-10-04,,,,12444,posters/12444.jpg,146,"Harry, Ron and Hermione walk away from their last year at Hogwarts to find and destroy the remaining Horcruxes, putting an end to Voldemort's bid for immortality. But with Harry's beloved Dumbledore dead and Voldemort's unscrupulous Death Eaters on the loose, the world is more dangerous than ever.","Split out of the collapsed ""Harry Potter (complete series)"" row 2026-10-04. Seeded from that row’s 4.7 so nothing was lost. Revise it: Chris wants to rank them individually.",PG-13,
Harry Potter and the Deathly Hallows: Part 2,2011,Adventure,4.7,4.7,Family,Rated,Christmas,HBO Max,2026-10-04,,,,12445,posters/12445.jpg,130,"Harry, Ron and Hermione continue their quest to vanquish the evil Voldemort once and for all. Just as things begin to look hopeless for the young wizards, Harry discovers a trio of magical objects that endow him with powers to rival Voldemort's formidable skills.","Split out of the collapsed ""Harry Potter (complete series)"" row 2026-10-04. Seeded from that row’s 4.7 so nothing was lost. Revise it: Chris wants to rank them individually.",PG-13,
Sing Street,2016,Rom-com,4.5,4.5,Date Night,Rated,Music & Musicals,Rent: Google Play Movies,2026-10-03,,,,369557,posters/369557.jpg,105,A boy growing up in Dublin during the 1980s escapes his strained family life by starting a band to impress the mysterious girl he likes.,"Came from SAGE Suggests and was watched. Rated 2026-10-04. Genre and Lane filled by SAGE 2026-10-04 by rule of thumb (music), not Chris’s own call. Worth a glance.",PG-13,
The Big Sick,2017,Rom-com,3.5,3.5,Date Night,Rated,Modern Rom-com,Amazon Prime Video,2026-10-03,,,,416477,posters/416477.jpg,120,"Pakistan-born comedian Kumail Nanjiani and grad student Emily Gardner fall in love but struggle as their cultures clash. When Emily contracts a mysterious illness, Kumail finds himself forced to face her feisty parents, his family's expectations, and his true feelings.","Came from SAGE Suggests and was watched. Rated 2026-10-04. Genre and Lane filled by SAGE 2026-10-04 by rule of thumb (rom-com era), not Chris’s own call. Worth a glance.",R,
Chef,2014,Comedy,4.3,4.3,Family,Rated,Modern Comedy,,2026-10-03,,,,212778,posters/212778.jpg,114,"When Chef Carl Casper suddenly quits his job at a prominent Los Angeles restaurant after refusing to compromise his creative integrity for its controlling owner, he is left to figure out what's next. Finding himself in Miami, he teams up with his ex-wife, his friend and his son to launch a food truck. Taking to the road, Chef Carl goes back to his roots to reignite his passion for the kitchen -- and zest for life and love.","Came from SAGE Suggests and was watched. Rated 2026-10-04. Genre and Lane filled by SAGE 2026-10-04 by rule of thumb (post-2000 comedy), not Chris’s own call. Worth a glance.",R,
Searching for Sugar Man,2012,Drama,4.5,4.5,Solo,Rated,Documentary,,2026-10-03,,,,84334,posters/84334.jpg,85,"Two South Africans set out to discover what happened to their unlikely musical hero, the mysterious 1970s rock 'n' roller, Rodriguez.",Came from SAGE Suggests and was watched. Rated 2026-10-04. Genre and Lane filled by SAGE 2026-10-04 from a TMDB fact (documentary).,PG-13,
The Lord of the Rings: The Two Towers,2002,Adventure,4.6,4.6,Family,Rated,Middle-earth,"Disney Plus, HBO Max",2026-10-04,,,,121,posters/121.jpg,179,"Frodo Baggins and the other members of the Fellowship continue on their sacred quest to destroy the One Ring--but on separate paths. Their destinies lie at two towers--Orthanc Tower in Isengard, where the corrupt wizard Saruman awaits, and Sauron's fortress at Barad-dur, deep within the dark lands of Mordor.","Trilogy day 2026-10-04 with Hudson and Hendrix. Chris gave 4.6 in his own words that evening, replacing the earlier unconfirmed figure.",PG-13,
Past Lives,2023,Romance,,,Queue,Watchlist,Prestige,Netflix,2026-10-03,,,,666277,posters/666277.jpg,106,"After decades apart, childhood friends Nora and Hae Sung are reunited in New York for one fateful weekend as they confront notions of destiny, love, and the choices that make a life.","Came from SAGE Suggests. Chris put it on the Watchlist on 2026-10-04, correcting an earlier read of his paste as already watched. Not seen yet. Genre and Lane filled by SAGE 2026-10-04 by rule of thumb (acclaimed drama), not Chris’s own call. Worth a glance.",PG-13,
Apollo 11,2019,Drama,,,Queue,Watchlist,Documentary,"Rent: Apple TV Store, Google Play Movies",2026-10-03,,,,549559,posters/549559.jpg,93,A look at the Apollo 11 mission to land on the moon led by commander Neil Armstrong and pilot Buzz Aldrin.,"Came from SAGE Suggests. Chris put it on the Watchlist on 2026-10-04, correcting an earlier read of his paste as already watched. Not seen yet. Genre and Lane filled by SAGE 2026-10-04 from a TMDB fact (documentary).",G,
The Invisible Pilot,2022,Drama,4.8,4.8,Date Night,Rated,Documentary,,,"Documentary film about a pilot who ended up working for the CIA and running drugs for Donnie Yen. Eventually they took that documentary and made a movie out of it with Tom Cruise (or maybe it happened in reverse order), but it was incredible. It was on HBO Max and Memory Saves",,,,,,,"Chris decided on 2026-10-04 to keep it: ""I’ve talked to a lot of people about it."" TMDB lists it only as a three-part docuseries (tv 195099), so it is the one deliberate exception to the movies-not-series rule, kept on his explicit call. Chris Says is his verbatim dictation; ""Donnie Yen"" and ""Memory Saves"" read as transcription artifacts and are left as spoken. The Tom Cruise film he meant is American Made (2017), now in the library at 4.4.",,
American Made,2017,Drama,4.4,,Household,Rated,Modern Comedy,"Netflix, HBO Max",2026-10-04,I enjoyed that one as well.,,,337170,posters/337170.jpg,115,"The true story of pilot Barry Seal, who transported contraband for the CIA and the Medellin cartel in the 1980s.","Added 2026-10-04 at 4.4 on Chris’s word, prompted by The Invisible Pilot. Pixie left blank on purpose: he said ""I enjoyed"", singular, and a seeded number is not her opinion. Genre and Lane filled by SAGE 2026-10-04 by rule of thumb (post-2000 comedy), not Chris’s own call. Worth a glance.",R,
Serenity,2005,Sci-fi,4.4,,Household,Rated,Space & Science,"Rent: Apple TV Store, Google Play Movies",2026-10-04,,,,16320,posters/16320.jpg,119,"A group of rebels travel the outskirts of space evading the sinister Alliance regime. Their lives of smuggling and cargo-running are interrupted by a psychic passenger who harbours a dangerous secret. Soon, the crew find themselves being pursued by an Alliance agent who will stop at nothing to find them.","From the Amazon Prime purchase list, read from Chris’s own account 2026-10-04. He said he has seen every one of them, so Status is seen rather than owned. No rating given; blank beats invented. Needs genre, lane and a number. Rated by Chris in the Google Sheet and pulled into the vault 2026-10-04: Chris 4.4. Pixie left blank; he rated these alone. Genre and Lane filled by SAGE 2026-10-04 from a strong pattern (space).",PG-13,
Captain Ron,1992,Action-comedy,4.2,,Household,Rated,Classic Comedy,,2026-10-04,,,,14361,posters/14361.jpg,100,"When mild-mannered Martin Harvey finds out that he has inherited a vintage yacht, he decides to take his family on a Caribbean vacation to retrieve the vessel. Upon arriving on a small island and realizing that the ship is in rough shape, Martin and his family end up with more than they bargained for as the roguish Captain Ron signs on to sail the boat to Miami. It doesn't take long before Ron's anything-goes antics get the Harveys into plenty of trouble.","From the Amazon Prime purchase list, read from Chris’s own account 2026-10-04. He said he has seen every one of them, so Status is seen rather than owned. No rating given; blank beats invented. Needs genre, lane and a number. Rated by Chris in the Google Sheet and pulled into the vault 2026-10-04: Chris 4.2. Pixie left blank; he rated these alone. Genre and Lane filled by SAGE 2026-10-04 by rule of thumb (pre-2000 comedy), not Chris’s own call. Worth a glance.",PG-13,
Hot Rod,2007,Action-comedy,3.8,,Household,Rated,Modern Comedy,"Rent: Apple TV Store, Google Play Movies",2026-10-04,,,,10074,posters/10074.jpg,88,"For Rod Kimble, performing stunts is a way of life, even though he is rather accident-prone. Poor Rod cannot even get any respect from his stepfather, Frank, who beats him up in weekly sparring matches. When Frank falls ill, Rod devises his most outrageous stunt yet to raise money for Frank's operation -- and then Rod will kick Frank's butt.","From the Amazon Prime purchase list, read from Chris’s own account 2026-10-04. He said he has seen every one of them, so Status is seen rather than owned. No rating given; blank beats invented. Needs genre, lane and a number. Rated by Chris in the Google Sheet and pulled into the vault 2026-10-04: Chris 3.8. Pixie left blank; he rated these alone. Genre and Lane filled by SAGE 2026-10-04 by rule of thumb (post-2000 comedy), not Chris’s own call. Worth a glance.",PG-13,
Black Sheep,1996,Comedy,3.9,,Household,Rated,Classic Comedy,Rent: Google Play Movies,2026-10-04,,,,13997,posters/13997.jpg,86,"When dignified Albert Donnelly runs for Governor, his team moves to keep his slow-witted and klutzy younger brother, Mike, out of the eye of the media. To baby-sit Mike, the campaign assigns sarcastic Steve, who gets the experience of a lifetime when he tries to take Mike out of town during the election.","From the Amazon Prime purchase list, read from Chris’s own account 2026-10-04. He said he has seen every one of them, so Status is seen rather than owned. No rating given; blank beats invented. Needs genre, lane and a number. Rated by Chris in the Google Sheet and pulled into the vault 2026-10-04: Chris 3.9. Pixie left blank; he rated these alone. Genre and Lane filled by SAGE 2026-10-04 by rule of thumb (pre-2000 comedy), not Chris’s own call. Worth a glance.",PG-13,
Dumb & Dumber,1994,Comedy,4,,Household,Rated,Classic Comedy,Amazon Prime Video,2026-10-04,,,,8467,posters/8467.jpg,107,"Lloyd and Harry are two men whose stupidity is really indescribable. When Mary, a beautiful woman, loses an important suitcase with money before she leaves for Aspen, the two friends (who have found the suitcase) decide to return it to her. After some ""adventures"" they finally get to Aspen where, using the lost money they live it up and fight for Mary's heart.","From the Amazon Prime purchase list, read from Chris’s own account 2026-10-04. He said he has seen every one of them, so Status is seen rather than owned. No rating given; blank beats invented. Needs genre, lane and a number. Rated by Chris in the Google Sheet and pulled into the vault 2026-10-04: Chris 4. Pixie left blank; he rated these alone. Genre and Lane filled by SAGE 2026-10-04 by rule of thumb (pre-2000 comedy), not Chris’s own call. Worth a glance.",PG-13,
Tommy Boy,1995,Comedy,4.2,,Household,Rated,Classic Comedy,"Rent: Apple TV Store, Google Play Movies",2026-10-04,,,,11381,posters/11381.jpg,98,"To save the family business, two ne’er-do-well traveling salesmen hit the road with disastrously funny consequences.","From the Amazon Prime purchase list, read from Chris’s own account 2026-10-04. He said he has seen every one of them, so Status is seen rather than owned. No rating given; blank beats invented. Needs genre, lane and a number. Rated by Chris in the Google Sheet and pulled into the vault 2026-10-04: Chris 4.2. Pixie left blank; he rated these alone. Genre and Lane filled by SAGE 2026-10-04 by rule of thumb (pre-2000 comedy), not Chris’s own call. Worth a glance.",PG-13,
Sketch,2025,Action-comedy,4,,Household,Rated,Family Adventure,,2026-10-04,,,,1319969,posters/1319969.jpg,93,"When a young girl’s sketchbook falls into a strange pond, her drawings come to life—chaotic, real, and on the loose. As the town descends into chaos, her family must reunite and stop the monsters they never meant to unleash.","From the Amazon Prime purchase list, read from Chris’s own account 2026-10-04. He said he has seen every one of them, so Status is seen rather than owned. No rating given; blank beats invented. Needs genre, lane and a number. Rated by Chris in the Google Sheet and pulled into the vault 2026-10-04: Chris 4. Pixie left blank; he rated these alone. Genre and Lane filled by SAGE 2026-10-04 by rule of thumb (family adventure), not Chris’s own call. Worth a glance.",PG,
Minions & Monsters,2026,Animated / family,3.6,,Household,Rated,Animated Family,Buy: Apple TV Store,2026-10-04,,,,1315772,posters/1315772.jpg,90,"This is the rambunctious, ridiculous and totally true story of how the Minions conquered Hollywood, became movie stars, lost everything, unleashed monsters onto the world and then banded together to try and save the planet from the mayhem they had just created.","From the Amazon Prime purchase list, read from Chris’s own account 2026-10-04. He said he has seen every one of them, so Status is seen rather than owned. No rating given; blank beats invented. Needs genre, lane and a number. Rated by Chris in the Google Sheet and pulled into the vault 2026-10-04: Chris 3.6. Pixie left blank; he rated these alone. Genre and Lane filled by SAGE 2026-10-04 from a TMDB fact (same collection as a film you lane-ed).",PG,
Supergirl,2026,Sci-fi,3.8,,Household,Rated,Superhero,HBO Max,2026-10-04,,,,1081003,posters/1081003.jpg,108,"When an unexpected and ruthless adversary strikes too close to home, Kara Zor-El, aka Supergirl, reluctantly joins forces with an unlikely companion on an epic, interstellar journey of vengeance and justice.","From the Amazon Prime purchase list, read from Chris’s own account 2026-10-04. He said he has seen every one of them, so Status is seen rather than owned. No rating given; blank beats invented. Needs genre, lane and a number. Rated by Chris in the Google Sheet and pulled into the vault 2026-10-04: Chris 3.8. Pixie left blank; he rated these alone. Genre and Lane filled by SAGE 2026-10-04 from a strong pattern (comics).",PG-13,
Star Wars: The Mandalorian and Grogu,2026,Unsorted,,,Household,Dropped,Unsorted,Disney Plus,2026-10-04,,,,1228710,posters/1228710.jpg,132,"The evil Empire has fallen, and Imperial warlords remain scattered throughout the galaxy. As the fledgling New Republic works to protect everything the Rebellion fought for, they have enlisted the help of legendary Mandalorian bounty hunter Din Djarin and his young apprentice Grogu.","Dropped 2026-10-04: same film as ""The Mandalorian and Grogu"" (TMDB 1228710), which carries the rating. This row came in from the Amazon purchase list as a differently titled edition. Nothing lost, the row stays.",,carry
Wuthering Heights,2026,Period drama,3.5,,Household,Rated,Period,HBO Max,2026-10-04,,,,1316092,posters/1316092.jpg,136,"Tragedy strikes when Heathcliff falls in love with Catherine Earnshaw, a woman from a wealthy family in 18th-century England.","From the Amazon Prime purchase list, read from Chris’s own account 2026-10-04. He said he has seen every one of them, so Status is seen rather than owned. No rating given; blank beats invented. Needs genre, lane and a number. Rated by Chris in the Google Sheet and pulled into the vault 2026-10-04: Chris 3.5. Pixie left blank; he rated these alone. Genre and Lane filled by SAGE 2026-10-04 by rule of thumb (history), not Chris’s own call. Worth a glance.",R,
The Devil Wears Prada 2,2026,Comedy,4,,Household,Rated,Modern Comedy,Disney Plus,2026-10-04,,,,1314481,posters/1314481.jpg,119,"Andy Sachs returns to Runway as Miranda Priestly navigates a new media landscape and Runway's position within. The duo reconnect with former assistant Emily Charlton, now the head of a luxury brand that possesses funding which could ensure Runway's survival.","From the Amazon Prime purchase list, read from Chris’s own account 2026-10-04. He said he has seen every one of them, so Status is seen rather than owned. No rating given; blank beats invented. Needs genre, lane and a number. Rated by Chris in the Google Sheet and pulled into the vault 2026-10-04: Chris 4. Pixie left blank; he rated these alone. Genre and Lane filled by SAGE 2026-10-04 by rule of thumb (post-2000 comedy), not Chris’s own call. Worth a glance.",PG-13,
Robin Hood,2018,Action,4.3,,Household,Rated,Blockbuster,Universal+ Amazon Channel,2026-10-04,,,,375588,posters/375588.jpg,116,A war-hardened Crusader and his Moorish commander mount an audacious revolt against the corrupt English crown.,"From the Amazon Prime purchase list, read from Chris’s own account 2026-10-04. He said he has seen every one of them, so Status is seen rather than owned. No rating given; blank beats invented. Needs genre, lane and a number. Rated by Chris in the Google Sheet and pulled into the vault 2026-10-04: Chris 4.3. Pixie left blank; he rated these alone. Genre and Lane filled by SAGE 2026-10-04 by rule of thumb (big-budget spectacle), not Chris’s own call. Worth a glance.",PG-13,
Hoppers,2026,Animated / family,4.1,,Household,Rated,Animated Family,Disney Plus,2026-10-04,,,,1327819,posters/1327819.jpg,104,"Scientists have discovered how to 'hop' human consciousness into lifelike robotic animals, allowing people to communicate with animals as animals. Animal lover Mabel seizes an opportunity to use the technology, uncovering mysteries within the animal world beyond anything she could have imagined.","From the Amazon Prime purchase list, read from Chris’s own account 2026-10-04. He said he has seen every one of them, so Status is seen rather than owned. No rating given; blank beats invented. Needs genre, lane and a number. Rated by Chris in the Google Sheet and pulled into the vault 2026-10-04: Chris 4.1. Pixie left blank; he rated these alone. Genre and Lane filled by SAGE 2026-10-04 from a strong pattern (animation).",PG,
Behind the Curve,2018,Drama,4,,Household,Rated,Documentary,,2026-10-04,,,,520777,posters/520777.jpg,96,"Meet the growing, worldwide community of theorists who defend the belief that the Earth is flat while living in a society who vehemently rejects it.","From the Amazon Prime purchase list, read from Chris’s own account 2026-10-04. He said he has seen every one of them, so Status is seen rather than owned. No rating given; blank beats invented. Needs genre, lane and a number. Rated by Chris in the Google Sheet and pulled into the vault 2026-10-04: Chris 4. Pixie left blank; he rated these alone. Genre and Lane filled by SAGE 2026-10-04 from a TMDB fact (documentary).",,
League Of Extraordinary Gentlemen,2003,Sci-fi,3.9,,Household,Rated,Sci-fi Canon,Disney Plus,2026-10-04,,,,8698,posters/8698.jpg,110,"To prevent a world war from breaking out, famous characters from Victorian literature band together to do battle against a cunning villain.","From the Amazon Prime purchase list, read from Chris’s own account 2026-10-04. He said he has seen every one of them, so Status is seen rather than owned. No rating given; blank beats invented. Needs genre, lane and a number. Rated by Chris in the Google Sheet and pulled into the vault 2026-10-04: Chris 3.9. Pixie left blank; he rated these alone. Genre and Lane filled by SAGE 2026-10-04 by rule of thumb (sci-fi), not Chris’s own call. Worth a glance.",PG-13,
GOAT,2026,Animated / family,3.8,,Household,Rated,Animated Family,HBO Max,2026-10-04,,,,1297842,posters/1297842.jpg,100,"A small goat with big dreams gets a once-in-a-lifetime shot to join the pros and play roarball, a high-intensity, co-ed, full-contact sport dominated by the fastest, fiercest animals in the world.","From the Amazon Prime purchase list, read from Chris’s own account 2026-10-04. He said he has seen every one of them, so Status is seen rather than owned. No rating given; blank beats invented. Needs genre, lane and a number. Rated by Chris in the Google Sheet and pulled into the vault 2026-10-04: Chris 3.8. Pixie left blank; he rated these alone. Genre and Lane filled by SAGE 2026-10-04 from a strong pattern (animation).",PG,
Les Miserables,1952,Drama,3.8,,Household,Rated,Period,,2026-10-04,,,,132654,posters/132654.jpg,105,"In 19th century France, Jean Valjean, a man imprisoned for stealing bread, must flee a relentless policeman named Javert. The pursuit consumes both men's lives, and soon Valjean finds himself in the midst of the student revolutions in France.","From the Amazon Prime purchase list, read from Chris’s own account 2026-10-04. He said he has seen every one of them, so Status is seen rather than owned. No rating given; blank beats invented. Needs genre, lane and a number. Rated by Chris in the Google Sheet and pulled into the vault 2026-10-04: Chris 3.8. Pixie left blank; he rated these alone. Genre and Lane filled by SAGE 2026-10-04 by rule of thumb (history), not Chris’s own call. Worth a glance.",,
Valerian and the City of a Thousand Planets,2017,Sci-fi,4,,Household,Rated,Sci-fi Canon,"Rent: Apple TV Store, Google Play Movies",2026-10-04,,,,339964,posters/339964.jpg,137,"In the 28th century, Valerian and Laureline are special operatives charged with keeping order throughout the human territories. On assignment from the Minister of Defense, the two undertake a mission to Alpha, an ever-expanding metropolis where species from across the universe have converged over centuries to share knowledge, intelligence, and cultures. At the center of Alpha is a mysterious dark force which threatens the peaceful existence of the City of a Thousand Planets, and Valerian and Laureline must race to identify the menace and safeguard not just Alpha, but the future of the universe.","From the Amazon Prime purchase list, read from Chris’s own account 2026-10-04. He said he has seen every one of them, so Status is seen rather than owned. No rating given; blank beats invented. Needs genre, lane and a number. Rated by Chris in the Google Sheet and pulled into the vault 2026-10-04: Chris 4. Pixie left blank; he rated these alone. Genre and Lane filled by SAGE 2026-10-04 by rule of thumb (sci-fi), not Chris’s own call. Worth a glance.",PG-13,
Another Earth,2011,Sci-fi,3.8,,Household,Rated,Sci-fi Canon,Disney Plus,2026-10-04,,,,55420,posters/55420.jpg,92,"On the night a duplicate Earth is discovered in the solar system, the lives of a young woman and an accomplished composer become tragically connected after a fatal accident.","From the Amazon Prime purchase list, read from Chris’s own account 2026-10-04. He said he has seen every one of them, so Status is seen rather than owned. No rating given; blank beats invented. Needs genre, lane and a number. Rated by Chris in the Google Sheet and pulled into the vault 2026-10-04: Chris 3.8. Pixie left blank; he rated these alone. Genre and Lane filled by SAGE 2026-10-04 by rule of thumb (sci-fi), not Chris’s own call. Worth a glance.",PG-13,
Elio,2025,Animated / family,3.8,,Household,Rated,Animated Family,Disney Plus,2026-10-04,,,,1022787,posters/1022787.jpg,98,"Elio, a space fanatic with an active imagination, finds himself on a cosmic misadventure where he must form new bonds with eccentric alien lifeforms, navigate a crisis of intergalactic proportions and somehow discover who he is truly meant to be.","From the Amazon Prime purchase list, read from Chris’s own account 2026-10-04. He said he has seen every one of them, so Status is seen rather than owned. No rating given; blank beats invented. Needs genre, lane and a number. Rated by Chris in the Google Sheet and pulled into the vault 2026-10-04: Chris 3.8. Pixie left blank; he rated these alone. Genre and Lane filled by SAGE 2026-10-04 from a strong pattern (animation).",PG,
Lilo & Stitch,2025,Action-comedy,3.5,,Household,Rated,Family Adventure,Disney Plus,2026-10-04,,,,552524,posters/552524.jpg,108,The wildly funny and touching story of a lonely Hawaiian girl and the fugitive alien who helps to mend her broken family.,"From the Amazon Prime purchase list, read from Chris’s own account 2026-10-04. He said he has seen every one of them, so Status is seen rather than owned. No rating given; blank beats invented. Needs genre, lane and a number. Rated by Chris in the Google Sheet and pulled into the vault 2026-10-04: Chris 3.5. Pixie left blank; he rated these alone. Genre and Lane filled by SAGE 2026-10-04 by rule of thumb (family adventure), not Chris’s own call. Worth a glance.",PG,
Karate Kid: Legends,2025,Action,3.6,,Household,Rated,Action,HBO Max,2026-10-04,,,,1011477,posters/1011477.jpg,94,"After a family tragedy, kung fu prodigy Li Fong is uprooted from his home in Beijing and forced to move to New York City with his mother. When a new friend needs his help, Li enters a karate competition – but his skills alone aren't enough. Li's kung fu teacher Mr. Han enlists original Karate Kid Daniel LaRusso for help, and Li learns a new way to fight, merging their two styles into one for the ultimate martial arts showdown.","From the Amazon Prime purchase list, read from Chris’s own account 2026-10-04. He said he has seen every one of them, so Status is seen rather than owned. No rating given; blank beats invented. Needs genre, lane and a number. Rated by Chris in the Google Sheet and pulled into the vault 2026-10-04: Chris 3.6. Pixie left blank; he rated these alone. Genre and Lane filled by SAGE 2026-10-04 by rule of thumb (action), not Chris’s own call. Worth a glance.",PG-13,
Thunderbolts*,2025,Sci-fi,3.9,,Household,Rated,Marvel,Disney Plus,2026-10-04,,,,986056,posters/986056.jpg,127,"After finding themselves ensnared in a death trap, seven disillusioned castoffs must embark on a dangerous mission that will force them to confront the darkest corners of their pasts.","From the Amazon Prime purchase list, read from Chris’s own account 2026-10-04. He said he has seen every one of them, so Status is seen rather than owned. No rating given; blank beats invented. Needs genre, lane and a number. Rated by Chris in the Google Sheet and pulled into the vault 2026-10-04: Chris 3.9. Pixie left blank; he rated these alone. Genre and Lane filled by SAGE 2026-10-04 from a TMDB fact (Marvel Studios).",PG-13,
Spaceballs,1987,Action-comedy,4.6,,Household,Rated,Classic Comedy,Amazon Prime Video,2026-10-04,,,,957,posters/957.jpg,96,"When the nefarious Dark Helmet hatches a plan to snatch Princess Vespa and steal her planet's air, space-bum-for-hire Lone Starr and his clueless sidekick fly to the rescue. Along the way, they meet Yogurt, who puts Lone Starr wise to the power of ""The Schwartz."" Can he master it in time to save the day?","From the Amazon Prime purchase list, read from Chris’s own account 2026-10-04. He said he has seen every one of them, so Status is seen rather than owned. No rating given; blank beats invented. Needs genre, lane and a number. Rated by Chris in the Google Sheet and pulled into the vault 2026-10-04: Chris 4.6. Pixie left blank; he rated these alone. Genre and Lane filled by SAGE 2026-10-04 by rule of thumb (pre-2000 comedy), not Chris’s own call. Worth a glance.",PG,
The Penguin Lessons,2025,Drama,4,,Household,Rated,Unsorted,Amazon Prime Video,2026-10-04,,,,1086497,posters/1086497.jpg,111,"In 1976, as Argentina descends into violence and chaos, a world-weary English teacher regains his compassion for others thanks to an unlikely friendship with a penguin.","From the Amazon Prime purchase list, read from Chris’s own account 2026-10-04. He said he has seen every one of them, so Status is seen rather than owned. No rating given; blank beats invented. Needs genre, lane and a number. Rated by Chris in the Google Sheet and pulled into the vault 2026-10-04: Chris 4. Pixie left blank; he rated these alone.",PG-13,
A Minecraft Movie,2025,Action-comedy,3.8,,Household,Rated,Frat Pack,"Netflix, HBO Max",2026-10-04,,,,950387,posters/950387.jpg,101,"Four misfits find themselves struggling with ordinary problems when they are suddenly pulled through a mysterious portal into the Overworld: a bizarre, cubic wonderland that thrives on imagination. To get back home, they'll have to master this world while embarking on a magical quest with an unexpected, expert crafter, Steve.","From the Amazon Prime purchase list, read from Chris’s own account 2026-10-04. He said he has seen every one of them, so Status is seen rather than owned. No rating given; blank beats invented. Needs genre, lane and a number. Rated by Chris in the Google Sheet and pulled into the vault 2026-10-04: Chris 3.8. Pixie left blank; he rated these alone. Genre and Lane filled by SAGE 2026-10-04 from a strong pattern (Frat Pack cast).",PG,
Indiana Jones and the Raiders of the Lost Ark,1981,Unsorted,,,Household,Dropped,Unsorted,Paramount Plus,2026-10-04,,,,85,posters/85.jpg,115,"When Dr. Indiana Jones – the tweed-suited professor who just happens to be a celebrated archaeologist – is hired by the government to locate the legendary Ark of the Covenant, he finds himself up against the entire Nazi regime.","Dropped 2026-10-04: same film as ""Raiders of the Lost Ark"" (TMDB 85), which carries the rating. This row came in from the Amazon purchase list as a differently titled edition. Nothing lost, the row stays.",,carry
Goodrich,2024,Comedy,4,,Household,Rated,Modern Comedy,Amazon Prime Video,2026-10-04,,,,1088096,posters/1088096.jpg,111,"Andy Goodrich's life is upended when his wife enters a rehab program, leaving him on his own with their young kids. Goodrich leans on his daughter from his first marriage, Grace, as he ultimately evolves into the father Grace never had.","From the Amazon Prime purchase list, read from Chris’s own account 2026-10-04. He said he has seen every one of them, so Status is seen rather than owned. No rating given; blank beats invented. Needs genre, lane and a number. Rated by Chris in the Google Sheet and pulled into the vault 2026-10-04: Chris 4. Pixie left blank; he rated these alone. Genre and Lane filled by SAGE 2026-10-04 by rule of thumb (post-2000 comedy), not Chris’s own call. Worth a glance.",R,
Hitpig,2024,Animated / family,3.7,,Household,Rated,Animated Family,Rent: Apple TV Store,2026-10-04,,,,756397,posters/756397.jpg,85,"A porcine bounty hunter accepts his next hit: Pickles, a naive, ebullient elephant. Though he initially sets out to capture the perky pachyderm, the unlikely pair find themselves crisscrossing the globe on an adventure that brings out the best in both of them.","From the Amazon Prime purchase list, read from Chris’s own account 2026-10-04. He said he has seen every one of them, so Status is seen rather than owned. No rating given; blank beats invented. Needs genre, lane and a number. Rated by Chris in the Google Sheet and pulled into the vault 2026-10-04: Chris 3.7. Pixie left blank; he rated these alone. Genre and Lane filled by SAGE 2026-10-04 from a strong pattern (animation).",PG,
Fly Me To The Moon,2024,Rom-com,3.9,,Household,Rated,Space & Science,Apple TV,2026-10-04,,,,956842,posters/956842.jpg,132,"Sparks fly in all directions as marketing maven Kelly Jones, brought in to fix NASA's public image, wreaks havoc on Apollo 11 launch director Cole Davis' already difficult task of putting a man on the moon. When the White House deems the mission too important to fail, Jones is directed to stage a fake moon landing as backup, and the countdown truly begins.","From the Amazon Prime purchase list, read from Chris’s own account 2026-10-04. He said he has seen every one of them, so Status is seen rather than owned. No rating given; blank beats invented. Needs genre, lane and a number. Rated by Chris in the Google Sheet and pulled into the vault 2026-10-04: Chris 3.9. Pixie left blank; he rated these alone. Genre and Lane filled by SAGE 2026-10-04 from a strong pattern (space).",PG-13,
Gladiator II,2024,Action,3.8,,Household,Rated,Blockbuster,Paramount Plus,2026-10-04,,,,558449,posters/558449.jpg,148,"Years after witnessing the death of the revered hero Maximus at the hands of his uncle, Lucius is forced to enter the Colosseum after his home is conquered by the tyrannical Emperors who now lead Rome with an iron fist. With rage in his heart and the future of the Empire at stake, Lucius must look to his past to find strength and honor to return the glory of Rome to its people.","From the Amazon Prime purchase list, read from Chris’s own account 2026-10-04. He said he has seen every one of them, so Status is seen rather than owned. No rating given; blank beats invented. Needs genre, lane and a number. Rated by Chris in the Google Sheet and pulled into the vault 2026-10-04: Chris 3.8. Pixie left blank; he rated these alone. Genre and Lane filled by SAGE 2026-10-04 by rule of thumb (big-budget spectacle), not Chris’s own call. Worth a glance.",R,
In the Heart of the Sea,2015,Action,3.8,,Household,Rated,Period,HBO Max,2026-10-04,,,,205775,posters/205775.jpg,122,"In the winter of 1820, the New England whaling ship Essex is assaulted by something no one could believe—a whale of mammoth size and will, and an almost human sense of vengeance.","From the Amazon Prime purchase list, read from Chris’s own account 2026-10-04. He said he has seen every one of them, so Status is seen rather than owned. No rating given; blank beats invented. Needs genre, lane and a number. Rated by Chris in the Google Sheet and pulled into the vault 2026-10-04: Chris 3.8. Pixie left blank; he rated these alone. Genre and Lane filled by SAGE 2026-10-04 by rule of thumb (history), not Chris’s own call. Worth a glance.",PG-13,
Beetlejuice Beetlejuice,2024,Comedy,3.7,,Household,Rated,80s Nostalgia,"Netflix, HBO Max",2026-10-04,,,,917496,posters/917496.jpg,105,"After a family tragedy, three generations of the Deetz family return home to Winter River. Still haunted by Betelgeuse, Lydia's life is turned upside down when her teenage daughter, Astrid, accidentally opens the portal to the Afterlife.","From the Amazon Prime purchase list, read from Chris’s own account 2026-10-04. He said he has seen every one of them, so Status is seen rather than owned. No rating given; blank beats invented. Needs genre, lane and a number. Rated by Chris in the Google Sheet and pulled into the vault 2026-10-04: Chris 3.7. Pixie left blank; he rated these alone. Genre and Lane filled by SAGE 2026-10-04 from a TMDB fact (same collection as a film you lane-ed).",PG-13,
Scrooged,1988,Comedy,4,,Household,Rated,Christmas,"Rent: Apple TV Store, Google Play Movies",2026-10-04,,,,9647,posters/9647.jpg,101,"Frank Cross is a wildly successful television executive whose cold ambition and curmudgeonly nature has driven away the love of his life. But after firing a staff member on Christmas Eve, Frank is visited by a series of ghosts who give him a chance to re-evaluate his actions and right the wrongs of his past.","From the Amazon Prime purchase list, read from Chris’s own account 2026-10-04. He said he has seen every one of them, so Status is seen rather than owned. No rating given; blank beats invented. Needs genre, lane and a number. Rated by Chris in the Google Sheet and pulled into the vault 2026-10-04: Chris 4. Pixie left blank; he rated these alone. Genre and Lane filled by SAGE 2026-10-04 from a strong pattern (christmas).",PG-13,
Bookworm,2024,Action-comedy,3.5,,Household,Rated,Family Adventure,,2026-10-04,,,,1153110,posters/1153110.jpg,104,"Eleven-year-old Mildred’s life is turned upside down when her mother lands in hospital and estranged, American magician father, Strawn Wise, comes to look after her.  Hoping to entertain the bookish tween, Strawn takes Mildred camping in the notoriously rugged New Zealand wilderness, and the pair embark on the ultimate test of family bonding – a quest to find the mythological beast known as the Canterbury Panther.","From the Amazon Prime purchase list, read from Chris’s own account 2026-10-04. He said he has seen every one of them, so Status is seen rather than owned. No rating given; blank beats invented. Needs genre, lane and a number. Rated by Chris in the Google Sheet and pulled into the vault 2026-10-04: Chris 3.5. Pixie left blank; he rated these alone. Genre and Lane filled by SAGE 2026-10-04 by rule of thumb (family adventure), not Chris’s own call. Worth a glance.",,
Harold and the Purple Crayon,2024,Action-comedy,3.6,,Household,Rated,Family Adventure,Amazon Prime Video,2026-10-04,,,,826510,posters/826510.jpg,90,"Inside of his book, adventurous Harold can make anything come to life simply by drawing it. After he grows up and draws himself off the book's pages and into the physical world, Harold finds he has a lot to learn about real life.","From the Amazon Prime purchase list, read from Chris’s own account 2026-10-04. He said he has seen every one of them, so Status is seen rather than owned. No rating given; blank beats invented. Needs genre, lane and a number. Rated by Chris in the Google Sheet and pulled into the vault 2026-10-04: Chris 3.6. Pixie left blank; he rated these alone. Genre and Lane filled by SAGE 2026-10-04 by rule of thumb (family adventure), not Chris’s own call. Worth a glance.",PG,
Charlotte's Web,2006,Comedy,3.8,,Household,Rated,Family Adventure,"Rent: Apple TV Store, Google Play Movies",2026-10-04,,,,9986,posters/9986.jpg,97,"Wilbur the pig is scared of the end of the season, because he knows that come that time, he will end up on the dinner table. He hatches a plan with Charlotte, a spider that lives in his pen, to ensure that this will never happen.","From the Amazon Prime purchase list, read from Chris’s own account 2026-10-04. He said he has seen every one of them, so Status is seen rather than owned. No rating given; blank beats invented. Needs genre, lane and a number. Rated by Chris in the Google Sheet and pulled into the vault 2026-10-04: Chris 3.8. Pixie left blank; he rated these alone. Genre and Lane filled by SAGE 2026-10-04 by rule of thumb (family adventure), not Chris’s own call. Worth a glance.",G,
American Underdog,2021,Drama,3.9,,Household,Rated,Kid Sport,"Rent: Apple TV Store, Google Play Movies",2026-10-04,,,,673309,posters/673309.jpg,112,"The true story of Kurt Warner, who went from a stockboy at a grocery store to a two-time NFL MVP, Super Bowl champion, and Hall of Fame quarterback.","From the Amazon Prime purchase list, read from Chris’s own account 2026-10-04. He said he has seen every one of them, so Status is seen rather than owned. No rating given; blank beats invented. Needs genre, lane and a number. Rated by Chris in the Google Sheet and pulled into the vault 2026-10-04: Chris 3.9. Pixie left blank; he rated these alone. Genre and Lane filled by SAGE 2026-10-04 from a strong pattern (sport).",PG,
Earth to Echo,2014,Sci-fi,3.8,,Household,Rated,Family Adventure,,2026-10-04,,,,238603,posters/238603.jpg,91,"After a construction project begins digging in their neighbourhood, best friends Tuck, Munch and Alex inexplicably begin to receive strange, encoded messages on their cell phones. Convinced something bigger is going on, they go to their parents and the authorities. The three embark on a secret adventure to crack the code and follow it to its source, and discover a mysterious being from another world who desperately needs their help. The journey that follows will change all their lives forever.","From the Amazon Prime purchase list, read from Chris’s own account 2026-10-04. He said he has seen every one of them, so Status is seen rather than owned. No rating given; blank beats invented. Needs genre, lane and a number. Rated by Chris in the Google Sheet and pulled into the vault 2026-10-04: Chris 3.8. Pixie left blank; he rated these alone. Genre and Lane filled by SAGE 2026-10-04 by rule of thumb (family adventure), not Chris’s own call. Worth a glance.",PG,
Renfield,2023,Comedy,4,,Household,Rated,Modern Comedy,Universal+ Amazon Channel,2026-10-04,,,,649609,posters/649609.jpg,93,"Having grown sick and tired of his centuries as Dracula's lackey, Renfield finds a new lease on life — and maybe even redemption — when he falls for feisty, perennially angry traffic cop Rebecca Quincy.","From the Amazon Prime purchase list, read from Chris’s own account 2026-10-04. He said he has seen every one of them, so Status is seen rather than owned. No rating given; blank beats invented. Needs genre, lane and a number. Rated by Chris in the Google Sheet and pulled into the vault 2026-10-04: Chris 4. Pixie left blank; he rated these alone. Genre and Lane filled by SAGE 2026-10-04 by rule of thumb (post-2000 comedy), not Chris’s own call. Worth a glance.",R,
Arthur the King,2024,Adventure,3.8,,Household,Rated,Action,"Amazon Prime Video, HBO Max",2026-10-04,,,,618588,posters/618588.jpg,107,"Over the course of ten days and 435 miles, an unbreakable bond is forged between pro adventure racer Michael Light and a scrappy street dog companion dubbed Arthur. As the team is pushed to their outer limits of endurance in the race, Arthur redefines what victory, loyalty and friendship truly mean.","From the Amazon Prime purchase list, read from Chris’s own account 2026-10-04. He said he has seen every one of them, so Status is seen rather than owned. No rating given; blank beats invented. Needs genre, lane and a number. Rated by Chris in the Google Sheet and pulled into the vault 2026-10-04: Chris 3.8. Pixie left blank; he rated these alone. Genre and Lane filled by SAGE 2026-10-04 by rule of thumb (action), not Chris’s own call. Worth a glance.",PG-13,
"Ruby Gillman, Teenage Kraken",2023,Animated / family,3.6,,Household,Rated,Animated Family,Universal+ Amazon Channel,2026-10-04,,,,1040148,posters/1040148.jpg,92,"Ruby Gillman, a sweet and awkward high school student, discovers she's a direct descendant of the warrior kraken queens. The kraken are sworn to protect the oceans of the world against the vain, power-hungry mermaids. Destined to inherit the throne from her commanding grandmother, Ruby must use her newfound powers to protect those she loves most.","From the Amazon Prime purchase list, read from Chris’s own account 2026-10-04. He said he has seen every one of them, so Status is seen rather than owned. No rating given; blank beats invented. Needs genre, lane and a number. Rated by Chris in the Google Sheet and pulled into the vault 2026-10-04: Chris 3.6. Pixie left blank; he rated these alone. Genre and Lane filled by SAGE 2026-10-04 from a strong pattern (animation).",PG,
Whale Rider,2003,Drama,3.9,,Household,Rated,Unsorted,,2026-10-04,,,,1088,posters/1088.jpg,101,"A contemporary story of love, rejection, and triumph as a young Māori girl fights to fulfill a destiny her grandfather refuses to recognize.","From the Amazon Prime purchase list, read from Chris’s own account 2026-10-04. He said he has seen every one of them, so Status is seen rather than owned. No rating given; blank beats invented. Needs genre, lane and a number. Rated by Chris in the Google Sheet and pulled into the vault 2026-10-04: Chris 3.9. Pixie left blank; he rated these alone.",PG-13,
Bob Marley: One Love,2024,Drama,4,,Household,Rated,Music & Musicals,"Rent: Apple TV Store, Google Play Movies",2026-10-04,,,,802219,posters/802219.jpg,104,Jamaican singer-songwriter Bob Marley overcomes adversity to become the most famous reggae musician in the world.,"From the Amazon Prime purchase list, read from Chris’s own account 2026-10-04. He said he has seen every one of them, so Status is seen rather than owned. No rating given; blank beats invented. Needs genre, lane and a number. Rated by Chris in the Google Sheet and pulled into the vault 2026-10-04: Chris 4. Pixie left blank; he rated these alone. Genre and Lane filled by SAGE 2026-10-04 by rule of thumb (music), not Chris’s own call. Worth a glance.",PG-13,
Godzilla x Kong: The New Empire,2024,Sci-fi,3.8,,Household,Rated,Sci-fi Canon,"Netflix, HBO Max, Universal+ Amazon Channel",2026-10-04,,,,823464,posters/823464.jpg,115,"Following their explosive showdown, Godzilla and Kong must reunite against a colossal undiscovered threat hidden within our world, challenging their very existence – and our own.","From the Amazon Prime purchase list, read from Chris’s own account 2026-10-04. He said he has seen every one of them, so Status is seen rather than owned. No rating given; blank beats invented. Needs genre, lane and a number. Rated by Chris in the Google Sheet and pulled into the vault 2026-10-04: Chris 3.8. Pixie left blank; he rated these alone. Genre and Lane filled by SAGE 2026-10-04 by rule of thumb (sci-fi), not Chris’s own call. Worth a glance.",PG-13,
Ghostbusters: Frozen Empire,2024,Action-comedy,3.9,,Household,Rated,Frat Pack,Amazon Prime Video,2026-10-04,,,,967847,posters/967847.jpg,115,"The Spengler family returns to where it all started - the iconic New York City firehouse - to team up with the original Ghostbusters, who've developed a top-secret research lab to take busting ghosts to the next level. But when the discovery of an ancient artifact unleashes an evil force, Ghostbusters new and old must join forces to protect their home and save the world from a second Ice Age.","From the Amazon Prime purchase list, read from Chris’s own account 2026-10-04. He said he has seen every one of them, so Status is seen rather than owned. No rating given; blank beats invented. Needs genre, lane and a number. Rated by Chris in the Google Sheet and pulled into the vault 2026-10-04: Chris 3.9. Pixie left blank; he rated these alone. Genre and Lane filled by SAGE 2026-10-04 from a TMDB fact (same collection as a film you lane-ed).",PG-13,
Ordinary Angels,2024,Drama,3.5,,Household,Rated,Unsorted,Amazon Prime Video,2026-10-04,,,,974036,posters/974036.jpg,118,Inspired by the incredible true story of a hairdresser who single-handedly rallies an entire community to help a widowed father save the life of his critically ill young daughter.,"From the Amazon Prime purchase list, read from Chris’s own account 2026-10-04. He said he has seen every one of them, so Status is seen rather than owned. No rating given; blank beats invented. Needs genre, lane and a number. Rated by Chris in the Google Sheet and pulled into the vault 2026-10-04: Chris 3.5. Pixie left blank; he rated these alone.",PG,
Scoob!,2020,Animated / family,3,,Household,Rated,Animated Family,HBO Max,2026-10-04,,,,385103,posters/385103.jpg,94,"In Scooby-Doo’s greatest adventure yet, see the never-before told story of how lifelong friends Scooby and Shaggy first met and how they joined forces with young detectives Fred, Velma, and Daphne to form the famous Mystery Inc. Now, with hundreds of cases solved, Scooby and the gang face their biggest, toughest mystery ever: an evil plot to unleash the ghost dog Cerberus upon the world. As they race to stop this global “dogpocalypse,” the gang discovers that Scooby has a secret legacy and an epic destiny greater than anyone ever imagined.","From the Amazon Prime purchase list, read from Chris’s own account 2026-10-04. He said he has seen every one of them, so Status is seen rather than owned. No rating given; blank beats invented. Needs genre, lane and a number. Rated by Chris in the Google Sheet and pulled into the vault 2026-10-04: Chris 3. Pixie left blank; he rated these alone. Genre and Lane filled by SAGE 2026-10-04 from a strong pattern (animation).",PG,
Gulliver's Travels,2010,Action-comedy,3.6,,Household,Rated,Frat Pack,,2026-10-04,,,,38745,posters/38745.jpg,85,"Travel writer Lemuel Gulliver takes an assignment in Bermuda, but ends up on the island of Liliput, where he towers over its tiny citizens.","From the Amazon Prime purchase list, read from Chris’s own account 2026-10-04. He said he has seen every one of them, so Status is seen rather than owned. No rating given; blank beats invented. Needs genre, lane and a number. Rated by Chris in the Google Sheet and pulled into the vault 2026-10-04: Chris 3.6. Pixie left blank; he rated these alone. Genre and Lane filled by SAGE 2026-10-04 from a strong pattern (Frat Pack cast).",PG,
Next Goal Wins,2023,Comedy,4,,Household,Rated,Modern Comedy,Disney Plus,2026-10-04,,,,621587,posters/621587.jpg,104,Dutch coach Thomas Rongen attempts the nearly impossible task of turning the American Samoa soccer team from perennial losers into winners.,"From the Amazon Prime purchase list, read from Chris’s own account 2026-10-04. He said he has seen every one of them, so Status is seen rather than owned. No rating given; blank beats invented. Needs genre, lane and a number. Rated by Chris in the Google Sheet and pulled into the vault 2026-10-04: Chris 4. Pixie left blank; he rated these alone. Genre and Lane filled by SAGE 2026-10-04 by rule of thumb (post-2000 comedy), not Chris’s own call. Worth a glance.",PG-13,
Kung Fu Panda 4,2024,Animated / family,3.9,,Household,Rated,Animated Family,Netflix,2026-10-04,,,,1011985,posters/1011985.jpg,94,"Po is gearing up to become the spiritual leader of his Valley of Peace, but also needs someone to take his place as Dragon Warrior. As such, he will train a new kung fu practitioner for the spot and will encounter a villain called the Chameleon who conjures villains from the past.","From the Amazon Prime purchase list, read from Chris’s own account 2026-10-04. He said he has seen every one of them, so Status is seen rather than owned. No rating given; blank beats invented. Needs genre, lane and a number. Rated by Chris in the Google Sheet and pulled into the vault 2026-10-04: Chris 3.9. Pixie left blank; he rated these alone. Genre and Lane filled by SAGE 2026-10-04 from a TMDB fact (same collection as a film you lane-ed).",PG,
Godzilla vs. Kong,2021,Sci-fi,3.7,,Household,Rated,Sci-fi Canon,HBO Max,2026-10-04,,,,399566,posters/399566.jpg,114,"In a time when monsters walk the Earth, humanity’s fight for its future sets Godzilla and Kong on a collision course that will see the two most powerful forces of nature on the planet collide in a spectacular battle for the ages.","From the Amazon Prime purchase list, read from Chris’s own account 2026-10-04. He said he has seen every one of them, so Status is seen rather than owned. No rating given; blank beats invented. Needs genre, lane and a number. Rated by Chris in the Google Sheet and pulled into the vault 2026-10-04: Chris 3.7. Pixie left blank; he rated these alone. Genre and Lane filled by SAGE 2026-10-04 by rule of thumb (sci-fi), not Chris’s own call. Worth a glance.",PG-13,
The Lego Ninjago Movie,2017,Animated / family,3,,Household,Rated,Animated Family,"Disney Plus, HBO Max",2026-10-04,,,,274862,posters/274862.jpg,101,"Six young ninjas are tasked with defending their island home of Ninjago. By night, they’re gifted warriors using their skill and awesome fleet of vehicles to fight villains and monsters. By day, they’re ordinary teens struggling against their greatest enemy....high school.","From the Amazon Prime purchase list, read from Chris’s own account 2026-10-04. He said he has seen every one of them, so Status is seen rather than owned. No rating given; blank beats invented. Needs genre, lane and a number. Rated by Chris in the Google Sheet and pulled into the vault 2026-10-04: Chris 3. Pixie left blank; he rated these alone. Genre and Lane filled by SAGE 2026-10-04 from a strong pattern (animation).",PG,
Freelance,2023,Action-comedy,3,,Household,Rated,Modern Comedy,"Rent: Apple TV Store, Google Play Movies",2026-10-04,,,,897087,posters/897087.jpg,108,"An ex-special forces operative takes a job to provide security for a journalist as she interviews a dictator, but a military coup breaks out in the middle of the interview, they are forced to escape into the jungle where they must survive.","From the Amazon Prime purchase list, read from Chris’s own account 2026-10-04. He said he has seen every one of them, so Status is seen rather than owned. No rating given; blank beats invented. Needs genre, lane and a number. Rated by Chris in the Google Sheet and pulled into the vault 2026-10-04: Chris 3. Pixie left blank; he rated these alone. Genre and Lane filled by SAGE 2026-10-04 by rule of thumb (post-2000 comedy), not Chris’s own call. Worth a glance.",R,
Back to the Future II,1989,Unsorted,,,Household,Dropped,Unsorted,"Amazon Prime Video, Universal+ Amazon Channel",2026-10-04,,,,165,posters/165.jpg,108,"Marty and Doc are at it again as the time-traveling duo head to 2015 to nip some McFly family woes in the bud. But things go awry thanks to bully Biff Tannen and a pesky sports almanac. In a last-ditch attempt to set things straight, Marty finds himself bound for 1955 and face to face with his teenage parents -- again.","Dropped 2026-10-04: same film as ""Back to the Future Part II"" (TMDB 165), which carries the rating. This row came in from the Amazon purchase list as a differently titled edition. Nothing lost, the row stays.",,carry
Meet Cute,2022,Rom-com,3.9,,Household,Rated,Time & Second Chances,Amazon Prime Video,2026-10-04,,,,843543,posters/843543.jpg,90,"A wildly inventive deconstruction of the romantic comedy built around the question: What would you do if you could travel to your loved ones’ past, heal their traumas, fix their problems, and change them into the perfect partner?","From the Amazon Prime purchase list, read from Chris’s own account 2026-10-04. He said he has seen every one of them, so Status is seen rather than owned. No rating given; blank beats invented. Needs genre, lane and a number. Rated by Chris in the Google Sheet and pulled into the vault 2026-10-04: Chris 3.9. Pixie left blank; he rated these alone. Genre and Lane filled by SAGE 2026-10-04 from a strong pattern (time travel).",R,
The Marvels,2023,Sci-fi,3.5,,Household,Rated,Marvel,Disney Plus,2026-10-04,,,,609681,posters/609681.jpg,105,"When her duties send her to an anomalous wormhole linked to a Kree revolutionary, Carol's powers become entangled with that of Jersey City super-fan Kamala Khan, aka Ms. Marvel, and Carol's estranged niece, now S.A.B.E.R. astronaut Captain Monica Rambeau. Together, this unlikely trio must team up and learn to work in concert to save the universe.","From the Amazon Prime purchase list, read from Chris’s own account 2026-10-04. He said he has seen every one of them, so Status is seen rather than owned. No rating given; blank beats invented. Needs genre, lane and a number. Rated by Chris in the Google Sheet and pulled into the vault 2026-10-04: Chris 3.5. Pixie left blank; he rated these alone. Genre and Lane filled by SAGE 2026-10-04 from a TMDB fact (Marvel Studios).",PG-13,
Aquaman and the Lost Kingdom,2023,Action,3.5,,Household,Rated,Superhero,"HBO Max, Universal+ Amazon Channel",2026-10-04,,,,572802,posters/572802.jpg,124,"Black Manta seeks revenge on Aquaman for his father's death. Wielding the Black Trident's power, he becomes a formidable foe. To defend Atlantis, Arthur (Aquaman) forges an alliance with his imprisoned brother. They must protect the kingdom.","From the Amazon Prime purchase list, read from Chris’s own account 2026-10-04. He said he has seen every one of them, so Status is seen rather than owned. No rating given; blank beats invented. Needs genre, lane and a number. Rated by Chris in the Google Sheet and pulled into the vault 2026-10-04: Chris 3.5. Pixie left blank; he rated these alone. Genre and Lane filled by SAGE 2026-10-04 from a TMDB fact (same collection as a film you lane-ed).",PG-13,
The Hunger Games: The Ballad of Songbirds and Snakes,2023,Sci-fi,3.8,,Household,Rated,Sci-fi Canon,"Rent: Apple TV Store, Google Play Movies",2026-10-04,,,,695721,posters/695721.jpg,157,"64 years before he becomes the tyrannical president of Panem, Coriolanus Snow sees a chance for a change in fortunes when he mentors Lucy Gray Baird, the female tribute from District 12.","From the Amazon Prime purchase list, read from Chris’s own account 2026-10-04. He said he has seen every one of them, so Status is seen rather than owned. No rating given; blank beats invented. Needs genre, lane and a number. Rated by Chris in the Google Sheet and pulled into the vault 2026-10-04: Chris 3.8. Pixie left blank; he rated these alone. Genre and Lane filled by SAGE 2026-10-04 by rule of thumb (sci-fi), not Chris’s own call. Worth a glance.",PG-13,
Bottoms,2023,Comedy,3.8,,Household,Rated,Modern Comedy,,2026-10-04,,,,814776,posters/814776.jpg,91,Unpopular best friends PJ and Josie start a high school self-defense club to meet girls and lose their virginity. They soon find themselves in over their heads when the most popular students start beating each other up in the name of self-defense.,"From the Amazon Prime purchase list, read from Chris’s own account 2026-10-04. He said he has seen every one of them, so Status is seen rather than owned. No rating given; blank beats invented. Needs genre, lane and a number. Rated by Chris in the Google Sheet and pulled into the vault 2026-10-04: Chris 3.8. Pixie left blank; he rated these alone. Genre and Lane filled by SAGE 2026-10-04 by rule of thumb (post-2000 comedy), not Chris’s own call. Worth a glance.",R,
Teenage Mutant Ninja Turtles: Mutant Mayhem,2023,Animated / family,3,,Household,Rated,Animated Family,Paramount Plus,2026-10-04,,,,614930,posters/614930.jpg,100,"After years of being sheltered from the human world, the Turtle brothers set out to win the hearts of New Yorkers and be accepted as normal teenagers through heroic acts. Their new friend April O'Neil helps them take on a mysterious crime syndicate, but they soon get in over their heads when an army of mutants is unleashed upon them.","From the Amazon Prime purchase list, read from Chris’s own account 2026-10-04. He said he has seen every one of them, so Status is seen rather than owned. No rating given; blank beats invented. Needs genre, lane and a number. Rated by Chris in the Google Sheet and pulled into the vault 2026-10-04: Chris 3. Pixie left blank; he rated these alone. Genre and Lane filled by SAGE 2026-10-04 from a strong pattern (animation).",PG,
Jules,2023,Action-comedy,3.9,,Household,Rated,Modern Comedy,Netflix,2026-10-04,,,,1072371,posters/1072371.jpg,87,"A flying saucer lands in the backyard of an elderly suburbanite with memory problems, who forms a bond with the scared alien inside.","From the Amazon Prime purchase list, read from Chris’s own account 2026-10-04. He said he has seen every one of them, so Status is seen rather than owned. No rating given; blank beats invented. Needs genre, lane and a number. Rated by Chris in the Google Sheet and pulled into the vault 2026-10-04: Chris 3.9. Pixie left blank; he rated these alone. Genre and Lane filled by SAGE 2026-10-04 by rule of thumb (post-2000 comedy), not Chris’s own call. Worth a glance.",PG-13,
Gran Turismo: Based on a True Story,2023,Unsorted,,,Household,Dropped,Unsorted,Netflix,2026-10-04,,,,980489,posters/980489.jpg,135,The ultimate wish-fulfillment tale of a teenage Gran Turismo player whose gaming skills won him a series of Nissan competitions to become an actual professional racecar driver.,"Dropped 2026-10-04: same film as ""Gran Turismo"" (TMDB 980489), which carries the rating. This row came in from the Amazon purchase list as a differently titled edition. Nothing lost, the row stays.",,carry
Practical Magic,1998,Rom-com,4,,Household,Rated,Modern Rom-com,HBO Max,2026-10-04,,,,6435,posters/6435.jpg,104,"Sally and Gillian Owens, born into a magical family, have mostly avoided witchcraft themselves. But when Gillian's vicious boyfriend, Jimmy Angelov, dies unexpectedly, the Owens sisters give themselves a crash course in hard magic. With policeman Gary Hallet growing suspicious, the girls struggle to resurrect Angelov -- and unwittingly inject his corpse with an evil spirit that threatens to end their family line.","From the Amazon Prime purchase list, read from Chris’s own account 2026-10-04. He said he has seen every one of them, so Status is seen rather than owned. No rating given; blank beats invented. Needs genre, lane and a number. Rated by Chris in the Google Sheet and pulled into the vault 2026-10-04: Chris 4. Pixie left blank; he rated these alone. Genre and Lane filled by SAGE 2026-10-04 by rule of thumb (rom-com era), not Chris’s own call. Worth a glance.",PG-13,
My Dog Skip,2000,Comedy,3.5,,Household,Rated,Modern Comedy,,2026-10-04,,,,17908,posters/17908.jpg,95,"A shy boy is unable to make friends in Yazoo City, Mississippi in 1942, until his parents give him a terrier puppy for his ninth birthday. The dog, which he names Skip, becomes well known and loved throughout the community and enriches the life of the boy, Willie, as he grows into manhood.","From the Amazon Prime purchase list, read from Chris’s own account 2026-10-04. He said he has seen every one of them, so Status is seen rather than owned. No rating given; blank beats invented. Needs genre, lane and a number. Rated by Chris in the Google Sheet and pulled into the vault 2026-10-04: Chris 3.5. Pixie left blank; he rated these alone. Genre and Lane filled by SAGE 2026-10-04 by rule of thumb (post-2000 comedy), not Chris’s own call. Worth a glance.",PG,
Mission: Impossible - Dead Reckoning,2023,Action,4.5,,Household,Rated,Blockbuster,Paramount Plus,2026-10-04,,,,575264,posters/575264.jpg,164,"Ethan Hunt and his IMF team embark on their most dangerous mission yet: To track down a terrifying new weapon that threatens all of humanity before it falls into the wrong hands. With control of the future and the world's fate at stake and dark forces from Ethan's past closing in, a deadly race around the globe begins. Confronted by a mysterious, all-powerful enemy, Ethan must consider that nothing can matter more than his mission—not even the lives of those he cares about most.","From the Amazon purchase list 2026-10-04. TMDB enrichment matched to Mission: Impossible - The Final Reckoning (2025), which is a different film, so the machine fields were cleared rather than left wrong. Needs a manual match. Rated by Chris in the Google Sheet and pulled into the vault 2026-10-04: Chris 4.5. Pixie left blank; he rated these alone. Year corrected from 2025 to 2023; the 2025 came from the wrong TMDB match that was cleared. Still needs a TMDB pass. TMDB matched this to ""Mission: Impossible - Dead Reckoning Part One"" (2023) on a year-only match. Confirm it is the right film. Genre and Lane filled by SAGE 2026-10-04 from a TMDB fact (same collection as a film you lane-ed).",PG-13,carry
Free Willy,1993,Adventure,3.9,,Household,Rated,Family Adventure,"Netflix, Amazon Prime Video",2026-10-04,,,,1634,posters/1634.jpg,112,"When maladjusted orphan Jesse vandalizes a theme park, he is placed with foster parents and must work at the park to make amends. There he meets Willy, a young Orca whale who has been separated from his family. Sensing kinship, they form a bond and, with the help of kindly whale trainer Rae Lindley, develop a routine of tricks. However, greedy park owner Dial soon catches wind of the duo and makes plans to profit from them.","From the Amazon Prime purchase list, read from Chris’s own account 2026-10-04. He said he has seen every one of them, so Status is seen rather than owned. No rating given; blank beats invented. Needs genre, lane and a number. Rated by Chris in the Google Sheet and pulled into the vault 2026-10-04: Chris 3.9. Pixie left blank; he rated these alone. Genre and Lane filled by SAGE 2026-10-04 by rule of thumb (family adventure), not Chris’s own call. Worth a glance.",PG,
Knights of the Zodiac,2023,Sci-fi,3.9,,Household,Rated,Superhero,Netflix,2026-10-04,,,,455476,posters/455476.jpg,112,"When a headstrong street orphan, Seiya, in search of his abducted sister unwittingly taps into hidden powers, he discovers he might be the only person alive who can protect a reincarnated goddess, sent to watch over humanity. Can he let his past go and embrace his destiny to become a Knight of the Zodiac?","From the Amazon Prime purchase list, read from Chris’s own account 2026-10-04. He said he has seen every one of them, so Status is seen rather than owned. No rating given; blank beats invented. Needs genre, lane and a number. Rated by Chris in the Google Sheet and pulled into the vault 2026-10-04: Chris 3.9. Pixie left blank; he rated these alone. Genre and Lane filled by SAGE 2026-10-04 from a strong pattern (comics).",PG-13,
Blue Beetle,2023,Sci-fi,3.5,,Household,Rated,Superhero,"HBO Max, Universal+ Amazon Channel",2026-10-04,,,,565770,posters/565770.jpg,128,"Recent college grad Jaime Reyes returns home full of aspirations for his future, only to find that home is not quite as he left it. As he searches to find his purpose in the world, fate intervenes when Jaime unexpectedly finds himself in possession of an ancient relic of alien biotechnology: the Scarab.","From the Amazon Prime purchase list, read from Chris’s own account 2026-10-04. He said he has seen every one of them, so Status is seen rather than owned. No rating given; blank beats invented. Needs genre, lane and a number. Rated by Chris in the Google Sheet and pulled into the vault 2026-10-04: Chris 3.5. Pixie left blank; he rated these alone. Genre and Lane filled by SAGE 2026-10-04 from a strong pattern (comics).",PG-13,
Hell or High Seas,2021,Drama,4.8,,Household,Rated,Documentary,,2026-10-04,,,,744098,posters/744098.jpg,89,"""Hell or High Seas"" follows U.S. Navy veteran Taylor Grieger and writer Stephen O’Shea on the adventure of a lifetime. As the two sail around Cape Horn – the world’s most treacherous ocean waters – to raise awareness about veteran suicide, Taylor finds healing from his own painful journey with PTSD.","From the Amazon Prime purchase list, read from Chris’s own account 2026-10-04. He said he has seen every one of them, so Status is seen rather than owned. No rating given; blank beats invented. Needs genre, lane and a number. Rated by Chris in the Google Sheet and pulled into the vault 2026-10-04: Chris 4.8. Pixie left blank; he rated these alone. Genre and Lane filled by SAGE 2026-10-04 from a TMDB fact (documentary).",,
Indiana Jones and the Dial of Destiny,2023,Action,3.9,,Household,Rated,Spielberg,Disney Plus,2026-10-04,,,,335977,posters/335977.jpg,155,"Finding himself in a new era, and approaching retirement, Indy wrestles with fitting into a world that seems to have outgrown him. But as the tentacles of an all-too-familiar evil return in the form of an old rival, Indy must don his hat and pick up his whip once more to make sure an ancient and powerful artifact doesn't fall into the wrong hands.","From the Amazon Prime purchase list, read from Chris’s own account 2026-10-04. He said he has seen every one of them, so Status is seen rather than owned. No rating given; blank beats invented. Needs genre, lane and a number. Rated by Chris in the Google Sheet and pulled into the vault 2026-10-04: Chris 3.9. Pixie left blank; he rated these alone. Genre and Lane filled by SAGE 2026-10-04 from a TMDB fact (same collection as a film you lane-ed).",PG-13,
No Hard Feelings,2023,Rom-com,3.8,,Household,Rated,Modern Rom-com,Netflix,2026-10-04,,,,884605,posters/884605.jpg,103,"On the brink of losing her childhood home, Maddie discovers an intriguing job listing: wealthy helicopter parents looking for someone to “date” their introverted 19-year-old son, Percy, before he leaves for college. To her surprise, Maddie soon discovers the awkward Percy is no sure thing.","From the Amazon Prime purchase list, read from Chris’s own account 2026-10-04. He said he has seen every one of them, so Status is seen rather than owned. No rating given; blank beats invented. Needs genre, lane and a number. Rated by Chris in the Google Sheet and pulled into the vault 2026-10-04: Chris 3.8. Pixie left blank; he rated these alone. Genre and Lane filled by SAGE 2026-10-04 by rule of thumb (rom-com era), not Chris’s own call. Worth a glance.",R,
Mummies,2023,Animated / family,3.8,,Household,Rated,Animated Family,HBO Max,2026-10-04,,,,816904,posters/816904.jpg,88,"Through a series of unfortunate events, three mummies end up in present-day London and embark on a wacky and hilarious journey in search of an old ring belonging to the Royal Family, stolen by ambitious archaeologist Lord Carnaby.","From the Amazon Prime purchase list, read from Chris’s own account 2026-10-04. He said he has seen every one of them, so Status is seen rather than owned. No rating given; blank beats invented. Needs genre, lane and a number. Rated by Chris in the Google Sheet and pulled into the vault 2026-10-04: Chris 3.8. Pixie left blank; he rated these alone. Genre and Lane filled by SAGE 2026-10-04 from a strong pattern (animation).",PG,
The Subtle Art of Not Giving a #@%!,2023,Drama,3.4,,Household,Rated,Documentary,"Rent: Apple TV Store, Google Play Movies",2026-10-04,,,,1032696,posters/1032696.jpg,97,"Mark Manson cuts through the crap to offer his not-giving-a-f*ck philosophy: a dose of raw, refreshing honesty that shows us how to live more contented, grounded lives.","From the Amazon Prime purchase list, read from Chris’s own account 2026-10-04. He said he has seen every one of them, so Status is seen rather than owned. No rating given; blank beats invented. Needs genre, lane and a number. Rated by Chris in the Google Sheet and pulled into the vault 2026-10-04: Chris 3.4. Pixie left blank; he rated these alone. Genre and Lane filled by SAGE 2026-10-04 from a TMDB fact (documentary).",R,
About My Father,2023,Comedy,3.4,,Household,Rated,Modern Comedy,"Rent: Apple TV Store, Google Play Movies",2026-10-04,,,,829051,posters/829051.jpg,90,"Encouraged by his girlfriend Ellie, Sebastian and his Italian immigrant father, Salvo, spend the 4th of July weekend with her wealthy and exceedingly eccentric family. The gathering soon develops into a culture clash, allowing father and son to discover the true meaning of family.","From the Amazon Prime purchase list, read from Chris’s own account 2026-10-04. He said he has seen every one of them, so Status is seen rather than owned. No rating given; blank beats invented. Needs genre, lane and a number. Rated by Chris in the Google Sheet and pulled into the vault 2026-10-04: Chris 3.4. Pixie left blank; he rated these alone. Genre and Lane filled by SAGE 2026-10-04 by rule of thumb (post-2000 comedy), not Chris’s own call. Worth a glance.",PG-13,
Asteroid City,2023,Comedy,3.3,,Household,Rated,Modern Comedy,"Rent: Apple TV Store, Google Play Movies",2026-10-04,,,,747188,posters/747188.jpg,105,"In an American desert town circa 1955, the itinerary of a Junior Stargazer/Space Cadet convention is spectacularly disrupted by world-changing events.","From the Amazon Prime purchase list, read from Chris’s own account 2026-10-04. He said he has seen every one of them, so Status is seen rather than owned. No rating given; blank beats invented. Needs genre, lane and a number. Rated by Chris in the Google Sheet and pulled into the vault 2026-10-04: Chris 3.3. Pixie left blank; he rated these alone. Genre and Lane filled by SAGE 2026-10-04 by rule of thumb (post-2000 comedy), not Chris’s own call. Worth a glance.",PG-13,
Minions: The Rise of Gru,2022,Animated / family,3.9,,Household,Rated,Animated Family,Universal+ Amazon Channel,2026-10-04,,,,438148,posters/438148.jpg,87,"A fanboy of a supervillain supergroup known as the Vicious 6, Gru hatches a plan to become evil enough to join them, with the backup of his followers, the Minions.","From the Amazon Prime purchase list, read from Chris’s own account 2026-10-04. He said he has seen every one of them, so Status is seen rather than owned. No rating given; blank beats invented. Needs genre, lane and a number. Rated by Chris in the Google Sheet and pulled into the vault 2026-10-04: Chris 3.9. Pixie left blank; he rated these alone. Genre and Lane filled by SAGE 2026-10-04 from a TMDB fact (same collection as a film you lane-ed).",PG,
The One I Love,2014,Rom-com,3.6,,Household,Rated,Modern Rom-com,Amazon Prime Video,2026-10-04,,,,242090,posters/242090.jpg,91,"Ethan and Sophie are a married couple on the brink of separation when, at the urging of their therapist, they decide to salvage their relationship by escaping to a beautiful vacation house for the weekend.","From the Amazon Prime purchase list, read from Chris’s own account 2026-10-04. He said he has seen every one of them, so Status is seen rather than owned. No rating given; blank beats invented. Needs genre, lane and a number. Rated by Chris in the Google Sheet and pulled into the vault 2026-10-04: Chris 3.6. Pixie left blank; he rated these alone. Genre and Lane filled by SAGE 2026-10-04 by rule of thumb (rom-com era), not Chris’s own call. Worth a glance.",R,
Morbius,2022,Sci-fi,3.1,,Household,Rated,Superhero,"Rent: Apple TV Store, Google Play Movies",2026-10-04,,,,526896,posters/526896.jpg,105,"Dangerously ill with a rare blood disorder, and determined to save others suffering his same fate, Dr. Michael Morbius attempts a desperate gamble. What at first appears to be a radical success soon reveals itself to be a remedy potentially worse than the disease.","From the Amazon Prime purchase list, read from Chris’s own account 2026-10-04. He said he has seen every one of them, so Status is seen rather than owned. No rating given; blank beats invented. Needs genre, lane and a number. Rated by Chris in the Google Sheet and pulled into the vault 2026-10-04: Chris 3.1. Pixie left blank; he rated these alone. Genre and Lane filled by SAGE 2026-10-04 from a strong pattern (comics).",PG-13,
The Lost City,2022,Action-comedy,4,,Household,Rated,Modern Comedy,Paramount Plus,2026-10-04,,,,752623,posters/752623.jpg,112,"Reclusive author Loretta Sage writes about exotic places in her popular adventure novels that feature a handsome cover model named Alan. While on tour promoting her new book with Alan, Loretta gets kidnapped by an eccentric billionaire who hopes she can lead him to the ancient city's lost treasure that featured in her latest story. Alan, determined to prove he can be a hero in real life and not just on the pages of her books, sets off to rescue her.","From the Amazon Prime purchase list, read from Chris’s own account 2026-10-04. He said he has seen every one of them, so Status is seen rather than owned. No rating given; blank beats invented. Needs genre, lane and a number. Rated by Chris in the Google Sheet and pulled into the vault 2026-10-04: Chris 4. Pixie left blank; he rated these alone. Genre and Lane filled by SAGE 2026-10-04 by rule of thumb (post-2000 comedy), not Chris’s own call. Worth a glance.",PG-13,
Safety Not Guaranteed,2012,Rom-com,3.9,,Household,Rated,Time & Second Chances,,2026-10-04,,,,84332,posters/84332.jpg,86,Three magazine employees head out on an assignment to interview a guy who placed a classified ad seeking a companion for time travel.,"From the Amazon Prime purchase list, read from Chris’s own account 2026-10-04. He said he has seen every one of them, so Status is seen rather than owned. No rating given; blank beats invented. Needs genre, lane and a number. Rated by Chris in the Google Sheet and pulled into the vault 2026-10-04: Chris 3.9. Pixie left blank; he rated these alone. Genre and Lane filled by SAGE 2026-10-04 from a strong pattern (time travel).",R,
The Book of Love,2017,Drama,4.2,,Household,Rated,Unsorted,Amazon Prime Video,2026-10-04,,,,352885,posters/352885.jpg,107,"After tragedy strikes Henry and Penny, he befriends a tenacious young girl and discovers she is constructing a raft to sail across the Atlantic to find her lost father. Together, along with some unlikely friends, they set forth to construct the vessel and subsequently rebuild their lives.","From the Amazon Prime purchase list, read from Chris’s own account 2026-10-04. He said he has seen every one of them, so Status is seen rather than owned. No rating given; blank beats invented. Needs genre, lane and a number. Rated by Chris in the Google Sheet and pulled into the vault 2026-10-04: Chris 4.2. Pixie left blank; he rated these alone.",PG-13,
House of Gucci,2021,Drama,3.9,,Household,Rated,Period,"Amazon Prime Video, Universal+ Amazon Channel",2026-10-04,,,,644495,posters/644495.jpg,158,"When Patrizia Reggiani, an outsider from humble beginnings, marries into the Gucci family, her unbridled ambition begins to unravel the family legacy and triggers a reckless spiral of betrayal, decadence, revenge, and ultimately… murder.","From the Amazon Prime purchase list, read from Chris’s own account 2026-10-04. He said he has seen every one of them, so Status is seen rather than owned. No rating given; blank beats invented. Needs genre, lane and a number. Rated by Chris in the Google Sheet and pulled into the vault 2026-10-04: Chris 3.9. Pixie left blank; he rated these alone. Genre and Lane filled by SAGE 2026-10-04 by rule of thumb (history), not Chris’s own call. Worth a glance.",R,
Ghostbusters: Afterlife,2021,Action-comedy,3.9,,Household,Rated,Frat Pack,"Amazon Prime Video, Universal+ Amazon Channel",2026-10-04,,,,425909,posters/425909.jpg,124,"When single mom Callie and her two kids Trevor and Phoebe arrive in a small Oklahoma town, they begin to discover their connection to the original Ghostbusters and the secret legacy their grandfather left behind.","From the Amazon Prime purchase list, read from Chris’s own account 2026-10-04. He said he has seen every one of them, so Status is seen rather than owned. No rating given; blank beats invented. Needs genre, lane and a number. Rated by Chris in the Google Sheet and pulled into the vault 2026-10-04: Chris 3.9. Pixie left blank; he rated these alone. Genre and Lane filled by SAGE 2026-10-04 from a TMDB fact (same collection as a film you lane-ed).",PG-13,
Roadrunner: A Film About Anthony Bourdain,2021,Drama,3.8,,Household,Rated,Documentary,"Rent: Apple TV Store, Google Play Movies",2026-10-04,,,,642732,posters/642732.jpg,119,"An intimate, behind-the-scenes look at how an anonymous chef became a world-renowned cultural icon. This unflinching look at Anthony Bourdain reverberates with his presence, in his own voice and in the way he indelibly impacted the world around him.","From the Amazon Prime purchase list, read from Chris’s own account 2026-10-04. He said he has seen every one of them, so Status is seen rather than owned. No rating given; blank beats invented. Needs genre, lane and a number. Rated by Chris in the Google Sheet and pulled into the vault 2026-10-04: Chris 3.8. Pixie left blank; he rated these alone. Genre and Lane filled by SAGE 2026-10-04 from a TMDB fact (documentary).",R,
The Night Before,2015,Action-comedy,4.2,,Household,Rated,Christmas,Buy: Apple TV Store,2026-10-04,,,,296100,posters/296100.jpg,101,"In New York City for their annual tradition of Christmas Eve debauchery, three lifelong best friends set out to find the Holy Grail of Christmas parties since their yearly reunion might be coming to an end.","From the Amazon Prime purchase list, read from Chris’s own account 2026-10-04. He said he has seen every one of them, so Status is seen rather than owned. No rating given; blank beats invented. Needs genre, lane and a number. Rated by Chris in the Google Sheet and pulled into the vault 2026-10-04: Chris 4.2. Pixie left blank; he rated these alone. Genre and Lane filled by SAGE 2026-10-04 from a strong pattern (christmas).",R,
Happy People: A Year in the Taiga,2010,Drama,3.8,,Household,Rated,Documentary,Curiosity Stream,2026-10-04,,,,89704,posters/89704.jpg,94,"In the center of the story is the life of the indigenous people of the village Bakhtia at the river Yenisei in the Siberian Taiga. The camera follows the protagonists in the village over a period of a year. The natives, whose daily routines have barely changed over the last centuries, keep living their lives according to their own cultural traditions.","From the Amazon Prime purchase list, read from Chris’s own account 2026-10-04. He said he has seen every one of them, so Status is seen rather than owned. No rating given; blank beats invented. Needs genre, lane and a number. Rated by Chris in the Google Sheet and pulled into the vault 2026-10-04: Chris 3.8. Pixie left blank; he rated these alone. Genre and Lane filled by SAGE 2026-10-04 from a TMDB fact (documentary).",NR,
Snake Eyes: G.I. Joe Origins,2021,Action,3.2,,Household,Rated,Blockbuster,Amazon Prime Video,2026-10-04,,,,568620,posters/568620.jpg,121,"After saving the life of their heir apparent, tenacious loner Snake Eyes is welcomed into an ancient Japanese clan called the Arashikage where he is taught the ways of the ninja warrior. But, when secrets from his past are revealed, Snake Eyes' honor and allegiance will be tested – even if that means losing the trust of those closest to him.","From the Amazon Prime purchase list, read from Chris’s own account 2026-10-04. He said he has seen every one of them, so Status is seen rather than owned. No rating given; blank beats invented. Needs genre, lane and a number. Rated by Chris in the Google Sheet and pulled into the vault 2026-10-04: Chris 3.2. Pixie left blank; he rated these alone. Genre and Lane filled by SAGE 2026-10-04 by rule of thumb (big-budget spectacle), not Chris’s own call. Worth a glance.",PG-13,
Matilda,1996,Comedy,4.4,,Household,Rated,Family Adventure,"Amazon Prime Video, Sony One Amazon Channel",2026-10-04,,,,10830,posters/10830.jpg,98,"Matilda Wormwood is an brilliant and intelligent little girl. Unfortunately, her parents, Harry and Zinnia, fail to see that fact. As time passes, she finally starts school and has a kind teacher, loyal friends, and a terrifying, sadistic headmistress. As she becomes fed up with the constant cruelty, she discovers she has a special gift that she just might be able to use to outwit the unruly adults around her.","From the Amazon Prime purchase list, read from Chris’s own account 2026-10-04. He said he has seen every one of them, so Status is seen rather than owned. No rating given; blank beats invented. Needs genre, lane and a number. Rated by Chris in the Google Sheet and pulled into the vault 2026-10-04: Chris 4.4. Pixie left blank; he rated these alone. Genre and Lane filled by SAGE 2026-10-04 by rule of thumb (family adventure), not Chris’s own call. Worth a glance.",PG,
The Way,2010,Adventure,3.2,,Household,Rated,Action,Rent: Apple TV Store,2026-10-04,,,,59468,posters/59468.jpg,128,"When his son dies while hiking the famed Camino de Santiago pilgrimage route in the Pyrenees, Tom flies to France to claim the remains. Looking for insights into his estranged child’s life, he decides to complete the 500-mile mountain trek to Spain. Tom soon joins up with other travelers and realizes they’re all searching for something.","From the Amazon Prime purchase list, read from Chris’s own account 2026-10-04. He said he has seen every one of them, so Status is seen rather than owned. No rating given; blank beats invented. Needs genre, lane and a number. Rated by Chris in the Google Sheet and pulled into the vault 2026-10-04: Chris 3.2. Pixie left blank; he rated these alone. Genre and Lane filled by SAGE 2026-10-04 by rule of thumb (action), not Chris’s own call. Worth a glance.",PG-13,
The Boss Baby: Family Business,2021,Animated / family,3.8,,Household,Rated,Animated Family,Amazon Prime Video,2026-10-04,,,,459151,posters/459151.jpg,107,The Templeton brothers — Tim and his Boss Baby little bro Ted — have become adults and drifted away from each other. But a new boss baby with a cutting-edge approach and a can-do attitude is about to bring them together again … and inspire a new family business.,"From the Amazon Prime purchase list, read from Chris’s own account 2026-10-04. He said he has seen every one of them, so Status is seen rather than owned. No rating given; blank beats invented. Needs genre, lane and a number. Rated by Chris in the Google Sheet and pulled into the vault 2026-10-04: Chris 3.8. Pixie left blank; he rated these alone. Genre and Lane filled by SAGE 2026-10-04 from a TMDB fact (same collection as a film you lane-ed).",PG,
Gattaca,1997,Sci-fi,3.9,,Household,Rated,Space & Science,HBO Max,2026-10-04,,,,782,posters/782.jpg,107,"Vincent is an all-too-human man who dares to defy a system obsessed with genetic perfection. He is an ""In-Valid"" who assumes the identity of a member of the genetic elite to pursue his goal of traveling into space with the Gattaca Aerospace Corporation.","From the Amazon Prime purchase list, read from Chris’s own account 2026-10-04. He said he has seen every one of them, so Status is seen rather than owned. No rating given; blank beats invented. Needs genre, lane and a number. Rated by Chris in the Google Sheet and pulled into the vault 2026-10-04: Chris 3.9. Pixie left blank; he rated these alone. Genre and Lane filled by SAGE 2026-10-04 from a strong pattern (space).",PG-13,
The Hitman's Wife's Bodyguard,2021,Action-comedy,4,,Household,Rated,Blockbuster,Universal+ Amazon Channel,2026-10-04,,,,522931,posters/522931.jpg,117,"The world’s most lethal odd couple – bodyguard Michael Bryce and hitman Darius Kincaid – are back on another life-threatening mission. Still unlicensed and under scrutiny, Bryce is forced into action by Darius's even more volatile wife, the infamous international con artist Sonia Kincaid. As Bryce is driven over the edge by his two most dangerous protectees, the trio get in over their heads in a global plot and soon find that they are all that stand between Europe and a vengeful and powerful madman.","From the Amazon Prime purchase list, read from Chris’s own account 2026-10-04. He said he has seen every one of them, so Status is seen rather than owned. No rating given; blank beats invented. Needs genre, lane and a number. Rated by Chris in the Google Sheet and pulled into the vault 2026-10-04: Chris 4. Pixie left blank; he rated these alone. Genre and Lane filled by SAGE 2026-10-04 from a TMDB fact (same collection as a film you lane-ed).",R,
License to Wed,2007,Comedy,3,,Household,Rated,Modern Comedy,"Rent: Apple TV Store, Google Play Movies",2026-10-04,,,,2959,posters/2959.jpg,91,"Newly engaged, Ben and Sadie can't wait to start their life together and live happily ever after. However Sadie's family church's Reverend Frank won't bless their union until they pass his patented, ""foolproof"" marriage prep course consisting of outrageous classes, outlandish homework assignments and some outright invasion of privacy.","From the Amazon Prime purchase list, read from Chris’s own account 2026-10-04. He said he has seen every one of them, so Status is seen rather than owned. No rating given; blank beats invented. Needs genre, lane and a number. Rated by Chris in the Google Sheet and pulled into the vault 2026-10-04: Chris 3. Pixie left blank; he rated these alone. Genre and Lane filled by SAGE 2026-10-04 by rule of thumb (post-2000 comedy), not Chris’s own call. Worth a glance.",PG-13,
A Walk in the Clouds,1995,Romance,3.9,,Household,Rated,Unsorted,Disney Plus,2026-10-04,,,,9560,posters/9560.jpg,103,World War II vet Paul Sutton falls for a pregnant and unwed woman who persuades him -- during their first encounter -- to pose as her husband so she can face her family.,"From the Amazon Prime purchase list, read from Chris’s own account 2026-10-04. He said he has seen every one of them, so Status is seen rather than owned. No rating given; blank beats invented. Needs genre, lane and a number. Rated by Chris in the Google Sheet and pulled into the vault 2026-10-04: Chris 3.9. Pixie left blank; he rated these alone.",PG-13,
The Water Man,2020,Adventure,3.9,,Household,Rated,Action,Netflix,2026-10-04,,,,346687,posters/346687.jpg,92,"Hoping to save his sick mother, a boy named Gunner and his friend Jo venture into the remote Wild Horse forest to search for a mythical figure who possesses the secret to immortality. When they go missing, Gunner's father Amos must immerse himself in his son's world to find them.","From the Amazon Prime purchase list, read from Chris’s own account 2026-10-04. He said he has seen every one of them, so Status is seen rather than owned. No rating given; blank beats invented. Needs genre, lane and a number. Rated by Chris in the Google Sheet and pulled into the vault 2026-10-04: Chris 3.9. Pixie left blank; he rated these alone. Genre and Lane filled by SAGE 2026-10-04 by rule of thumb (action), not Chris’s own call. Worth a glance.",PG,
Casper,1995,Comedy,3.4,,Household,Rated,Family Adventure,,2026-10-04,,,,8839,posters/8839.jpg,100,"Casper is a kind young ghost who peacefully haunts a mansion in Maine. When specialist James Harvey arrives to communicate with Casper and his fellow spirits, he brings along his teenage daughter, Kat. Casper quickly falls in love with Kat, but their budding relationship is complicated not only by his transparent state, but also by his troublemaking apparition uncles and their mischievous antics.","From the Amazon Prime purchase list, read from Chris’s own account 2026-10-04. He said he has seen every one of them, so Status is seen rather than owned. No rating given; blank beats invented. Needs genre, lane and a number. Rated by Chris in the Google Sheet and pulled into the vault 2026-10-04: Chris 3.4. Pixie left blank; he rated these alone. Genre and Lane filled by SAGE 2026-10-04 by rule of thumb (family adventure), not Chris’s own call. Worth a glance.",PG,
Airplane!,1980,Comedy,4,,Household,Rated,Classic Comedy,"Rent: Apple TV Store, Google Play Movies",2026-10-04,,,,813,posters/813.jpg,88,An ex-fighter pilot is forced to take over the controls of an airliner when the flight crew succumbs to food poisoning.,"From the Amazon Prime purchase list, read from Chris’s own account 2026-10-04. He said he has seen every one of them, so Status is seen rather than owned. No rating given; blank beats invented. Needs genre, lane and a number. Rated by Chris in the Google Sheet and pulled into the vault 2026-10-04: Chris 4. Pixie left blank; he rated these alone. Genre and Lane filled by SAGE 2026-10-04 by rule of thumb (pre-2000 comedy), not Chris’s own call. Worth a glance.",PG,
Little Giants,1994,Comedy,3.9,,Household,Rated,Kid Sport,"Rent: Apple TV Store, Google Play Movies",2026-10-04,,,,20726,posters/20726.jpg,107,"When Danny O'Shea's daughter is cut from the Peewee football team just for being a girl, he decides to form his own team, composed of other ragtag players who were also cut. Can his team really learn enough to beat the elite team, coached by his brother, a former pro player?","From the Amazon Prime purchase list, read from Chris’s own account 2026-10-04. He said he has seen every one of them, so Status is seen rather than owned. No rating given; blank beats invented. Needs genre, lane and a number. Rated by Chris in the Google Sheet and pulled into the vault 2026-10-04: Chris 3.9. Pixie left blank; he rated these alone. Genre and Lane filled by SAGE 2026-10-04 from a strong pattern (sport).",PG,
Casino,1995,Drama,4.4,,Household,Rated,Prestige,"Rent: Apple TV Store, Google Play Movies",2026-10-04,,,,524,posters/524.jpg,179,"In Las Vegas, two best friends--a casino executive and a Mafia enforcer--compete for a gambling empire and a fast-living, fast-loving socialite.","From the Amazon Prime purchase list, read from Chris’s own account 2026-10-04. He said he has seen every one of them, so Status is seen rather than owned. No rating given; blank beats invented. Needs genre, lane and a number. Rated by Chris in the Google Sheet and pulled into the vault 2026-10-04: Chris 4.4. Pixie left blank; he rated these alone. Genre and Lane filled by SAGE 2026-10-04 by rule of thumb (acclaimed drama), not Chris’s own call. Worth a glance.",R,
Interview With the Vampire: The Vampire Chronicles,1994,Adventure,3.4,,Household,Rated,Horror,"Amazon Prime Video, HBO Max",2026-10-04,,,,628,posters/628.jpg,123,"A vampire relates his epic life story of love, betrayal, loneliness, and dark hunger to an over-curious reporter.","From the Amazon Prime purchase list, read from Chris’s own account 2026-10-04. He said he has seen every one of them, so Status is seen rather than owned. No rating given; blank beats invented. Needs genre, lane and a number. TMDB matched this to ""Interview with the Vampire"" (1994) on a weak match. Confirm it is the right film. Rated by Chris in the Google Sheet and pulled into the vault 2026-10-04: Chris 3.4. Pixie left blank; he rated these alone. Genre and Lane filled by SAGE 2026-10-04 by rule of thumb (horror), not Chris’s own call. Worth a glance.",R,carry
Breaking News in Yuba County,2021,Action-comedy,3,,Household,Rated,Modern Comedy,"Rent: Apple TV Store, Google Play Movies",2026-10-04,,,,556867,posters/556867.jpg,96,"An overlooked pencil-pusher catches her husband in bed with another woman, the shock of which causes him to die of a heart attack. So she buries his body and takes advantage of the growing celebrity status that comes from having a missing husband. But she quickly finds herself in over her head, dodging cops and criminals, all while trying to keep the truth from her sister, a local news anchor who’s desperate for a story.","From the Amazon Prime purchase list, read from Chris’s own account 2026-10-04. He said he has seen every one of them, so Status is seen rather than owned. No rating given; blank beats invented. Needs genre, lane and a number. Rated by Chris in the Google Sheet and pulled into the vault 2026-10-04: Chris 3. Pixie left blank; he rated these alone. Genre and Lane filled by SAGE 2026-10-04 by rule of thumb (post-2000 comedy), not Chris’s own call. Worth a glance.",R,
100% Wolf,2020,Animated / family,2.5,,Household,Rated,Animated Family,Universal+ Amazon Channel,2026-10-04,,,,520946,posters/520946.jpg,96,"Freddy Lupin, heir to a proud family line of werewolves, is in for a shock when on his 14th birthday his first 'warfing' goes awry, turning him into a ferocious poodle.  The pack elders give Freddy until the next moonrise to prove he has the heart of a wolf, or risk being cast out forever.  With the help of an unlikely ally in a streetwise stray named Batty, Freddy must prove he's 100% Wolf.","From the Amazon Prime purchase list, read from Chris’s own account 2026-10-04. He said he has seen every one of them, so Status is seen rather than owned. No rating given; blank beats invented. Needs genre, lane and a number. Rated by Chris in the Google Sheet and pulled into the vault 2026-10-04: Chris 2.5. Pixie left blank; he rated these alone. Genre and Lane filled by SAGE 2026-10-04 from a strong pattern (animation).",PG,
Thunderheart,1992,Drama,3,,Household,Rated,Unsorted,,2026-10-04,,,,12395,posters/12395.jpg,119,A young mixed-blood FBI agent is assigned to work with a cynical veteran investigator on a murder on a poverty-stricken Sioux reservation.,"From the Amazon Prime purchase list, read from Chris’s own account 2026-10-04. He said he has seen every one of them, so Status is seen rather than owned. No rating given; blank beats invented. Needs genre, lane and a number. Rated by Chris in the Google Sheet and pulled into the vault 2026-10-04: Chris 3. Pixie left blank; he rated these alone.",R,
The Croods: A New Age,2020,Animated / family,4.1,,Household,Rated,Animated Family,"Amazon Prime Video, Universal+ Amazon Channel",2026-10-04,,,,529203,posters/529203.jpg,95,"Searching for a safer habitat, the prehistoric Crood family discovers an idyllic, walled-in paradise that meets all of its needs. Unfortunately, they must also learn to live with the Bettermans -- a family that's a couple of steps above the Croods on the evolutionary ladder. As tensions between the new neighbors start to rise, a new threat soon propels both clans on an epic adventure that forces them to embrace their differences, draw strength from one another, and survive together.","From the Amazon Prime purchase list, read from Chris’s own account 2026-10-04. He said he has seen every one of them, so Status is seen rather than owned. No rating given; blank beats invented. Needs genre, lane and a number. Rated by Chris in the Google Sheet and pulled into the vault 2026-10-04: Chris 4.1. Pixie left blank; he rated these alone. Genre and Lane filled by SAGE 2026-10-04 from a TMDB fact (same collection as a film you lane-ed).",PG,
Citizen Kane,1941,Drama,4.6,,Household,Rated,Prestige,HBO Max,2026-10-04,,,,15,posters/15.jpg,119,"Newspaper magnate Charles Foster Kane is taken from his mother as a boy and made the ward of a rich industrialist. As a result, every well-meaning, tyrannical or self-destructive move he makes for the rest of his life appears in some way to be a reaction to that deeply wounding event.","From the Amazon Prime purchase list, read from Chris’s own account 2026-10-04. He said he has seen every one of them, so Status is seen rather than owned. No rating given; blank beats invented. Needs genre, lane and a number. Rated by Chris in the Google Sheet and pulled into the vault 2026-10-04: Chris 4.6. Pixie left blank; he rated these alone. Genre and Lane filled by SAGE 2026-10-04 by rule of thumb (acclaimed drama), not Chris’s own call. Worth a glance.",NR,
Wanderlust: Bizzarro Cut,,Unsorted,,,Household,Dropped,Unsorted,,,,,,,,,,"Dropped 2026-10-04: bonus material or a shorts collection from the Amazon purchase list, not a film. No TMDB movie match exists. Row kept.",,
Eagle Vs. Shark,2007,Rom-com,3.9,,Household,Rated,Modern Rom-com,,2026-10-04,,,,8748,posters/8748.jpg,87,"Love blossoms for Lily over double Meaty Boy burgers at mid-day when uber-computer nerd Jarrod comes in and leaves with free extra large fries.  After gatecrashing Jarrod's party and proving her skills on the game console, Lily goes down to Jarrod's home town with him so he can settle an old score with a past school bully.","From the Amazon Prime purchase list, read from Chris’s own account 2026-10-04. He said he has seen every one of them, so Status is seen rather than owned. No rating given; blank beats invented. Needs genre, lane and a number. Rated by Chris in the Google Sheet and pulled into the vault 2026-10-04: Chris 3.9. Pixie left blank; he rated these alone. Genre and Lane filled by SAGE 2026-10-04 by rule of thumb (rom-com era), not Chris’s own call. Worth a glance.",R,
DCU: Justice League: Doom,,Unsorted,3.5,,Household,Rated,Unsorted,,,,,,,,,,"From the Amazon Prime purchase list, read from Chris’s own account 2026-10-04. He said he has seen every one of them, so Status is seen rather than owned. No rating given; blank beats invented. Needs genre, lane and a number. Rated by Chris in the Google Sheet and pulled into the vault 2026-10-04: Chris 3.5. Pixie left blank; he rated these alone.",,
Batman: Assault on Arkham,2014,Animated / family,3.8,,Household,Rated,Animated Family,Rent: Google Play Movies,2026-10-04,,,,242643,posters/242643.jpg,76,Batman works desperately to find a bomb planted by the Joker while Amanda Waller sends her newly-formed Suicide Squad to break into Arkham Asylum and recover vital information stolen by the Riddler.,"From the Amazon Prime purchase list, read from Chris’s own account 2026-10-04. He said he has seen every one of them, so Status is seen rather than owned. No rating given; blank beats invented. Needs genre, lane and a number. Rated by Chris in the Google Sheet and pulled into the vault 2026-10-04: Chris 3.8. Pixie left blank; he rated these alone. Genre and Lane filled by SAGE 2026-10-04 from a strong pattern (animation).",PG-13,
Batman: The Killing Joke,2016,Animated / family,3.9,,Household,Rated,Animated Family,HBO Max,2026-10-04,,,,382322,posters/382322.jpg,77,"As Batman hunts for the escaped Joker, the Clown Prince of Crime attacks the Gordon family to prove a diabolical point mirroring his own fall into madness.","From the Amazon Prime purchase list, read from Chris’s own account 2026-10-04. He said he has seen every one of them, so Status is seen rather than owned. No rating given; blank beats invented. Needs genre, lane and a number. Rated by Chris in the Google Sheet and pulled into the vault 2026-10-04: Chris 3.9. Pixie left blank; he rated these alone. Genre and Lane filled by SAGE 2026-10-04 from a strong pattern (animation).",R,
Murder on The Orient Express,2017,Drama,3.9,,Household,Rated,Whodunnit,Disney Plus,2026-10-04,,,,392044,posters/392044.jpg,114,Genius Belgian detective Hercule Poirot investigates the murder of an American tycoon aboard the Orient Express train.,"From the Amazon Prime purchase list, read from Chris’s own account 2026-10-04. He said he has seen every one of them, so Status is seen rather than owned. No rating given; blank beats invented. Needs genre, lane and a number. Rated by Chris in the Google Sheet and pulled into the vault 2026-10-04: Chris 3.9. Pixie left blank; he rated these alone. Genre and Lane filled by SAGE 2026-10-04 from a strong pattern (mystery).",PG-13,
The Man Who Knew Too Little,1997,Action-comedy,4.3,,Household,Rated,Classic Comedy,,2026-10-04,,,,9414,posters/9414.jpg,94,"An American gets a ticket for an audience participation game in London, then gets involved in a case of mistaken identity. As an international plot unravels around him, he thinks it's all part of the act.","From the Amazon Prime purchase list, read from Chris’s own account 2026-10-04. He said he has seen every one of them, so Status is seen rather than owned. No rating given; blank beats invented. Needs genre, lane and a number. Rated by Chris in the Google Sheet and pulled into the vault 2026-10-04: Chris 4.3. Pixie left blank; he rated these alone. Genre and Lane filled by SAGE 2026-10-04 by rule of thumb (pre-2000 comedy), not Chris’s own call. Worth a glance.",PG,
Bloodshot,2020,Sci-fi,3.6,,Household,Rated,Superhero,Sony One Amazon Channel,2026-10-04,,,,338762,posters/338762.jpg,110,"After he and his wife are murdered, marine Ray Garrison is resurrected by a team of scientists. Enhanced with nanotechnology, he becomes a superhuman, biotech killing machine—'Bloodshot'. As Ray first trains with fellow super-soldiers, he cannot recall anything from his former life. But when his memories flood back and he remembers the man that killed both him and his wife, he breaks out of the facility to get revenge, only to discover that there's more to the conspiracy than he thought.","From the Amazon Prime purchase list, read from Chris’s own account 2026-10-04. He said he has seen every one of them, so Status is seen rather than owned. No rating given; blank beats invented. Needs genre, lane and a number. Rated by Chris in the Google Sheet and pulled into the vault 2026-10-04: Chris 3.6. Pixie left blank; he rated these alone. Genre and Lane filled by SAGE 2026-10-04 from a strong pattern (comics).",PG-13,
Superman vs. the Elite,2012,Animated / family,3.3,,Household,Rated,Animated Family,"Buy: Apple TV Store, Google Play Movies",2026-10-04,,,,103269,posters/103269.jpg,76,The Man of Steel finds himself outshone by a new team of ruthless superheroes who hold his idealism in contempt.,"From the Amazon Prime purchase list, read from Chris’s own account 2026-10-04. He said he has seen every one of them, so Status is seen rather than owned. No rating given; blank beats invented. Needs genre, lane and a number. Rated by Chris in the Google Sheet and pulled into the vault 2026-10-04: Chris 3.3. Pixie left blank; he rated these alone. Genre and Lane filled by SAGE 2026-10-04 from a strong pattern (animation).",PG-13,
Birds of Prey (And the Fantabulous Emancipation of One Harley Quinn),2020,Action,3,,Household,Rated,Superhero,HBO Max,2026-10-04,,,,495764,posters/495764.jpg,109,"Harley Quinn joins forces with a singer, an assassin and a police detective to help a young girl who had a hit placed on her after she stole a rare diamond from a crime lord.","From the Amazon Prime purchase list, read from Chris’s own account 2026-10-04. He said he has seen every one of them, so Status is seen rather than owned. No rating given; blank beats invented. Needs genre, lane and a number. Rated by Chris in the Google Sheet and pulled into the vault 2026-10-04: Chris 3. Pixie left blank; he rated these alone. Genre and Lane filled by SAGE 2026-10-04 from a strong pattern (comics).",R,
Spies in Disguise,2019,Animated / family,3.9,,Household,Rated,Animated Family,Disney Plus,2026-10-04,,,,431693,posters/431693.jpg,102,"Super spy Lance Sterling and scientist Walter Beckett are almost exact opposites. Lance is smooth, suave and debonair. Walter is… not. But what Walter lacks in social skills he makes up for in smarts and invention, creating the awesome gadgets Lance uses on his epic missions. But when events take an unexpected turn, Walter and Lance suddenly have to rely on each other in a whole new way.","From the Amazon Prime purchase list, read from Chris’s own account 2026-10-04. He said he has seen every one of them, so Status is seen rather than owned. No rating given; blank beats invented. Needs genre, lane and a number. Rated by Chris in the Google Sheet and pulled into the vault 2026-10-04: Chris 3.9. Pixie left blank; he rated these alone. Genre and Lane filled by SAGE 2026-10-04 from a strong pattern (animation).",PG,
Jumanji: The Next Level,2019,Action-comedy,4,,Household,Rated,Frat Pack,Netflix,2026-10-04,,,,512200,posters/512200.jpg,123,"As the gang return to Jumanji to rescue one of their own, they discover that nothing is as they expect. The players will have to brave parts unknown and unexplored in order to escape the world’s most dangerous game.","From the Amazon Prime purchase list, read from Chris’s own account 2026-10-04. He said he has seen every one of them, so Status is seen rather than owned. No rating given; blank beats invented. Needs genre, lane and a number. Rated by Chris in the Google Sheet and pulled into the vault 2026-10-04: Chris 4. Pixie left blank; he rated these alone. Genre and Lane filled by SAGE 2026-10-04 from a TMDB fact (same collection as a film you lane-ed).",PG-13,
Frozen 2,2019,Unsorted,,,Household,Dropped,Unsorted,Disney Plus,2026-10-04,,,,330457,posters/330457.jpg,103,"Elsa, Anna, Kristoff and Olaf head far into the forest to learn the truth about an ancient mystery of their kingdom.","Dropped 2026-10-04: same film as ""Frozen II"" (TMDB 330457), which carries the rating. This row came in from the Amazon purchase list as a differently titled edition. Nothing lost, the row stays.",,carry
Cloudy with a Chance of Meatballs 2,2013,Animated / family,3.6,,Household,Rated,Animated Family,"Amazon Prime Video, HBO Max, Sony One Amazon Channel",2026-10-04,,,,109451,posters/109451.jpg,95,"After the disastrous food storm in the first film, Flint and his friends are forced to leave the town. Flint accepts the invitation from his idol Chester V to join The Live Corp Company, which has been tasked to clean the island, and where the best inventors in the world create technologies for the betterment of mankind. When Flint discovers that his machine still operates and now creates mutant food beasts like living pickles, hungry tacodiles, shrimpanzees and apple pie-thons, he and his friends must return to save the world.","From the Amazon Prime purchase list, read from Chris’s own account 2026-10-04. He said he has seen every one of them, so Status is seen rather than owned. No rating given; blank beats invented. Needs genre, lane and a number. Rated by Chris in the Google Sheet and pulled into the vault 2026-10-04: Chris 3.6. Pixie left blank; he rated these alone. Genre and Lane filled by SAGE 2026-10-04 from a strong pattern (animation).",PG,
Lord of the Rings: The Fellowship of the Ring - Extended Edition,2001,Unsorted,,,Household,Dropped,Unsorted,"Netflix, Disney Plus, HBO Max",2026-10-04,,,,120,posters/120.jpg,179,"Young hobbit Frodo Baggins, after inheriting a mysterious ring from his uncle Bilbo, must leave his home in order to keep it from falling into the hands of its evil creator. Along the way, a fellowship is formed to protect the ringbearer and make sure that the ring arrives at its final destination: Mt. Doom, the only place where it can be destroyed.","Dropped 2026-10-04: same film as ""The Lord of the Rings: The Fellowship of the Ring"" (TMDB 120), which carries the rating. This row came in from the Amazon purchase list as a differently titled edition. Nothing lost, the row stays.",,carry
And Two If By Sea,2019,Drama,3,,Household,Rated,Documentary,,2026-10-04,,,,663249,posters/663249.jpg,102,The story of iconic professional surfers and identical twins CJ & Damien Hobgood. Their sibling rivalry and struggle to each establish their own identity fueled their careers but ripped their personal and peripheral relationships apart.,"From the Amazon Prime purchase list, read from Chris’s own account 2026-10-04. He said he has seen every one of them, so Status is seen rather than owned. No rating given; blank beats invented. Needs genre, lane and a number. TMDB matched this to ""And Two If By Sea: The Hobgood Brothers"" (2019) on a weak match. Confirm it is the right film. Rated by Chris in the Google Sheet and pulled into the vault 2026-10-04: Chris 3. Pixie left blank; he rated these alone. Genre and Lane filled by SAGE 2026-10-04 from a TMDB fact (documentary).",PG,carry
Jexi,2019,Comedy,3.6,,Household,Rated,Modern Comedy,"Rent: Apple TV Store, Google Play Movies",2026-10-04,,,,620725,posters/620725.jpg,84,"Phil's new phone comes with an unexpected feature, Jexi...an A.I. determined to keep him all to herself in a comedy about what can happen when you love your phone more than all else.","From the Amazon Prime purchase list, read from Chris’s own account 2026-10-04. He said he has seen every one of them, so Status is seen rather than owned. No rating given; blank beats invented. Needs genre, lane and a number. Rated by Chris in the Google Sheet and pulled into the vault 2026-10-04: Chris 3.6. Pixie left blank; he rated these alone. Genre and Lane filled by SAGE 2026-10-04 by rule of thumb (post-2000 comedy), not Chris’s own call. Worth a glance.",R,
Abominable,2019,Animated / family,3,,Household,Rated,Animated Family,"Amazon Prime Video, HBO Max",2026-10-04,,,,431580,posters/431580.jpg,97,"A group of misfits encounter a young Yeti named Everest, and they set off to reunite the magical creature with his family on the mountain of his namesake.","From the Amazon Prime purchase list, read from Chris’s own account 2026-10-04. He said he has seen every one of them, so Status is seen rather than owned. No rating given; blank beats invented. Needs genre, lane and a number. Rated by Chris in the Google Sheet and pulled into the vault 2026-10-04: Chris 3. Pixie left blank; he rated these alone. Genre and Lane filled by SAGE 2026-10-04 from a strong pattern (animation).",PG,
The Grinch,2018,Animated / family,3.5,,Household,Rated,Christmas,"HBO Max, Universal+ Amazon Channel",2026-10-04,,,,360920,posters/360920.jpg,85,The Grinch hatches a scheme to ruin Christmas when the residents of Whoville plan their annual holiday celebration. But a certain little who might change things.,"From the Amazon Prime purchase list, read from Chris’s own account 2026-10-04. He said he has seen every one of them, so Status is seen rather than owned. No rating given; blank beats invented. Needs genre, lane and a number. Rated by Chris in the Google Sheet and pulled into the vault 2026-10-04: Chris 3.5. Pixie left blank; he rated these alone. Genre and Lane filled by SAGE 2026-10-04 from a strong pattern (christmas).",PG,
The Peanut Butter Falcon,2019,Action-comedy,3.9,,Household,Rated,Modern Comedy,,2026-10-04,,,,463257,posters/463257.jpg,97,A down-on-his-luck crab fisherman embarks on a journey to get a young man with Down syndrome to a professional wrestling school in rural North Carolina and away from the retirement home where he’s lived for the past two and a half years.,"From the Amazon Prime purchase list, read from Chris’s own account 2026-10-04. He said he has seen every one of them, so Status is seen rather than owned. No rating given; blank beats invented. Needs genre, lane and a number. Rated by Chris in the Google Sheet and pulled into the vault 2026-10-04: Chris 3.9. Pixie left blank; he rated these alone. Genre and Lane filled by SAGE 2026-10-04 by rule of thumb (post-2000 comedy), not Chris’s own call. Worth a glance.",PG-13,
Justice League vs. The Fatal Five,2019,Animated / family,3.9,,Household,Rated,Animated Family,Rent: Google Play Movies,2026-10-04,,,,537059,posters/537059.jpg,77,"The Justice League faces a powerful new threat — the Fatal Five! Superman, Batman and Wonder Woman seek answers as the time-traveling trio of Mano, Persuader and Tharok terrorize Metropolis in search of budding Green Lantern, Jessica Cruz. With her unwilling help, they aim to free remaining Fatal Five members Emerald Empress and Validus to carry out their sinister plan. But the Justice League has also discovered an ally from another time in the peculiar Star Boy — brimming with volatile power, could he be the key to thwarting the Fatal Five? An epic battle against ultimate evil awaits!","From the Amazon Prime purchase list, read from Chris’s own account 2026-10-04. He said he has seen every one of them, so Status is seen rather than owned. No rating given; blank beats invented. Needs genre, lane and a number. Rated by Chris in the Google Sheet and pulled into the vault 2026-10-04: Chris 3.9. Pixie left blank; he rated these alone. Genre and Lane filled by SAGE 2026-10-04 from a strong pattern (animation).",PG-13,
Wonder Woman: Bloodlines,2019,Animated / family,3.9,,Household,Rated,Animated Family,Rent: Google Play Movies,2026-10-04,,,,537055,posters/537055.jpg,83,"Witness the legendary origin of renowned Justice League member Wonder Woman as she fights for good with her sword and magic lasso. Equally strong in body, heart and will, she makes it her mission to help a troubled young girl enlisted by a deadly organization known as Villainy, Inc., whose criminal members have their sights set on invading Themyscira, Wonder Woman’s paradise home. The battle will be epic, because if there's one thing an Amazon knows, it’s war!","From the Amazon Prime purchase list, read from Chris’s own account 2026-10-04. He said he has seen every one of them, so Status is seen rather than owned. No rating given; blank beats invented. Needs genre, lane and a number. Rated by Chris in the Google Sheet and pulled into the vault 2026-10-04: Chris 3.9. Pixie left blank; he rated these alone. Genre and Lane filled by SAGE 2026-10-04 from a strong pattern (animation).",PG-13,
Turbo,2013,Animated / family,3.9,,Household,Rated,Animated Family,"Netflix, Amazon Prime Video",2026-10-04,,,,77950,posters/77950.jpg,96,The tale of an ordinary garden snail who dreams of winning the Indy 500.,"From the Amazon Prime purchase list, read from Chris’s own account 2026-10-04. He said he has seen every one of them, so Status is seen rather than owned. No rating given; blank beats invented. Needs genre, lane and a number. Rated by Chris in the Google Sheet and pulled into the vault 2026-10-04: Chris 3.9. Pixie left blank; he rated these alone. Genre and Lane filled by SAGE 2026-10-04 from a strong pattern (animation).",PG,
Upgrade,2018,Sci-fi,3.7,,Household,Rated,Sci-fi Canon,HBO Max,2026-10-04,,,,500664,posters/500664.jpg,100,"A brutal mugging leaves Grey Trace paralyzed in the hospital and his beloved wife dead. A billionaire inventor soon offers Trace a cure — an artificial intelligence implant called STEM that will enhance his body. Now able to walk, Grey finds that he also has superhuman strength and agility — skills he uses to seek revenge against the thugs who destroyed his life.","From the Amazon Prime purchase list, read from Chris’s own account 2026-10-04. He said he has seen every one of them, so Status is seen rather than owned. No rating given; blank beats invented. Needs genre, lane and a number. Rated by Chris in the Google Sheet and pulled into the vault 2026-10-04: Chris 3.7. Pixie left blank; he rated these alone. Genre and Lane filled by SAGE 2026-10-04 by rule of thumb (sci-fi), not Chris’s own call. Worth a glance.",R,
The Secret Life of Pets 2,2019,Animated / family,3.9,,Household,Rated,Animated Family,"Amazon Prime Video, Disney Plus, Universal+ Amazon Channel",2026-10-04,,,,412117,posters/412117.jpg,86,"Max the terrier must cope with some major life changes when his owner gets married and has a baby. When the family takes a trip to the countryside, nervous Max has numerous run-ins with canine-intolerant cows, hostile foxes and a scary turkey. Luckily for Max, he soon catches a break when he meets Rooster, a gruff farm dog who tries to cure the lovable pooch of his neuroses.","From the Amazon Prime purchase list, read from Chris’s own account 2026-10-04. He said he has seen every one of them, so Status is seen rather than owned. No rating given; blank beats invented. Needs genre, lane and a number. Rated by Chris in the Google Sheet and pulled into the vault 2026-10-04: Chris 3.9. Pixie left blank; he rated these alone. Genre and Lane filled by SAGE 2026-10-04 from a strong pattern (animation).",PG,
Changeland,2019,Comedy,3,,Household,Rated,Modern Comedy,,2026-10-04,,,,575381,posters/575381.jpg,86,"Follow two estranged best friends on an epic, life-changing adventure in Thailand, as they're reminded that there's no problem that friendship and a few rounds in a Muay Thai boxing ring can't fix.","From the Amazon Prime purchase list, read from Chris’s own account 2026-10-04. He said he has seen every one of them, so Status is seen rather than owned. No rating given; blank beats invented. Needs genre, lane and a number. Rated by Chris in the Google Sheet and pulled into the vault 2026-10-04: Chris 3. Pixie left blank; he rated these alone. Genre and Lane filled by SAGE 2026-10-04 by rule of thumb (post-2000 comedy), not Chris’s own call. Worth a glance.",R,
Dumbo,1941,Animated / family,3.6,,Household,Rated,Animated Family,Disney Plus,2026-10-04,,,,11360,posters/11360.jpg,64,"Dumbo is a baby elephant born with over-sized ears and a supreme lack of confidence. But thanks to his even more diminutive buddy Timothy the Mouse,  the pint-sized pachyderm learns to surmount all obstacles.","From the Amazon Prime purchase list, read from Chris’s own account 2026-10-04. He said he has seen every one of them, so Status is seen rather than owned. No rating given; blank beats invented. Needs genre, lane and a number. Rated by Chris in the Google Sheet and pulled into the vault 2026-10-04: Chris 3.6. Pixie left blank; he rated these alone. Genre and Lane filled by SAGE 2026-10-04 from a strong pattern (animation).",G,
Isn't It Romantic,2019,Rom-com,3,,Household,Rated,Modern Rom-com,Netflix,2026-10-04,,,,449563,posters/449563.jpg,88,"For a long time, Natalie, an Australian architect living in New York City, had always believed that what she had seen in rom-coms is all fantasy. But after thwarting a mugger at a subway station only to be knocked out while fleeing, Natalie wakes up and discovers that her life has suddenly become her worst nightmare—a romantic comedy—and she is the leading lady.","From the Amazon Prime purchase list, read from Chris’s own account 2026-10-04. He said he has seen every one of them, so Status is seen rather than owned. No rating given; blank beats invented. Needs genre, lane and a number. Rated by Chris in the Google Sheet and pulled into the vault 2026-10-04: Chris 3. Pixie left blank; he rated these alone. Genre and Lane filled by SAGE 2026-10-04 by rule of thumb (rom-com era), not Chris’s own call. Worth a glance.",PG-13,
Captain Marvel,2019,Sci-fi,3.5,,Household,Rated,Marvel,Disney Plus,2026-10-04,,,,299537,posters/299537.jpg,124,"The story follows Carol Danvers as she becomes one of the universe’s most powerful heroes when Earth is caught in the middle of a galactic war between two alien races. Set in the 1990s, Captain Marvel is an all-new adventure from a previously unseen period in the history of the Marvel Cinematic Universe.","From the Amazon Prime purchase list, read from Chris’s own account 2026-10-04. He said he has seen every one of them, so Status is seen rather than owned. No rating given; blank beats invented. Needs genre, lane and a number. Rated by Chris in the Google Sheet and pulled into the vault 2026-10-04: Chris 3.5. Pixie left blank; he rated these alone. Genre and Lane filled by SAGE 2026-10-04 from a TMDB fact (Marvel Studios).",PG-13,
How to Train Your Dragon: The Hidden World,2019,Animated / family,3.6,,Household,Rated,Animated Family,"Amazon Prime Video, HBO Max",2026-10-04,,,,166428,posters/166428.jpg,104,"As Hiccup fulfills his dream of creating a peaceful dragon utopia, Toothless’ discovery of an untamed, elusive mate draws the Night Fury away. When danger mounts at home and Hiccup’s reign as village chief is tested, both dragon and rider must make impossible decisions to save their kind.","From the Amazon Prime purchase list, read from Chris’s own account 2026-10-04. He said he has seen every one of them, so Status is seen rather than owned. No rating given; blank beats invented. Needs genre, lane and a number. Rated by Chris in the Google Sheet and pulled into the vault 2026-10-04: Chris 3.6. Pixie left blank; he rated these alone. Genre and Lane filled by SAGE 2026-10-04 from a TMDB fact (same collection as a film you lane-ed).",PG,
Psychonautics: A Comic's Exploration Of Psychedelics,2018,Drama,4,4,Household,Rated,Documentary,,2026-10-04,,,,532912,posters/532912.jpg,81,"Comedian Shane Mauss goes on a series of adventures to deepen his understanding of psychedelics. He describes the indescribable and takes us through some of his most intense experiences, while getting the added perspectives of some of the top scientists and experts in this realm. With moments of both confusion and clarity, this is as an honest account of the experiences of a genuine Psychonaut.","From the Amazon Prime purchase list, read from Chris’s own account 2026-10-04. He said he has seen every one of them, so Status is seen rather than owned. No rating given; blank beats invented. Needs genre, lane and a number. Updated 2026-10-04 through the app’s live save to the sheet, then pulled into the vault. Genre and Lane filled by SAGE 2026-10-04 from a TMDB fact (documentary).",NR,
Bryan Callen: Complicated Apes,2019,Comedy,3.9,,Household,Rated,Modern Comedy,,2026-10-04,,,,587788,posters/587788.jpg,58,"Bryan Callen records his third special in Chicago’s historic Thalia Hall and reconsiders our debate on all things equality. He rails against our tendencies to turn each other into nouns like black, white, immigrant, Muslim, gay, straight, man, woman, and instead suggests that the best way to navigate our current culture war is to think of our fellow humans not as a fixed label, but as verbs.","From the Amazon Prime purchase list, read from Chris’s own account 2026-10-04. He said he has seen every one of them, so Status is seen rather than owned. No rating given; blank beats invented. Needs genre, lane and a number. Rated by Chris in the Google Sheet and pulled into the vault 2026-10-04: Chris 3.9. Pixie left blank; he rated these alone. Genre and Lane filled by SAGE 2026-10-04 by rule of thumb (post-2000 comedy), not Chris’s own call. Worth a glance.",,
Mary Poppins Returns,2018,Comedy,3.9,,Household,Rated,Family Adventure,Disney Plus,2026-10-04,,,,400650,posters/400650.jpg,131,"Mary Poppins returns to the Banks family and helps them evade grave dangers by taking them on magical, musical adventures.","From the Amazon Prime purchase list, read from Chris’s own account 2026-10-04. He said he has seen every one of them, so Status is seen rather than owned. No rating given; blank beats invented. Needs genre, lane and a number. Rated by Chris in the Google Sheet and pulled into the vault 2026-10-04: Chris 3.9. Pixie left blank; he rated these alone. Genre and Lane filled by SAGE 2026-10-04 by rule of thumb (family adventure), not Chris’s own call. Worth a glance.",PG,
Green Book,2018,Comedy,4.2,,Household,Rated,Modern Comedy,Amazon Prime Video,2026-10-04,,,,490132,posters/490132.jpg,130,"Tony Lip, a bouncer in 1962, is hired to drive pianist Don Shirley on a tour through the Deep South in the days when African Americans, forced to find alternate accommodations and services due to segregation laws below the Mason-Dixon Line, relied on a guide called The Negro Motorist Green Book.","From the Amazon Prime purchase list, read from Chris’s own account 2026-10-04. He said he has seen every one of them, so Status is seen rather than owned. No rating given; blank beats invented. Needs genre, lane and a number. Rated by Chris in the Google Sheet and pulled into the vault 2026-10-04: Chris 4.2. Pixie left blank; he rated these alone. Genre and Lane filled by SAGE 2026-10-04 by rule of thumb (post-2000 comedy), not Chris’s own call. Worth a glance.",PG-13,
Split,2017,Drama,3,,Household,Rated,Horror,"Amazon Prime Video, HBO Max",2026-10-04,,,,381288,posters/381288.jpg,117,"Though Kevin has evidenced 23 personalities to his trusted psychiatrist, Dr. Fletcher, there remains one still submerged who is set to materialize and dominate all the others. Compelled to abduct three teenage girls led by the willful, observant Casey, Kevin reaches a war for survival among all of those contained within him — as well as everyone around him — as the walls between his compartments shatter apart.","From the Amazon Prime purchase list, read from Chris’s own account 2026-10-04. He said he has seen every one of them, so Status is seen rather than owned. No rating given; blank beats invented. Needs genre, lane and a number. Rated by Chris in the Google Sheet and pulled into the vault 2026-10-04: Chris 3. Pixie left blank; he rated these alone. Genre and Lane filled by SAGE 2026-10-04 by rule of thumb (horror), not Chris’s own call. Worth a glance.",PG-13,
Ralph Breaks the Internet,2018,Animated / family,3.9,,Household,Rated,Animated Family,Disney Plus,2026-10-04,,,,404368,posters/404368.jpg,112,"Video game bad guy Ralph and fellow misfit Vanellope von Schweetz must risk it all by traveling to the World Wide Web in search of a replacement part to save Vanellope's video game, Sugar Rush. In way over their heads, Ralph and Vanellope rely on the citizens of the internet — the netizens — to help navigate their way, including an entrepreneur named Yesss, who is the head algorithm and the heart and soul of trend-making site BuzzzTube.","From the Amazon Prime purchase list, read from Chris’s own account 2026-10-04. He said he has seen every one of them, so Status is seen rather than owned. No rating given; blank beats invented. Needs genre, lane and a number. Rated by Chris in the Google Sheet and pulled into the vault 2026-10-04: Chris 3.9. Pixie left blank; he rated these alone. Genre and Lane filled by SAGE 2026-10-04 from a TMDB fact (same collection as a film you lane-ed).",PG,
How to Train Your Dragon 2,2014,Animated / family,3.6,,Household,Rated,Animated Family,"Amazon Prime Video, HBO Max, Universal+ Amazon Channel",2026-10-04,,,,82702,posters/82702.jpg,102,"Five years after uniting the dragons and Vikings of Berk, Hiccup and Toothless soar beyond their homeland, charting the vast unknown. During one of their adventures, the pair discover a secret cave that houses hundreds of wild dragons—and a mysterious dragon rider with a startling connection to Hiccup. And as the ruthless conqueror Drago Bludvist rises to seize control of both dragons and people alike, Hiccup must step into his role as a true leader and, alongside his friends and Toothless, protect Berk from a devastating war.","From the Amazon Prime purchase list, read from Chris’s own account 2026-10-04. He said he has seen every one of them, so Status is seen rather than owned. No rating given; blank beats invented. Needs genre, lane and a number. Rated by Chris in the Google Sheet and pulled into the vault 2026-10-04: Chris 3.6. Pixie left blank; he rated these alone. Genre and Lane filled by SAGE 2026-10-04 from a TMDB fact (same collection as a film you lane-ed).",PG,
Smallfoot,2018,Animated / family,3.6,,Household,Rated,Animated Family,HBO Max,2026-10-04,,,,446894,posters/446894.jpg,96,A bright young yeti finds something he thought didn't exist—a human. News of this “smallfoot” throws the simple yeti community into an uproar over what else might be out there in the big world beyond their snowy village.,"From the Amazon Prime purchase list, read from Chris’s own account 2026-10-04. He said he has seen every one of them, so Status is seen rather than owned. No rating given; blank beats invented. Needs genre, lane and a number. Rated by Chris in the Google Sheet and pulled into the vault 2026-10-04: Chris 3.6. Pixie left blank; he rated these alone. Genre and Lane filled by SAGE 2026-10-04 from a strong pattern (animation).",PG,
Star Wars: The Empire Strikes Back Bonus Material,,Unsorted,,,Household,Dropped,Unsorted,,,,,,,,,,"Dropped 2026-10-04: bonus material or a shorts collection from the Amazon purchase list, not a film. No TMDB movie match exists. Row kept.",,
The Spy Who Dumped Me,2018,Action-comedy,3.6,,Household,Rated,Modern Comedy,Universal+ Amazon Channel,2026-10-04,,,,454992,posters/454992.jpg,117,A couple of thirtysomething best friends unwittingly become entangled in an international conspiracy when one’s ex-boyfriend shows up at their apartment with a team of deadly assassins on his trail.,"From the Amazon Prime purchase list, read from Chris’s own account 2026-10-04. He said he has seen every one of them, so Status is seen rather than owned. No rating given; blank beats invented. Needs genre, lane and a number. Rated by Chris in the Google Sheet and pulled into the vault 2026-10-04: Chris 3.6. Pixie left blank; he rated these alone. Genre and Lane filled by SAGE 2026-10-04 by rule of thumb (post-2000 comedy), not Chris’s own call. Worth a glance.",R,
Ant-Man and the Wasp,2018,Sci-fi,4.1,,Household,Rated,Marvel,Disney Plus,2026-10-04,,,,363088,posters/363088.jpg,119,"Just when his time under house arrest is about to end, Scott Lang once again puts his freedom at risk to help Hope van Dyne and Dr. Hank Pym dive into the quantum realm and try to accomplish, against time and any chance of success, a very dangerous rescue mission.","From the Amazon Prime purchase list, read from Chris’s own account 2026-10-04. He said he has seen every one of them, so Status is seen rather than owned. No rating given; blank beats invented. Needs genre, lane and a number. Rated by Chris in the Google Sheet and pulled into the vault 2026-10-04: Chris 4.1. Pixie left blank; he rated these alone. Genre and Lane filled by SAGE 2026-10-04 from a TMDB fact (same collection as a film you lane-ed).",PG-13,
Hotel Transylvania 3,2018,Animated / family,3.9,,Household,Rated,Animated Family,"Rent: Apple TV Store, Google Play Movies",2026-10-04,,,,400155,posters/400155.jpg,97,"Dracula, Mavis, Johnny and the rest of the Drac Pack take a vacation on a luxury Monster Cruise Ship, where Dracula falls in love with the ship’s captain, Ericka, who’s secretly a descendant of Abraham Van Helsing, the notorious monster slayer.","From the Amazon Prime purchase list, read from Chris’s own account 2026-10-04. He said he has seen every one of them, so Status is seen rather than owned. No rating given; blank beats invented. Needs genre, lane and a number. TMDB matched this to ""Hotel Transylvania 3: Summer Vacation"" (2018) on a weak match. Confirm it is the right film. Rated by Chris in the Google Sheet and pulled into the vault 2026-10-04: Chris 3.9. Pixie left blank; he rated these alone. Genre and Lane filled by SAGE 2026-10-04 from a TMDB fact (same collection as a film you lane-ed).",PG,carry
All-Star Superman,2011,Animated / family,3.8,,Household,Rated,Animated Family,Rent: Google Play Movies,2026-10-04,,,,56590,posters/56590.jpg,76,"Lex Luthor enacts his plan to rid the world of Superman, once and for all. Succeeding with solar radiation poisoning, the Man of Steel is slowly dying. With what little times remains, the Last Son of Krypton must confront the revealing of his secret identity to Lois Lane and face Luthor in a final battle.","From the Amazon Prime purchase list, read from Chris’s own account 2026-10-04. He said he has seen every one of them, so Status is seen rather than owned. No rating given; blank beats invented. Needs genre, lane and a number. Rated by Chris in the Google Sheet and pulled into the vault 2026-10-04: Chris 3.8. Pixie left blank; he rated these alone. Genre and Lane filled by SAGE 2026-10-04 from a strong pattern (animation).",PG,
Superman/Shazam! The Return of Black Adam,2010,Animated / family,3.8,,Household,Rated,Animated Family,"Rent: Apple TV Store, Google Play Movies",2026-10-04,,,,43641,posters/43641.jpg,25,"Chosen the world’s protector against the Seven Deadly Enemies of Man – pride, envy, greed, hatred, selfishness, laziness and injustice – young Billy Batson accepts his destiny as Captain Marvel. Battling alongside Superman against nefarious Black Adam, Billy soon discovers the challenge super heroes ultimately face: is it revenge or justice?","From the Amazon Prime purchase list, read from Chris’s own account 2026-10-04. He said he has seen every one of them, so Status is seen rather than owned. No rating given; blank beats invented. Needs genre, lane and a number. Rated by Chris in the Google Sheet and pulled into the vault 2026-10-04: Chris 3.8. Pixie left blank; he rated these alone. Genre and Lane filled by SAGE 2026-10-04 from a strong pattern (animation).",PG,
Jurassic World: Fallen Kingdom,2018,Sci-fi,3.9,,Household,Rated,Sci-fi Canon,"Netflix, Amazon Prime Video, HBO Max",2026-10-04,,,,351286,posters/351286.jpg,129,"Three years after Jurassic World was destroyed, Isla Nublar now sits abandoned. When the island's dormant volcano begins roaring to life, Owen and Claire mount a campaign to rescue the remaining dinosaurs from this extinction-level event.","From the Amazon Prime purchase list, read from Chris’s own account 2026-10-04. He said he has seen every one of them, so Status is seen rather than owned. No rating given; blank beats invented. Needs genre, lane and a number. Rated by Chris in the Google Sheet and pulled into the vault 2026-10-04: Chris 3.9. Pixie left blank; he rated these alone. Genre and Lane filled by SAGE 2026-10-04 from a TMDB fact (same collection as a film you lane-ed).",PG-13,
Won't You Be My Neighbor?,2018,Drama,4.3,,Household,Rated,Documentary,"Rent: Apple TV Store, Google Play Movies",2026-10-04,,,,490003,posters/490003.jpg,95,"For more than thirty years, and through his television program, Fred Rogers (1928-2003), host, producer, writer and pianist, accompanied by his puppets and his many friends, spoke directly to young children about some of life's most important issues.","From the Amazon Prime purchase list, read from Chris’s own account 2026-10-04. He said he has seen every one of them, so Status is seen rather than owned. No rating given; blank beats invented. Needs genre, lane and a number. Rated by Chris in the Google Sheet and pulled into the vault 2026-10-04: Chris 4.3. Pixie left blank; he rated these alone. Genre and Lane filled by SAGE 2026-10-04 from a TMDB fact (documentary).",PG-13,
Hotel Transylvania 2,2015,Animated / family,4,,Household,Rated,Animated Family,"Amazon Prime Video, HBO Max",2026-10-04,,,,159824,posters/159824.jpg,89,"When the old-old-old-fashioned vampire Vlad arrives at the hotel for an impromptu family get-together, Hotel Transylvania is in for a collision of supernatural old-school and modern day cool.","From the Amazon Prime purchase list, read from Chris’s own account 2026-10-04. He said he has seen every one of them, so Status is seen rather than owned. No rating given; blank beats invented. Needs genre, lane and a number. Rated by Chris in the Google Sheet and pulled into the vault 2026-10-04: Chris 4. Pixie left blank; he rated these alone. Genre and Lane filled by SAGE 2026-10-04 from a TMDB fact (same collection as a film you lane-ed).",PG,
Ready Player One,2018,Sci-fi,4.8,,Household,Rated,Spielberg,"Amazon Prime Video, Apple TV, HBO Max",2026-10-04,,,,333339,posters/333339.jpg,140,"When the creator of a popular video game system dies, a virtual contest is created to compete for his fortune.","From the Amazon Prime purchase list, read from Chris’s own account 2026-10-04. He said he has seen every one of them, so Status is seen rather than owned. No rating given; blank beats invented. Needs genre, lane and a number. Rated by Chris in the Google Sheet and pulled into the vault 2026-10-04: Chris 4.8. Pixie left blank; he rated these alone. Genre and Lane filled by SAGE 2026-10-04 from a strong pattern (director Steven Spielberg).",PG-13,
Oliver & Company,1988,Animated / family,3.9,,Household,Rated,Animated Family,Disney Plus,2026-10-04,,,,12233,posters/12233.jpg,74,"Putting its own 'twist' on the story of Oliver Twist, the orange runt of a litter of kittens must fight for survival on the rough streets on New York City, finding unlikely friends in the dogs owned by a down-on-his luck man named Fagin. Soon, Oliver and his new band of comrades must fight for survival when Fagin is unable to pay his debts.","From the Amazon Prime purchase list, read from Chris’s own account 2026-10-04. He said he has seen every one of them, so Status is seen rather than owned. No rating given; blank beats invented. Needs genre, lane and a number. Rated by Chris in the Google Sheet and pulled into the vault 2026-10-04: Chris 3.9. Pixie left blank; he rated these alone. Genre and Lane filled by SAGE 2026-10-04 from a strong pattern (animation).",G,
Dreamworks Monsters vs. Aliens Stories,,Unsorted,,,Household,Dropped,Unsorted,,,,,,,,,,"Dropped 2026-10-04: bonus material or a shorts collection from the Amazon purchase list, not a film. No TMDB movie match exists. Row kept.",,
Fifty Shades Freed,2018,Romance,4.2,,Household,Rated,Modern Rom-com,HBO Max,2026-10-04,,,,337167,posters/337167.jpg,110,"Believing they have left behind shadowy figures from their past, newlyweds Christian and Ana fully embrace an inextricable connection and shared life of luxury. But just as she steps into her role as Mrs. Grey and he relaxes into an unfamiliar stability, new threats could jeopardize their happy ending before it even begins.","From the Amazon Prime purchase list, read from Chris’s own account 2026-10-04. He said he has seen every one of them, so Status is seen rather than owned. No rating given; blank beats invented. Needs genre, lane and a number. Rated by Chris in the Google Sheet and pulled into the vault 2026-10-04: Chris 4.2. Pixie left blank; he rated these alone. Genre and Lane filled by SAGE 2026-10-04 from a TMDB fact (same collection as a film you lane-ed).",R,
Dr. Seuss' The Lorax,2012,Animated / family,3.8,,Household,Rated,Animated Family,Amazon Prime Video,2026-10-04,,,,73723,posters/73723.jpg,86,"A 12-year-old boy searches for the one thing that will enable him to win the affection of the girl of his dreams. To find it he must discover the story of the Lorax, the grumpy yet charming creature who fights to protect his world.","From the Amazon Prime purchase list, read from Chris’s own account 2026-10-04. He said he has seen every one of them, so Status is seen rather than owned. No rating given; blank beats invented. Needs genre, lane and a number. TMDB matched this to ""The Lorax"" (2012) on a weak match. Confirm it is the right film. Rated by Chris in the Google Sheet and pulled into the vault 2026-10-04: Chris 3.8. Pixie left blank; he rated these alone. Genre and Lane filled by SAGE 2026-10-04 from a strong pattern (animation).",PG,carry
Toy Story That Time Forgot,2014,Animated / family,3.4,,Household,Rated,Christmas,Disney Plus,2026-10-04,,,,256835,posters/256835.jpg,22,"During a post-Christmas play date, the gang find themselves in uncharted territory when the coolest set of action figures ever turn out to be dangerously delusional. It's all up to Trixie, the triceratops, if the gang hopes to return to Bonnie's room in this Toy Story That Time Forgot.","From the Amazon Prime purchase list, read from Chris’s own account 2026-10-04. He said he has seen every one of them, so Status is seen rather than owned. No rating given; blank beats invented. Needs genre, lane and a number. Rated by Chris in the Google Sheet and pulled into the vault 2026-10-04: Chris 3.4. Pixie left blank; he rated these alone. Genre and Lane filled by SAGE 2026-10-04 from a strong pattern (christmas).",G,
Ferdinand,2017,Animated / family,3.6,,Household,Rated,Animated Family,Disney Plus,2026-10-04,,,,364689,posters/364689.jpg,108,"Ferdinand, a little bull, prefers sitting quietly under a cork tree just smelling the flowers versus jumping around, snorting, and butting heads with other bulls. As Ferdinand grows big and strong, his temperament remains mellow. But one day five men come to choose the ""biggest, fastest, roughest bull"" for the bullfights in Madrid— and Ferdinand is mistakenly chosen.","From the Amazon Prime purchase list, read from Chris’s own account 2026-10-04. He said he has seen every one of them, so Status is seen rather than owned. No rating given; blank beats invented. Needs genre, lane and a number. Rated by Chris in the Google Sheet and pulled into the vault 2026-10-04: Chris 3.6. Pixie left blank; he rated these alone. Genre and Lane filled by SAGE 2026-10-04 from a strong pattern (animation).",PG,
Bolt,2008,Animated / family,3.1,,Household,Rated,Animated Family,Disney Plus,2026-10-04,,,,13053,posters/13053.jpg,98,"Bolt is the star of the biggest show in Hollywood. The only problem is, he thinks it's real. After he's accidentally shipped to New York City and separated from Penny, his beloved co-star and owner, Bolt must harness all his ""super powers"" to find a way home.","From the Amazon Prime purchase list, read from Chris’s own account 2026-10-04. He said he has seen every one of them, so Status is seen rather than owned. No rating given; blank beats invented. Needs genre, lane and a number. Rated by Chris in the Google Sheet and pulled into the vault 2026-10-04: Chris 3.1. Pixie left blank; he rated these alone. Genre and Lane filled by SAGE 2026-10-04 from a strong pattern (director Chris Williams).",PG,
Marvel's The Avengers,2026,Sci-fi,3.9,,Household,Rated,Marvel,,2026-10-04,,,,1003596,posters/1003596.jpg,165,Beloved heroes from three distinct universes are set on a deadly collision course and face an existential threat unlike anything they've ever encountered.,"From the Amazon purchase list 2026-10-04. TMDB enrichment matched to Avengers: Doomsday (2026), which is a different film, so the machine fields were cleared rather than left wrong. Needs a manual match. Rated by Chris in the Google Sheet and pulled into the vault 2026-10-04: Chris 3.9. Pixie left blank; he rated these alone. TMDB matched this to ""Avengers: Doomsday"" (2026) on a year-only match. Confirm it is the right film. Genre and Lane filled by SAGE 2026-10-04 from a TMDB fact (same collection as a film you lane-ed).",,carry
Pete's Dragon,2016,Adventure,3.9,,Household,Rated,Family Adventure,Disney Plus,2026-10-04,,,,294272,posters/294272.jpg,103,"For years, old wood carver Mr. Meacham has delighted local children with his tales of the fierce dragon that resides deep in the woods of the Pacific Northwest. To his daughter, Grace, who works as a forest ranger, these stories are little more than tall tales... until she meets Pete, a mysterious 10-year-old with no family and no home who claims to live in the woods with a giant, green dragon named Elliott. And from Pete's descriptions, Elliott seems remarkably similar to the dragon from Mr. Meacham's stories. With the help of Natalie, an 11-year-old girl whose father Jack owns the local lumber mill, Grace sets out to determine where Pete came from, where he belongs, and the truth about this dragon.","From the Amazon Prime purchase list, read from Chris’s own account 2026-10-04. He said he has seen every one of them, so Status is seen rather than owned. No rating given; blank beats invented. Needs genre, lane and a number. Rated by Chris in the Google Sheet and pulled into the vault 2026-10-04: Chris 3.9. Pixie left blank; he rated these alone. Genre and Lane filled by SAGE 2026-10-04 by rule of thumb (family adventure), not Chris’s own call. Worth a glance.",PG,
Ingrid Goes West,2017,Comedy,3.5,,Household,Rated,Modern Comedy,"Rent: Apple TV Store, Google Play Movies",2026-10-04,,,,411741,posters/411741.jpg,98,"Ingrid becomes obsessed with a social network star named Taylor Sloane who seemingly has a perfect life. But when Ingrid decides to drop everything and move west to be Taylor's friend, her behaviour turns unsettling and dangerous.","From the Amazon Prime purchase list, read from Chris’s own account 2026-10-04. He said he has seen every one of them, so Status is seen rather than owned. No rating given; blank beats invented. Needs genre, lane and a number. Rated by Chris in the Google Sheet and pulled into the vault 2026-10-04: Chris 3.5. Pixie left blank; he rated these alone. Genre and Lane filled by SAGE 2026-10-04 by rule of thumb (post-2000 comedy), not Chris’s own call. Worth a glance.",R,
LEAP! FKA BALLERINA,,Unsorted,,,Household,Dropped,Unsorted,,,,,,,,,,"Dropped 2026-10-04 at Chris’s request: ""I have no idea what that is."" Came in from the Amazon purchase list and had no TMDB movie match. Row kept, never deleted, so it can be put back in one tap.",,
Happy Feet,2006,Animated / family,3.8,,Household,Rated,Animated Family,"HBO Max, Universal+ Amazon Channel",2026-10-04,,,,9836,posters/9836.jpg,108,"Into the world of the Emperor Penguins, who find their soul mates through song, a penguin is born who cannot sing. But he can tap dance something fierce!","From the Amazon Prime purchase list, read from Chris’s own account 2026-10-04. He said he has seen every one of them, so Status is seen rather than owned. No rating given; blank beats invented. Needs genre, lane and a number. Rated by Chris in the Google Sheet and pulled into the vault 2026-10-04: Chris 3.8. Pixie left blank; he rated these alone. Genre and Lane filled by SAGE 2026-10-04 from a strong pattern (animation).",PG,
Despicable Me 3,2017,Animated / family,3.9,,Household,Rated,Animated Family,"HBO Max, Universal+ Amazon Channel",2026-10-04,,,,324852,posters/324852.jpg,90,Gru and his wife Lucy must stop former '80s child star Balthazar Bratt from achieving world domination.,"From the Amazon Prime purchase list, read from Chris’s own account 2026-10-04. He said he has seen every one of them, so Status is seen rather than owned. No rating given; blank beats invented. Needs genre, lane and a number. Rated by Chris in the Google Sheet and pulled into the vault 2026-10-04: Chris 3.9. Pixie left blank; he rated these alone. Genre and Lane filled by SAGE 2026-10-04 from a strong pattern (animation).",PG,
The Secret Life of Pets,2016,Animated / family,4.3,,Household,Rated,Animated Family,"Amazon Prime Video, Disney Plus, HBO Max",2026-10-04,,,,328111,posters/328111.jpg,86,"The quiet life of a terrier named Max is upended when his owner takes in Duke, a stray whom Max instantly dislikes.","From the Amazon Prime purchase list, read from Chris’s own account 2026-10-04. He said he has seen every one of them, so Status is seen rather than owned. No rating given; blank beats invented. Needs genre, lane and a number. Rated by Chris in the Google Sheet and pulled into the vault 2026-10-04: Chris 4.3. Pixie left blank; he rated these alone. Genre and Lane filled by SAGE 2026-10-04 from a strong pattern (animation).",PG,
Ice Age,2002,Animated / family,3.9,,Household,Rated,Animated Family,Disney Plus,2026-10-04,,,,425,posters/425.jpg,81,"Manny the mammoth, Sid the loquacious sloth, and Diego the sabre-toothed tiger go on a comical quest to return a human baby back to his father, across a world on the brink of an ice age.","From the Amazon Prime purchase list, read from Chris’s own account 2026-10-04. He said he has seen every one of them, so Status is seen rather than owned. No rating given; blank beats invented. Needs genre, lane and a number. Rated by Chris in the Google Sheet and pulled into the vault 2026-10-04: Chris 3.9. Pixie left blank; he rated these alone. Genre and Lane filled by SAGE 2026-10-04 from a strong pattern (animation).",PG,
The LEGO Batman Movie,2017,Animated / family,3.9,,Household,Rated,Animated Family,HBO Max,2026-10-04,,,,324849,posters/324849.jpg,104,"A cooler-than-ever Batman must face the usual villains as the Joker plots a takeover of Gotham City. But when Bruce Wayne accidentally adopts a teenage orphan who wishes to become his sidekick, he’s forced to give up his lone-vigilante ways and learn to work with others.","From the Amazon Prime purchase list, read from Chris’s own account 2026-10-04. He said he has seen every one of them, so Status is seen rather than owned. No rating given; blank beats invented. Needs genre, lane and a number. Rated by Chris in the Google Sheet and pulled into the vault 2026-10-04: Chris 3.9. Pixie left blank; he rated these alone. Genre and Lane filled by SAGE 2026-10-04 from a strong pattern (animation).",PG,
Fifty Shades Darker,2017,Romance,4.1,,Household,Rated,Modern Rom-com,"Rent: Apple TV Store, Google Play Movies",2026-10-04,,,,341174,posters/341174.jpg,118,"When a wounded Christian Grey tries to entice a cautious Ana Steele back into his life, she demands a new arrangement before she will give him another chance. As the two begin to build trust and find stability, shadowy figures from Christian’s past start to circle the couple, determined to destroy their hopes for a future together.","From the Amazon Prime purchase list, read from Chris’s own account 2026-10-04. He said he has seen every one of them, so Status is seen rather than owned. No rating given; blank beats invented. Needs genre, lane and a number. Rated by Chris in the Google Sheet and pulled into the vault 2026-10-04: Chris 4.1. Pixie left blank; he rated these alone. Genre and Lane filled by SAGE 2026-10-04 from a TMDB fact (same collection as a film you lane-ed).",R,
Hop,2011,Animated / family,3.9,,Household,Rated,Animated Family,Amazon Prime Video,2026-10-04,,,,50359,posters/50359.jpg,95,"E.B., the Easter Bunny's teenage son, heads to Hollywood, determined to become a drummer in a rock 'n' roll band. In L.A., he's taken in by Fred after the out-of-work slacker hits E.B. with his car.","From the Amazon Prime purchase list, read from Chris’s own account 2026-10-04. He said he has seen every one of them, so Status is seen rather than owned. No rating given; blank beats invented. Needs genre, lane and a number. Rated by Chris in the Google Sheet and pulled into the vault 2026-10-04: Chris 3.9. Pixie left blank; he rated these alone. Genre and Lane filled by SAGE 2026-10-04 from a strong pattern (animation).",PG,
Tangled,2010,Animated / family,3.9,,Household,Rated,Animated Family,Disney Plus,2026-10-04,,,,38757,posters/38757.jpg,100,"Feisty teenager Rapunzel, who has long and magical hair, wants to go and see sky lanterns on her eighteenth birthday, but she's bound to a tower by her overprotective mother. She strikes a deal with Flynn Rider, a charming wanted thief, and the duo set off on an action-packed escapade.","From the Amazon Prime purchase list, read from Chris’s own account 2026-10-04. He said he has seen every one of them, so Status is seen rather than owned. No rating given; blank beats invented. Needs genre, lane and a number. Rated by Chris in the Google Sheet and pulled into the vault 2026-10-04: Chris 3.9. Pixie left blank; he rated these alone. Genre and Lane filled by SAGE 2026-10-04 from a strong pattern (director Byron Howard).",PG,
Cars 2,2011,Animated / family,3.7,,Household,Rated,Animated Family,Disney Plus,2026-10-04,,,,49013,posters/49013.jpg,106,Star race car Lightning McQueen and his pal Mater head overseas to compete in the World Grand Prix race. But the road to the championship becomes rocky as Mater gets caught up in an intriguing adventure of his own: international espionage.,"From the Amazon Prime purchase list, read from Chris’s own account 2026-10-04. He said he has seen every one of them, so Status is seen rather than owned. No rating given; blank beats invented. Needs genre, lane and a number. Rated by Chris in the Google Sheet and pulled into the vault 2026-10-04: Chris 3.7. Pixie left blank; he rated these alone. Genre and Lane filled by SAGE 2026-10-04 from a TMDB fact (same collection as a film you lane-ed).",G,
Dr. Seuss' How the Grinch Stole Christmas,2018,Unsorted,,,Household,Dropped,Unsorted,,,,,,,,,,"Dropped 2026-10-04: this is the 2000 Jim Carrey film, already in the library as ""How the Grinch Stole Christmas"" which Chris rated 4.5 the same day. TMDB enrichment wrongly matched it to The Grinch (2018), a separate film that is also in the library. Row kept, nothing lost.",,
The Angry Birds Movie,2016,Animated / family,3.6,,Household,Rated,Animated Family,"Netflix, HBO Max, Universal+ Amazon Channel, Sony One Amazon Channel",2026-10-04,,,,153518,posters/153518.jpg,97,"An island populated entirely by happy, flightless birds or almost entirely. In this paradise, Red, a bird with a temper problem, speedy Chuck, and the volatile Bomb have always been outsiders. But when the island is visited by mysterious green piggies, it’s up to these unlikely outcasts to figure out what the pigs are up to.","From the Amazon Prime purchase list, read from Chris’s own account 2026-10-04. He said he has seen every one of them, so Status is seen rather than owned. No rating given; blank beats invented. Needs genre, lane and a number. Rated by Chris in the Google Sheet and pulled into the vault 2026-10-04: Chris 3.6. Pixie left blank; he rated these alone. Genre and Lane filled by SAGE 2026-10-04 from a strong pattern (animation).",PG,
Despicable Me 2,2013,Animated / family,3.9,,Household,Rated,Animated Family,"HBO Max, Universal+ Amazon Channel",2026-10-04,,,,93456,posters/93456.jpg,98,Gru is recruited by the Anti-Villain League to help deal with a powerful new super criminal.,"From the Amazon Prime purchase list, read from Chris’s own account 2026-10-04. He said he has seen every one of them, so Status is seen rather than owned. No rating given; blank beats invented. Needs genre, lane and a number. Rated by Chris in the Google Sheet and pulled into the vault 2026-10-04: Chris 3.9. Pixie left blank; he rated these alone. Genre and Lane filled by SAGE 2026-10-04 from a strong pattern (animation).",PG,
Despicable Me,2010,Animated / family,4.2,,Household,Rated,Animated Family,"HBO Max, Universal+ Amazon Channel",2026-10-04,,,,20352,posters/20352.jpg,95,"Determined to prove he's the world's greatest supervillain, Gru hatches an audacious plan to steal the Moon. To pull it off, he adopts three orphaned girls—Margo, Edith, and Agnes—intending to use them as pawns in his scheme. But the unexpected bond they form forces him to question the criminal life he's always known.","From the Amazon Prime purchase list, read from Chris’s own account 2026-10-04. He said he has seen every one of them, so Status is seen rather than owned. No rating given; blank beats invented. Needs genre, lane and a number. Rated by Chris in the Google Sheet and pulled into the vault 2026-10-04: Chris 4.2. Pixie left blank; he rated these alone. Genre and Lane filled by SAGE 2026-10-04 from a strong pattern (animation).",PG,
Batman v Superman: Dawn Of Justice Ultimate Edition,2016,Unsorted,,,Household,Dropped,Unsorted,HBO Max,2026-10-04,,,,209112,posters/209112.jpg,152,"Fearing the actions of a god-like Super Hero left unchecked, Gotham City’s own formidable, forceful vigilante takes on Metropolis’s most revered, modern-day savior, while the world wrestles with what sort of hero it really needs. And with Batman and Superman at war with one another, a new threat quickly arises, putting mankind in greater danger than it’s ever known before.","Dropped 2026-10-04: same film as ""Batman v Superman: Dawn of Justice"" (TMDB 209112), which carries the rating. This row came in from the Amazon purchase list as a differently titled edition. Nothing lost, the row stays.",,carry
Murder Rap: Inside the Biggie and Tupac Murders,2015,Drama,4.1,,Household,Rated,Documentary,,2026-10-04,,,,368835,posters/368835.jpg,113,"Two of the most notorious unsolved cases in the history of American crime – the murders of renowned rap stars Tupac Shakur and Biggie Smalls – have been the subject of exhaustive investigations, relentless speculation, and a web of conspiracy theories and dark secrets. Now, for the first time, the true story behind these sensational cases is laid bare in ""Murder Rap: Inside the Biggie and Tupac Murders"". Using information sourced from hundreds of police case files, taped confessions never shown before, and interviews with the lead detective and witnesses, this is the riveting account of the task force that finally exposed the shocking truth behind the deaths of these two rap music icons.","From the Amazon Prime purchase list, read from Chris’s own account 2026-10-04. He said he has seen every one of them, so Status is seen rather than owned. No rating given; blank beats invented. Needs genre, lane and a number. Rated by Chris in the Google Sheet and pulled into the vault 2026-10-04: Chris 4.1. Pixie left blank; he rated these alone. Genre and Lane filled by SAGE 2026-10-04 from a TMDB fact (documentary).",,
What We Do in the Shadows,2014,Comedy,3.6,,Household,Rated,Modern Comedy,,2026-10-04,,,,246741,posters/246741.jpg,86,Vampire housemates try to cope with the complexities of modern life and show a newly turned hipster some of the perks of being undead.,"From the Amazon Prime purchase list, read from Chris’s own account 2026-10-04. He said he has seen every one of them, so Status is seen rather than owned. No rating given; blank beats invented. Needs genre, lane and a number. Rated by Chris in the Google Sheet and pulled into the vault 2026-10-04: Chris 3.6. Pixie left blank; he rated these alone. Genre and Lane filled by SAGE 2026-10-04 by rule of thumb (post-2000 comedy), not Chris’s own call. Worth a glance.",R,
Untold Mr. T: I Pity the Fool,2026,Drama,,,Household,"Seen, unrated",Documentary,Netflix,2026-10-04,,,,1739206,posters/1739206.jpg,48,"Before the gold chains, mohawk, and Hollywood fame of The A-Team and Rocky III, there was Laurence Tureaud. This is the extraordinary origin story behind one of the most unlikely and beloved icons in entertainment — Mr. T.","From the Netflix viewing history on Chris’s own profile, exported 2026-10-04. Last watched 10/3/26. Netflix listed it as ""Untold Mr. T: I Pity The Fool""; TMDB confirms it as a film, which is the only reason it is here. No rating given; blank beats invented. Genre and Lane filled by SAGE 2026-10-04 from a TMDB fact (documentary).",,
Infinite,2021,Sci-fi,3.9,,Household,Rated,Sci-fi Canon,Netflix,2026-10-04,,,,581726,posters/581726.jpg,106,"Evan McCauley has skills he never learned and memories of places he has never visited. Self-medicated and on the brink of a mental breakdown, a secret group that call themselves “Infinites” come to his rescue, revealing that his memories are real.","From the Netflix viewing history on Chris’s own profile, exported 2026-10-04. Last watched 9/27/26. Netflix listed it as ""Infinite""; TMDB confirms it as a film, which is the only reason it is here. No rating given; blank beats invented. Chris rated it in the Google Sheet and it was pulled into the vault 2026-10-04: Chris 3.9. Pixie left blank; he rated alone. Genre and Lane filled by SAGE 2026-10-04 by rule of thumb (sci-fi), not Chris’s own call. Worth a glance.",PG-13,
Grown Ups,2010,Comedy,3.8,,Household,Rated,Modern Comedy,"Netflix, Amazon Prime Video, HBO Max, Sony One Amazon Channel",2026-10-04,,,,38365,posters/38365.jpg,102,"After their high school basketball coach passes away, five good friends and former teammates reunite for a Fourth of July holiday weekend.","From the Netflix viewing history on Chris’s own profile, exported 2026-10-04. Last watched 9/26/26. Netflix listed it as ""Grown Ups""; TMDB confirms it as a film, which is the only reason it is here. No rating given; blank beats invented. Chris rated it in the Google Sheet and it was pulled into the vault 2026-10-04: Chris 3.8. Pixie left blank; he rated alone. Genre and Lane filled by SAGE 2026-10-04 by rule of thumb (post-2000 comedy), not Chris’s own call. Worth a glance.",PG-13,
Untold Raygun: Breaking Badly,2026,Drama,,,Household,"Seen, unrated",Documentary,Netflix,2026-10-04,,,,1739202,posters/1739202.jpg,72,"Nobody, least of all Rachael Gunn, expected to be an Olympian. But as Raygun’s performance at the 2024 Paris Olympics went viral overnight, so did an avalanche of memes, misinformation, and conspiracy theories questioning how she ever got there.","From the Netflix viewing history on Chris’s own profile, exported 2026-10-04. Last watched 9/5/26. Netflix listed it as ""Untold Raygun: Breaking Badly""; TMDB confirms it as a film, which is the only reason it is here. No rating given; blank beats invented. Genre and Lane filled by SAGE 2026-10-04 from a TMDB fact (documentary).",NR,
Freefall: A Reckoning for Boeing,2026,Drama,,,Household,"Seen, unrated",Documentary,Netflix,2026-10-04,,,,1688804,posters/1688804.jpg,95,"Following the highly publicized death of Boeing whistleblower John Barnett, the investigation continues into the once-iconic aviation giant, uncovering startling new revelations and insider accounts in the wake of a deepening corporate crisis..","From the Netflix viewing history on Chris’s own profile, exported 2026-10-04. Last watched 8/29/26. Netflix listed it as ""Freefall: A Reckoning for Boeing""; TMDB confirms it as a film, which is the only reason it is here. No rating given; blank beats invented. Genre and Lane filled by SAGE 2026-10-04 from a TMDB fact (documentary).",R,
Nightbooks,2021,Adventure,,,Household,"Seen, unrated",Family Adventure,Netflix,2026-10-04,,,,739990,posters/739990.jpg,101,"Alex, a boy obsessed with scary stories, is trapped by a witch in her modern, magical New York City apartment. His original hair-raising tales are the only thing keeping him safe as he desperately tries to find a way out of this twisted place.","From the Netflix viewing history on Chris’s own profile, exported 2026-10-04. Last watched 8/22/26. Netflix listed it as ""Nightbooks""; TMDB confirms it as a film, which is the only reason it is here. No rating given; blank beats invented. Genre and Lane filled by SAGE 2026-10-04 by rule of thumb (family adventure), not Chris’s own call. Worth a glance.",NR,
The King,2019,Drama,4.5,4.5,Household,Rated,Period,Netflix,2026-10-04,,,,504949,posters/504949.jpg,140,"England, 15th century. Hal, a capricious prince who lives among the populace far from court, is forced by circumstances to reluctantly accept the throne and become Henry V.","From the Netflix viewing history on Chris’s own profile, exported 2026-10-04. Last watched 8/5/26. Netflix listed it as ""The King""; TMDB confirms it as a film, which is the only reason it is here. No rating given; blank beats invented. Genre and Lane filled by SAGE 2026-10-04 by rule of thumb (history), not Chris’s own call. Worth a glance. Pulled from the Google Sheet 2026-10-04: Chris (blank) -> 4.2.",R,
Taylor Tomlinson: Prodigal Daughter,2026,Comedy,,,Household,"Seen, unrated",Modern Comedy,Netflix,2026-10-04,,,,1617908,posters/1617908.jpg,69,"Taylor Tomlinson takes her fans to church with hilarious confessions about dating in her 30s, her dream assistant and why she refuses to use AI.","From the Netflix viewing history on Chris’s own profile, exported 2026-10-04. Last watched 7/27/26. Netflix listed it as ""Taylor Tomlinson: Prodigal Daughter""; TMDB confirms it as a film, which is the only reason it is here. No rating given; blank beats invented. Genre and Lane filled by SAGE 2026-10-04 by rule of thumb (post-2000 comedy), not Chris’s own call. Worth a glance.",,
She Came to Me,2023,Rom-com,3.9,,Household,Rated,Modern Rom-com,Netflix,2026-10-04,,,,503417,posters/503417.jpg,102,"Composer Steven Lauddem is plagued by a creative block which leaves him unable to finish the score for his big comeback opera. When his former therapist-turned-wife Patricia suggests he rekindle his creativity by getting lost in the city, Steven sets out in search of inspiration. His epiphany comes after he meets a spirited woman named Katrina and discovers his life has much more potential than he bargained for, or ever could have imagined.","From the Netflix viewing history on Chris’s own profile, exported 2026-10-04. Last watched 7/26/26. Netflix listed it as ""She Came to Me""; TMDB confirms it as a film, which is the only reason it is here. No rating given; blank beats invented. Chris rated it in the Google Sheet and it was pulled into the vault 2026-10-04: Chris 3.9. Pixie left blank; he rated alone. Genre and Lane filled by SAGE 2026-10-04 by rule of thumb (rom-com era), not Chris’s own call. Worth a glance.",R,
The Naked Gun,2025,Action-comedy,3.8,,Household,Rated,Modern Comedy,Netflix,2026-10-04,,,,1035259,posters/1035259.jpg,85,"Only one man has the particular set of skills... to lead Police Squad and save the world: Lt. Frank Drebin Jr. Following in his father's footsteps, he must solve a murder case to prevent Police Squad from closure.","From the Netflix viewing history on Chris’s own profile, exported 2026-10-04. Last watched 7/26/26. Netflix listed it as ""The Naked Gun""; TMDB confirms it as a film, which is the only reason it is here. No rating given; blank beats invented. Chris rated it in the Google Sheet and it was pulled into the vault 2026-10-04: Chris 3.8. Pixie left blank; he rated alone. Genre and Lane filled by SAGE 2026-10-04 by rule of thumb (post-2000 comedy), not Chris’s own call. Worth a glance.",PG-13,
72 HOURS,2026,Action-comedy,3.7,,Household,Rated,Modern Comedy,Netflix,2026-10-04,,,,949838,posters/949838.jpg,105,"To save his career, a 40-year-old ad exec joins a crew of twentysomethings for a wild Miami bachelor party after they mistakenly add him to a group chat.","From the Netflix viewing history on Chris’s own profile, exported 2026-10-04. Last watched 7/25/26. Netflix listed it as ""72 HOURS""; TMDB confirms it as a film, which is the only reason it is here. No rating given; blank beats invented. Chris rated it in the Google Sheet and it was pulled into the vault 2026-10-04: Chris 3.7. Pixie left blank; he rated alone. Genre and Lane filled by SAGE 2026-10-04 by rule of thumb (post-2000 comedy), not Chris’s own call. Worth a glance.",R,
Happy Gilmore 2,2025,Comedy,3.9,,Household,Rated,Frat Pack,Netflix,2026-10-04,,,,1263256,posters/1263256.jpg,118,"Happy Gilmore isn't done with golf — not by a long shot. Since his retirement after his first Tour Championship win, Gilmore returns to finance his daughter's ballet classes.","From the Netflix viewing history on Chris’s own profile, exported 2026-10-04. Last watched 7/24/26. Netflix listed it as ""Happy Gilmore 2""; TMDB confirms it as a film, which is the only reason it is here. No rating given; blank beats invented. Chris rated it in the Google Sheet and it was pulled into the vault 2026-10-04: Chris 3.9. Pixie left blank; he rated alone. Genre and Lane filled by SAGE 2026-10-04 from a strong pattern (Frat Pack cast).",PG-13,
The Noel Diary,2022,Rom-com,3.8,,Household,Rated,Christmas,Netflix,2026-10-04,,,,736918,posters/736918.jpg,99,"Cleaning out his childhood home at Christmas, a novelist meets a woman searching for her birth mother. Will an old diary unlock their pasts — and hearts?","From the Netflix viewing history on Chris’s own profile, exported 2026-10-04. Last watched 7/21/26. Netflix listed it as ""The Noel Diary""; TMDB confirms it as a film, which is the only reason it is here. No rating given; blank beats invented. Chris rated it in the Google Sheet and it was pulled into the vault 2026-10-04: Chris 3.8. Pixie left blank; he rated alone. Genre and Lane filled by SAGE 2026-10-04 from a strong pattern (christmas).",PG,
"Your Friend, Nate Bargatze",2024,Comedy,4.2,,Household,Rated,Modern Comedy,Netflix,2026-10-04,,,,1376359,posters/1376359.jpg,63,"In his third Netflix special, Nate Bargatze tackles pizza-ordering strategies for guys' night, wanting a second dog and relying on his responsible wife.","From the Netflix viewing history on Chris’s own profile, exported 2026-10-04. Last watched 7/21/26. Netflix listed it as ""Your Friend, Nate Bargatze""; TMDB confirms it as a film, which is the only reason it is here. No rating given; blank beats invented. Chris rated it in the Google Sheet and it was pulled into the vault 2026-10-04: Chris 4.2. Pixie left blank; he rated alone. Genre and Lane filled by SAGE 2026-10-04 by rule of thumb (post-2000 comedy), not Chris’s own call. Worth a glance.",PG,
Shipwrecked: Nightmare at Sea,2026,Drama,,,Household,Dropped,Documentary,Netflix,2026-10-04,,,,1715492,posters/1715492.jpg,90,"Never-before-seen footage and survivor accounts trace the 2012 shipwreck of a luxury cruise and the disaster that ensued, in this immersive documentary.","From the Netflix viewing history on Chris’s own profile, exported 2026-10-04. Last watched 7/16/26. Netflix listed it as ""Shipwrecked: Nightmare at Sea""; TMDB confirms it as a film, which is the only reason it is here. No rating given; blank beats invented. Genre and Lane filled by SAGE 2026-10-04 from a TMDB fact (documentary). Pulled from the Google Sheet 2026-10-04: Status Seen, unrated -> Dropped.",PG-13,
Secrets of the Neanderthals,2024,Drama,,,Household,"Seen, unrated",Documentary,Netflix,2026-10-04,,,,1255030,posters/1255030.jpg,80,This documentary delves into the mysteries surrounding the Neanderthals and what their fossil record tells us about their lives and disappearance.,"From the Netflix viewing history on Chris’s own profile, exported 2026-10-04. Last watched 7/15/26. Netflix listed it as ""Secrets of the Neanderthals""; TMDB confirms it as a film, which is the only reason it is here. No rating given; blank beats invented. Genre and Lane filled by SAGE 2026-10-04 from a TMDB fact (documentary).",PG,
Field of Dreams,1989,Adventure,4.2,,Household,Rated,Kid Sport,Netflix,2026-10-04,,,,2323,posters/2323.jpg,105,"Ray Kinsella is an Iowa farmer who hears a mysterious voice telling him to turn his cornfield into a baseball diamond. He does, but the voice's directions don't stop -- even after the spirits of deceased ballplayers turn up to play.","From the Netflix viewing history on Chris’s own profile, exported 2026-10-04. Last watched 7/15/26. Netflix listed it as ""Field of Dreams""; TMDB confirms it as a film, which is the only reason it is here. No rating given; blank beats invented. Chris rated it in the Google Sheet and it was pulled into the vault 2026-10-04: Chris 4.2. Pixie left blank; he rated alone. Genre and Lane filled by SAGE 2026-10-04 from a strong pattern (sport).",PG,
Robin Hood: Prince of Thieves,1991,Action,3.7,,Household,Rated,Blockbuster,Netflix,2026-10-04,,,,8367,posters/8367.jpg,143,"Nobleman crusader Robin of Locksley breaks out of a Jerusalem prison with the help of Moorish fellow prisoner Azeem and travels back home to England. But upon arrival he discovers his dead father in the ruins of his family estate, killed by the vicious sheriff of Nottingham, Robin and Azeem join forces with outlaws Little John and Will Scarlett to save the kingdom from the sheriff's villainy.","From the Netflix viewing history on Chris’s own profile, exported 2026-10-04. Last watched 7/15/26. Netflix listed it as ""Robin Hood: Prince of Thieves""; TMDB confirms it as a film, which is the only reason it is here. No rating given; blank beats invented. Chris rated it in the Google Sheet and it was pulled into the vault 2026-10-04: Chris 3.7. Pixie left blank; he rated alone. Genre and Lane filled by SAGE 2026-10-04 by rule of thumb (big-budget spectacle), not Chris’s own call. Worth a glance.",PG-13,
Mr. & Mrs. Smith,2005,Action-comedy,4.1,,Household,Rated,Frat Pack,"Netflix, Disney Plus, Paramount Plus, Universal+ Amazon Channel",2026-10-04,,,,787,posters/787.jpg,120,"A husband and wife struggle to keep their marriage alive until they realize they are both secretly working as assassins. Now, their respective assignments require them to kill each other.","From the Netflix viewing history on Chris’s own profile, exported 2026-10-04. Last watched 7/14/26. Netflix listed it as ""Mr. & Mrs. Smith""; TMDB confirms it as a film, which is the only reason it is here. No rating given; blank beats invented. Chris rated it in the Google Sheet and it was pulled into the vault 2026-10-04: Chris 4.1. Pixie left blank; he rated alone. Genre and Lane filled by SAGE 2026-10-04 from a strong pattern (Frat Pack cast).",PG-13,
I.Q.,1994,Rom-com,4.3,,Household,Rated,Classic Canon,Netflix,2026-10-04,,,,11777,posters/11777.jpg,100,Albert Einstein helps a young man who's in love with Einstein's niece to catch her attention by pretending temporarily to be a great physicist.,"From the Netflix viewing history on Chris’s own profile, exported 2026-10-04. Last watched 7/14/26. Netflix listed it as ""I.Q.""; TMDB confirms it as a film, which is the only reason it is here. No rating given; blank beats invented. Chris rated it in the Google Sheet and it was pulled into the vault 2026-10-04: Chris 4.3. Pixie left blank; he rated alone. Genre and Lane filled by SAGE 2026-10-04 by rule of thumb (rom-com era), not Chris’s own call. Worth a glance.",PG,
Voicemails for Isabelle,2026,Rom-com,4.6,,Household,Rated,Modern Rom-com,Netflix,2026-10-04,,,,614945,posters/614945.jpg,119,"A young woman's hilariously confessional voicemails to her late sister are unknowingly redirected to a stranger, who begins to fall in love from afar.","From the Netflix viewing history on Chris’s own profile, exported 2026-10-04. Last watched 7/8/26. Netflix listed it as ""Voicemails for Isabelle""; TMDB confirms it as a film, which is the only reason it is here. No rating given; blank beats invented. Chris rated it in the Google Sheet and it was pulled into the vault 2026-10-04: Chris 4.6. Pixie left blank; he rated alone. Genre and Lane filled by SAGE 2026-10-04 by rule of thumb (rom-com era), not Chris’s own call. Worth a glance.",NR,
The Beautiful Game,2024,Drama,3.5,,Household,Rated,Unsorted,Netflix,2026-10-04,,,,857655,posters/857655.jpg,125,A group of advocates to end homelessness organize an annual tournament for homeless people to compete in a series of football matches known as The Homeless World Cup.,"From the Netflix viewing history on Chris’s own profile, exported 2026-10-04. Last watched 6/29/26. Netflix listed it as ""The Beautiful Game""; TMDB confirms it as a film, which is the only reason it is here. No rating given; blank beats invented. Chris rated it in the Google Sheet and it was pulled into the vault 2026-10-04: Chris 3.5. Pixie left blank; he rated alone.",PG-13,
Little Brother,2026,Comedy,3.5,,Household,Rated,Modern Comedy,Netflix,2026-10-04,,,,1397385,posters/1397385.jpg,102,"A tightly wound realtor's picture-perfect life gets an extreme makeover when his lovably chaotic ""little brother"" suddenly reappears.","From the Netflix viewing history on Chris’s own profile, exported 2026-10-04. Last watched 6/29/26. Netflix listed it as ""Little Brother""; TMDB confirms it as a film, which is the only reason it is here. No rating given; blank beats invented. Chris rated it in the Google Sheet and it was pulled into the vault 2026-10-04: Chris 3.5. Pixie left blank; he rated alone. Genre and Lane filled by SAGE 2026-10-04 by rule of thumb (post-2000 comedy), not Chris’s own call. Worth a glance.",R,
Space Jam: A New Legacy,2021,Animated / family,2.5,,Household,Rated,Animated Family,"Netflix, HBO Max",2026-10-04,,,,379686,posters/379686.jpg,115,"When LeBron and his young son Dom are trapped in a digital space by a rogue A.I., LeBron must get them home safe by leading Bugs, Lola Bunny and the whole gang of notoriously undisciplined Looney Tunes to victory over the A.I.'s digitized champions on the court. It's Tunes versus Goons in the highest-stakes challenge of his life.","From the Netflix viewing history on Chris’s own profile, exported 2026-10-04. Last watched 6/24/26. Netflix listed it as ""Space Jam: A New Legacy""; TMDB confirms it as a film, which is the only reason it is here. No rating given; blank beats invented. Chris rated it in the Google Sheet and it was pulled into the vault 2026-10-04: Chris 2.5. Pixie left blank; he rated alone. Genre and Lane filled by SAGE 2026-10-04 from a strong pattern (animation).",PG,
Office Romance,2026,Rom-com,3.9,,Household,Rated,Modern Rom-com,Netflix,2026-10-04,,,,1358005,posters/1358005.jpg,115,"Jackie, President and CEO of Air Cruz, runs a tight ship in her business, including a rigid anti-fraternization policy for all her employees. When a new sexy lawyer begins working for her, that policy becomes very tested.","From the Netflix viewing history on Chris’s own profile, exported 2026-10-04. Last watched 6/7/26. Netflix listed it as ""Office Romance""; TMDB confirms it as a film, which is the only reason it is here. No rating given; blank beats invented. Chris rated it in the Google Sheet and it was pulled into the vault 2026-10-04: Chris 3.9. Pixie left blank; he rated alone. Genre and Lane filled by SAGE 2026-10-04 from a strong pattern (director Ol Parker).",R,
All the Freckles in the World,2019,Comedy,,,Household,"Seen, unrated",Modern Comedy,Netflix,2026-10-04,,,,613183,posters/613183.jpg,90,"Teen comedy set in the school-year of 1994. José is the new kid on high-school, falling immediately for the popular and freckled Christina. Trying to impress her, he's going to unsuccessfully join the soccer try-outs. Is he shooting way out of his league?","From the Netflix viewing history on Chris’s own profile, exported 2026-10-04. Last watched 5/31/26. Netflix listed it as ""All the Freckles in the World""; TMDB confirms it as a film, which is the only reason it is here. No rating given; blank beats invented. Genre and Lane filled by SAGE 2026-10-04 by rule of thumb (post-2000 comedy), not Chris’s own call. Worth a glance.",NR,
Drillbit Taylor,2008,Comedy,3.1,,Household,Rated,Frat Pack,"Rent: Apple TV Store, Google Play Movies",2026-10-04,,,,8457,posters/8457.jpg,110,"Dealing with a sociopathic school bully, three high school freshmen hire a low-budget bodyguard to protect them, not realizing he is just a homeless beggar and petty thief looking for some easy cash.","From the Netflix viewing history on Chris’s own profile, exported 2026-10-04. Last watched 5/31/26. Netflix listed it as ""Drillbit Taylor""; TMDB confirms it as a film, which is the only reason it is here. No rating given; blank beats invented. Chris rated it in the Google Sheet and it was pulled into the vault 2026-10-04: Chris 3.1. Pixie left blank; he rated alone. Genre and Lane filled by SAGE 2026-10-04 from a strong pattern (Frat Pack cast).",PG-13,
Remarkably Bright Creatures,2026,Drama,4.3,,Household,Rated,Unsorted,Netflix,2026-10-04,,,,1330021,posters/1330021.jpg,114,"Through unlikely bonds formed during night shifts at a local aquarium, Tova, an elderly widow, learns of a life-changing discovery that may bring her joy and wonder once again.","From the Netflix viewing history on Chris’s own profile, exported 2026-10-04. Last watched 5/25/26. Netflix listed it as ""Remarkably Bright Creatures""; TMDB confirms it as a film, which is the only reason it is here. No rating given; blank beats invented. Chris rated it in the Google Sheet and it was pulled into the vault 2026-10-04: Chris 4.3. Pixie left blank; he rated alone.",PG-13,
"Marty, Life Is Short",2026,Drama,4.2,,Household,Rated,Documentary,Netflix,2026-10-04,,,,1620034,posters/1620034.jpg,102,"Martin Short looks back on a life fueled by joy in this documentary with classic clips, fresh interviews and star-studded, never-before-seen home movies.","From the Netflix viewing history on Chris’s own profile, exported 2026-10-04. Last watched 5/21/26. Netflix listed it as ""Marty, Life Is Short""; TMDB confirms it as a film, which is the only reason it is here. No rating given; blank beats invented. Chris rated it in the Google Sheet and it was pulled into the vault 2026-10-04: Chris 4.2. Pixie left blank; he rated alone. Genre and Lane filled by SAGE 2026-10-04 from a TMDB fact (documentary).",PG-13,
The Last of the Mohicans,1992,Drama,4.3,,Household,Rated,Period,Netflix,2026-10-04,,,,9361,posters/9361.jpg,112,"In war-torn colonial America, in the midst of a bloody battle between British, the French and Native American allies, the aristocratic daughter of a British Colonel and her party are captured by a group of Huron warriors. Fortunately, a group of three Mohican trappers comes to their rescue.","From the Netflix viewing history on Chris’s own profile, exported 2026-10-04. Last watched 5/17/26. Netflix listed it as ""The Last of the Mohicans""; TMDB confirms it as a film, which is the only reason it is here. No rating given; blank beats invented. Chris rated it in the Google Sheet and it was pulled into the vault 2026-10-04: Chris 4.3. Pixie left blank; he rated alone. Genre and Lane filled by SAGE 2026-10-04 by rule of thumb (history), not Chris’s own call. Worth a glance.",R,
Swapped,2026,Animated / family,3.2,,Household,Rated,Animated Family,Netflix,2026-10-04,,,,1007757,posters/1007757.jpg,102,"A small woodland creature and a majestic bird, two natural sworn enemies of the Valley, magically trade places and set off on an adventure of a lifetime to switch back. Their journey soon uncovers a greater threat—one that could endanger not only their species, but the entire valley they call home.","From the Netflix viewing history on Chris’s own profile, exported 2026-10-04. Last watched 5/10/26. Netflix listed it as ""Swapped""; TMDB confirms it as a film, which is the only reason it is here. No rating given; blank beats invented. Chris rated it in the Google Sheet and it was pulled into the vault 2026-10-04: Chris 3.2. Pixie left blank; he rated alone. Genre and Lane filled by SAGE 2026-10-04 from a strong pattern (animation).",PG,
Justin Willman: Magic Lover,2025,Comedy,,,Household,"Seen, unrated",Modern Comedy,Netflix,2026-10-04,,,,1486575,posters/1486575.jpg,,Follows an entertaining show that combines between performing magic tricks and delivering comedic commentary on different themes.,"From the Netflix viewing history on Chris’s own profile, exported 2026-10-04. Last watched 5/5/26. Netflix listed it as ""Justin Willman: Magic Lover""; TMDB confirms it as a film, which is the only reason it is here. No rating given; blank beats invented. Genre and Lane filled by SAGE 2026-10-04 by rule of thumb (post-2000 comedy), not Chris’s own call. Worth a glance.",,
Lewis Capaldi: How I'm Feeling Now,2023,Drama,4.3,4.3,Household,Rated,Documentary,Netflix,2026-10-04,,,,1098164,posters/1098164.jpg,96,"An intimate, all-access documentary that will chronicle Lewis Capaldi's journey from a scrappy teen with a viral performance to a Grammy-nominated pop star.","From the Netflix viewing history on Chris’s own profile, exported 2026-10-04. Last watched 5/4/26. Netflix listed it as ""Lewis Capaldi: How I'm Feeling Now""; TMDB confirms it as a film, which is the only reason it is here. No rating given; blank beats invented. Genre and Lane filled by SAGE 2026-10-04 from a TMDB fact (documentary). Pulled from the Google Sheet 2026-10-04: Chris (blank) -> 4.3; Pixie (blank) -> 4.3; Status Seen, unrated -> Rated.",R,
"Masaka Kids, A Rhythm Within",2025,Drama,4.1,,Household,Rated,Documentary,Netflix,2026-10-04,,,,1505013,posters/1505013.jpg,,"The story behind the Uganda-based YouTube dance sensations who have endured devastating personal loss from famine and war, and use the power of dance and song to overcome hardship.","From the Netflix viewing history on Chris’s own profile, exported 2026-10-04. Last watched 4/28/26. Netflix listed it as ""Masaka Kids, A Rhythm Within""; TMDB confirms it as a film, which is the only reason it is here. No rating given; blank beats invented. Chris rated it in the Google Sheet and it was pulled into the vault 2026-10-04: Chris 4.1. Pixie left blank; he rated alone. Genre and Lane filled by SAGE 2026-10-04 from a TMDB fact (documentary).",PG,
Keith Richards: Under the Influence,2015,Drama,3.9,,Household,Rated,Documentary,Netflix,2026-10-04,,,,360341,posters/360341.jpg,82,"A portrait of Keith Richards that takes us on a journey to discover the genesis of his sound as a songwriter, guitarist and performer.","From the Netflix viewing history on Chris’s own profile, exported 2026-10-04. Last watched 4/10/26. Netflix listed it as ""Keith Richards: Under the Influence""; TMDB confirms it as a film, which is the only reason it is here. No rating given; blank beats invented. Chris rated it in the Google Sheet and it was pulled into the vault 2026-10-04: Chris 3.9. Pixie left blank; he rated alone. Genre and Lane filled by SAGE 2026-10-04 from a TMDB fact (documentary).",PG,
One Last Adventure: The Making of Stranger Things 5,2026,Drama,,,Household,"Seen, unrated",Documentary,Netflix,2026-10-04,,,,1610413,posters/1610413.jpg,123,An inside look at the years of effort and craft that went into the final installment of the Duffer Brothers' generation-defining series.,"From the Netflix viewing history on Chris’s own profile, exported 2026-10-04. Last watched 4/8/26. Netflix listed it as ""One Last Adventure: The Making of Stranger Things 5""; TMDB confirms it as a film, which is the only reason it is here. No rating given; blank beats invented. Genre and Lane filled by SAGE 2026-10-04 from a TMDB fact (documentary).",PG-13,
Don't Die: The Man Who Wants to Live Forever,2025,Drama,,,Household,"Seen, unrated",Documentary,Netflix,2026-10-04,,,,1401905,posters/1401905.jpg,88,"In this documentary, wealthy entrepreneur Bryan Johnson puts his body and fortune on the line to defy aging and extend his life beyond all known limits.","From the Netflix viewing history on Chris’s own profile, exported 2026-10-04. Last watched 4/2/26. Netflix listed it as ""Don't Die: The Man Who Wants to Live Forever""; TMDB confirms it as a film, which is the only reason it is here. No rating given; blank beats invented. Genre and Lane filled by SAGE 2026-10-04 from a TMDB fact (documentary).",PG-13,
Cuba and the Cameraman,2017,Drama,4.6,,Household,Rated,Documentary,Netflix,2026-10-04,,,,474433,posters/474433.jpg,113,This revealing portrait of Cuba follows the lives of Fidel Castro and three Cuban families affected by his policies over the last four decades.,"From the Netflix viewing history on Chris’s own profile, exported 2026-10-04. Last watched 3/28/26. Netflix listed it as ""Cuba and the Cameraman""; TMDB confirms it as a film, which is the only reason it is here. No rating given; blank beats invented. Chris rated it in the Google Sheet and it was pulled into the vault 2026-10-04: Chris 4.6. Pixie left blank; he rated alone. Genre and Lane filled by SAGE 2026-10-04 from a TMDB fact (documentary).",,
"The Rise of the Red Hot Chili Peppers: Our Brother, Hillel",2026,Drama,4.1,,Household,Rated,Documentary,Netflix,2026-10-04,,,,1482168,posters/1482168.jpg,95,Explore the formative years of the Red Hot Chili Peppers and the profound influence of original bandmate Hillel Slovak.,"From the Netflix viewing history on Chris’s own profile, exported 2026-10-04. Last watched 3/24/26. Netflix listed it as ""The Rise of the Red Hot Chili Peppers: Our Brother, Hillel""; TMDB confirms it as a film, which is the only reason it is here. No rating given; blank beats invented. Chris rated it in the Google Sheet and it was pulled into the vault 2026-10-04: Chris 4.1. Pixie left blank; he rated alone. Genre and Lane filled by SAGE 2026-10-04 from a TMDB fact (documentary).",R,
The Mystery of Marilyn Monroe: The Unheard Tapes,2022,Drama,4.2,,Household,Rated,Documentary,Netflix,2026-10-04,,,,953300,posters/953300.jpg,101,This documentary explores the mystery surrounding the death of movie icon Marilyn Monroe through previously unheard interviews with her inner circle.,"From the Netflix viewing history on Chris’s own profile, exported 2026-10-04. Last watched 3/22/26. Netflix listed it as ""The Mystery of Marilyn Monroe: The Unheard Tapes""; TMDB confirms it as a film, which is the only reason it is here. No rating given; blank beats invented. Chris rated it in the Google Sheet and it was pulled into the vault 2026-10-04: Chris 4.2. Pixie left blank; he rated alone. Genre and Lane filled by SAGE 2026-10-04 from a TMDB fact (documentary).",R,
Special Correspondents,2016,Comedy,3.9,,Household,Rated,Modern Comedy,Netflix,2026-10-04,,,,355008,posters/355008.jpg,100,A radio journalist and his technician get in over their heads when they hatch a scheme to fake their own kidnapping during a rebel uprising in South America and hide out in New York instead.,"From the Netflix viewing history on Chris’s own profile, exported 2026-10-04. Last watched 3/19/26. Netflix listed it as ""Special Correspondents""; TMDB confirms it as a film, which is the only reason it is here. No rating given; blank beats invented. Chris rated it in the Google Sheet and it was pulled into the vault 2026-10-04: Chris 3.9. Pixie left blank; he rated alone. Genre and Lane filled by SAGE 2026-10-04 by rule of thumb (post-2000 comedy), not Chris’s own call. Worth a glance.",PG-13,
Sunday Best: The Untold Story of Ed Sullivan,2023,Drama,4.3,,Household,Rated,Documentary,Netflix,2026-10-04,,,,1122221,posters/1122221.jpg,87,Ed Sullivan broke barriers by booking Black artists on his Sunday night variety show. This documentary spotlights the TV pioneer's legacy of equality.,"From the Netflix viewing history on Chris’s own profile, exported 2026-10-04. Last watched 3/17/26. Netflix listed it as ""Sunday Best: The Untold Story of Ed Sullivan""; TMDB confirms it as a film, which is the only reason it is here. No rating given; blank beats invented. Chris rated it in the Google Sheet and it was pulled into the vault 2026-10-04: Chris 4.3. Pixie left blank; he rated alone. Genre and Lane filled by SAGE 2026-10-04 from a TMDB fact (documentary).",PG-13,
Enola Holmes 2,2022,Adventure,4.1,,Household,Rated,Action,Netflix,2026-10-04,,,,829280,posters/829280.jpg,131,"Enola takes on her first official case as a detective, but to solve the mystery of a missing girl, she'll need help from friends — and brother Sherlock.","From the Netflix viewing history on Chris’s own profile, exported 2026-10-04. Last watched 3/17/26. Netflix listed it as ""Enola Holmes 2""; TMDB confirms it as a film, which is the only reason it is here. No rating given; blank beats invented. Chris rated it in the Google Sheet and it was pulled into the vault 2026-10-04: Chris 4.1. Pixie left blank; he rated alone. Genre and Lane filled by SAGE 2026-10-04 by rule of thumb (action), not Chris’s own call. Worth a glance.",PG-13,
Breakdown: 1975,2025,Drama,3.8,,Household,Rated,Documentary,Netflix,2026-10-04,,,,1584125,posters/1584125.jpg,92,"In 1975, as America faced social and political upheaval, filmmakers turned chaos into art.","From the Netflix viewing history on Chris’s own profile, exported 2026-10-04. Last watched 3/15/26. Netflix listed it as ""Breakdown: 1975""; TMDB confirms it as a film, which is the only reason it is here. No rating given; blank beats invented. Chris rated it in the Google Sheet and it was pulled into the vault 2026-10-04: Chris 3.8. Pixie left blank; he rated alone. Genre and Lane filled by SAGE 2026-10-04 from a TMDB fact (documentary).",R,
The Seat,2025,Drama,,,Household,"Seen, unrated",Documentary,Netflix,2026-10-04,,,,1475666,posters/1475666.jpg,41,"'The Seat' is an unprecedented inside look that led to a once-in-a-generation driver change in Mercedes and F1 history. It reveals the private conversations that led the Mercedes team and Toto Wolff, its Team Principal and CEO, to its decision to promote 18-year-old Italian-born Kimi Antonelli to a Formula 1 Driver, making him the third-youngest rookie in the sport's history. The film follows Kimi, in the lead up to his first Formula 1 season as he takes on his destiny.","From the Netflix viewing history on Chris’s own profile, exported 2026-10-04. Last watched 3/15/26. Netflix listed it as ""The Seat""; TMDB confirms it as a film, which is the only reason it is here. No rating given; blank beats invented. Genre and Lane filled by SAGE 2026-10-04 from a TMDB fact (documentary).",,
Novocaine,2025,Action-comedy,3.9,,Household,Rated,Superhero,Netflix,2026-10-04,,,,1195506,posters/1195506.jpg,110,"When the girl of his dreams is kidnapped, everyman Nate turns his inability to feel pain into an unexpected strength in his fight to get her back.","From the Netflix viewing history on Chris’s own profile, exported 2026-10-04. Last watched 3/15/26. Netflix listed it as ""Novocaine""; TMDB confirms it as a film, which is the only reason it is here. No rating given; blank beats invented. Chris rated it in the Google Sheet and it was pulled into the vault 2026-10-04: Chris 3.9. Pixie left blank; he rated alone. Genre and Lane filled by SAGE 2026-10-04 from a strong pattern (comics).",R,
Enola Holmes,2020,Adventure,4.4,,Household,Rated,Action,Netflix,2026-10-04,,,,497582,posters/497582.jpg,124,"While searching for her missing mother, intrepid teen Enola Holmes uses her sleuthing skills to outsmart big brother Sherlock and help a runaway lord.","From the Netflix viewing history on Chris’s own profile, exported 2026-10-04. Last watched 3/8/26. Netflix listed it as ""Enola Holmes""; TMDB confirms it as a film, which is the only reason it is here. No rating given; blank beats invented. Chris rated it in the Google Sheet and it was pulled into the vault 2026-10-04: Chris 4.4. Pixie left blank; he rated alone. Genre and Lane filled by SAGE 2026-10-04 by rule of thumb (action), not Chris’s own call. Worth a glance.",PG-13,
Harry Styles. One Night in Manchester.,2026,Drama,,,Household,"Seen, unrated",Music & Musicals,Netflix,2026-10-04,,,,1644807,posters/1644807.jpg,97,"In a special one off concert in Manchester, recorded on the evening of March 6, Harry Styles played his new album, ‘Kiss All The Time. Disco, Occasionally.' for the very first time.","From the Netflix viewing history on Chris’s own profile, exported 2026-10-04. Last watched 3/8/26. Netflix listed it as ""Harry Styles. One Night In Manchester.""; TMDB confirms it as a film, which is the only reason it is here. No rating given; blank beats invented. Genre and Lane filled by SAGE 2026-10-04 by rule of thumb (music), not Chris’s own call. Worth a glance.",,
Valentine's Day,2010,Rom-com,3.8,,Household,Rated,Classic Canon,"Rent: Apple TV Store, Google Play Movies",2026-10-04,,,,32856,posters/32856.jpg,125,Intertwining couples and singles in Los Angeles break-up and make-up based on the pressures and expectations of Valentine's Day.,"From the Netflix viewing history on Chris’s own profile, exported 2026-10-04. Last watched 3/8/26. Netflix listed it as ""Valentine's Day""; TMDB confirms it as a film, which is the only reason it is here. No rating given; blank beats invented. Chris rated it in the Google Sheet and it was pulled into the vault 2026-10-04: Chris 3.8. Pixie left blank; he rated alone. Genre and Lane filled by SAGE 2026-10-04 from a strong pattern (director Garry Marshall).",PG-13,
Mortal Engines,2018,Sci-fi,3.6,,Household,Rated,Sci-fi Canon,HBO Max,2026-10-04,,,,428078,posters/428078.jpg,128,"Many thousands of years in the future, Earth’s cities roam the globe on huge wheels, devouring each other in a struggle for ever diminishing resources. On one of these massive traction cities, the old London, Tom Natsworthy has an unexpected encounter with a mysterious young woman from the wastelands who will change the course of his life forever.","From the Netflix viewing history on Chris’s own profile, exported 2026-10-04. Last watched 3/8/26. Netflix listed it as ""Mortal Engines""; TMDB confirms it as a film, which is the only reason it is here. No rating given; blank beats invented. Chris rated it in the Google Sheet and it was pulled into the vault 2026-10-04: Chris 3.6. Pixie left blank; he rated alone. Genre and Lane filled by SAGE 2026-10-04 by rule of thumb (sci-fi), not Chris’s own call. Worth a glance.",PG-13,
Men in Black II,2002,Action-comedy,3.7,,Household,Rated,Classic Canon,Netflix,2026-10-04,,,,608,posters/608.jpg,88,"Kay and Jay reunite to provide our best, last and only line of defense against a sinister seductress who levels the toughest challenge yet to the MIB's untarnished mission statement – protecting Earth from the scum of the universe. It's been four years since the alien-seeking agents averted an intergalactic disaster of epic proportions. Now it's a race against the clock as Jay must convince Kay – who not only has absolutely no memory of his time spent with the MIB, but is also the only living person left with the expertise to save the galaxy – to reunite with the MIB before the earth submits to ultimate destruction.","From the Netflix viewing history on Chris’s own profile, exported 2026-10-04. Last watched 3/4/26. Netflix listed it as ""Men in Black II""; TMDB confirms it as a film, which is the only reason it is here. No rating given; blank beats invented. Chris rated it in the Google Sheet and it was pulled into the vault 2026-10-04: Chris 3.7. Pixie left blank; he rated alone. Genre and Lane filled by SAGE 2026-10-04 from a TMDB fact (same collection as a film you lane-ed).",PG-13,
The Rip,2026,Action,4.1,,Household,Rated,Blockbuster,Netflix,2026-10-04,,,,1306368,posters/1306368.jpg,113,"Trust frays when a team of Miami cops discovers millions in cash inside a run-down stash house, calling everyone — and everything — into question.","From the Netflix viewing history on Chris’s own profile, exported 2026-10-04. Last watched 2/28/26. Netflix listed it as ""The Rip""; TMDB confirms it as a film, which is the only reason it is here. No rating given; blank beats invented. Chris rated it in the Google Sheet and it was pulled into the vault 2026-10-04: Chris 4.1. Pixie left blank; he rated alone. Genre and Lane filled by SAGE 2026-10-04 by rule of thumb (big-budget spectacle), not Chris’s own call. Worth a glance.",R,
Hot Tub Time Machine,2010,Action-comedy,4.4,,Household,Rated,Time & Second Chances,Universal+ Amazon Channel,2026-10-04,,,,23048,posters/23048.jpg,101,"Four pals are stuck in a rut in adulthood: Adam has just been dumped, Lou is a hopeless party animal, Nick is a henpecked husband, and Jacob does nothing but play video games in his basement. But they get a chance to brighten their future by changing their past after a night of heavy drinking in a ski-resort hot tub results in their waking up in 1986.","From the Netflix viewing history on Chris’s own profile, exported 2026-10-04. Last watched 2/23/26. Netflix listed it as ""Hot Tub Time Machine""; TMDB confirms it as a film, which is the only reason it is here. No rating given; blank beats invented. Chris rated it in the Google Sheet and it was pulled into the vault 2026-10-04: Chris 4.4. Pixie left blank; he rated alone. Genre and Lane filled by SAGE 2026-10-04 from a strong pattern (time travel).",R,
Frankenstein,2025,Adventure,4.6,,Household,Rated,Horror,Netflix,2026-10-04,,,,1062722,posters/1062722.jpg,150,"Dr. Victor Frankenstein, a brilliant but egotistical scientist, brings a creature to life in a monstrous experiment that ultimately leads to the undoing of both the creator and his tragic creation.","From the Netflix viewing history on Chris’s own profile, exported 2026-10-04. Last watched 2/14/26. Netflix listed it as ""Frankenstein""; TMDB confirms it as a film, which is the only reason it is here. No rating given; blank beats invented. Chris rated it in the Google Sheet and it was pulled into the vault 2026-10-04: Chris 4.6. Pixie left blank; he rated alone. Genre and Lane filled by SAGE 2026-10-04 by rule of thumb (horror), not Chris’s own call. Worth a glance.",R,
Queen of Chess,2026,Drama,4.3,,Household,Rated,Documentary,Netflix,2026-10-04,,,,1596291,posters/1596291.jpg,93,"A Hungarian girl dreams of conquering international men’s chess. After a 15-year battle against world champion Garry Kasparov and her domineering father, Judit Polgár revolutionizes the sport’s patriarchal culture to become one of the greatest chess prodigies in history and the greatest woman chess player of all time.","From the Netflix viewing history on Chris’s own profile, exported 2026-10-04. Last watched 2/12/26. Netflix listed it as ""Queen of Chess""; TMDB confirms it as a film, which is the only reason it is here. No rating given; blank beats invented. Chris rated it in the Google Sheet and it was pulled into the vault 2026-10-04: Chris 4.3. Pixie left blank; he rated alone. Genre and Lane filled by SAGE 2026-10-04 from a TMDB fact (documentary).",,
The Magician's Elephant,2023,Animated / family,3.6,,Household,Rated,Animated Family,Netflix,2026-10-04,,,,776835,posters/776835.jpg,99,"Peter is searching for his long-lost sister when he crosses paths with a fortune teller in the market square. His only question is: is his sister still alive? The answer, that he must find a mysterious elephant and the magician who will conjure it, sets Peter off on a journey to complete three seemingly impossible tasks that will change the face of his town forever.","From the Netflix viewing history on Chris’s own profile, exported 2026-10-04. Last watched 2/1/26. Netflix listed it as ""The Magician's Elephant""; TMDB confirms it as a film, which is the only reason it is here. No rating given; blank beats invented. Chris rated it in the Google Sheet and it was pulled into the vault 2026-10-04: Chris 3.6. Pixie left blank; he rated alone. Genre and Lane filled by SAGE 2026-10-04 from a strong pattern (animation).",PG,
DodgeBall: A True Underdog Story,2004,Comedy,4.2,,Household,Rated,Frat Pack,Disney Plus,2026-10-04,,,,9472,posters/9472.jpg,92,"When megalomaniacal White Goodman, the owner of a trendy, high-end fitness center, makes a move to take over the struggling local gym run by happy-go-lucky Pete La Fleur, there's only one way for La Fleur to fight back: dodgeball. Aided by a dodgeball guru and Goodman's attorney, La Fleur and his rag-tag team of underdogs launch a knock-down, drag-out battle in which the winner takes all.","From the Netflix viewing history on Chris’s own profile, exported 2026-10-04. Last watched 1/31/26. Netflix listed it as ""Dodgeball: A True Underdog Story""; TMDB confirms it as a film, which is the only reason it is here. No rating given; blank beats invented. Chris rated it in the Google Sheet and it was pulled into the vault 2026-10-04: Chris 4.2. Pixie left blank; he rated alone. Genre and Lane filled by SAGE 2026-10-04 from a strong pattern (Frat Pack cast).",PG-13,
A Merry Little Ex-Mas,2025,Rom-com,3.7,,Household,Rated,Christmas,Netflix,2026-10-04,,,,1401318,posters/1401318.jpg,91,"Recently separated, Kate hopes to celebrate one last perfect family Christmas with her soon-to-be ex-husband Everett and their kids before their divorce is final and the house is sold. But her holiday plans are hilariously derailed when Everett unexpectedly brings his younger, successful new girlfriend.","From the Netflix viewing history on Chris’s own profile, exported 2026-10-04. Last watched 1/28/26. Netflix listed it as ""A Merry Little Ex-Mas""; TMDB confirms it as a film, which is the only reason it is here. No rating given; blank beats invented. Chris rated it in the Google Sheet and it was pulled into the vault 2026-10-04: Chris 3.7. Pixie left blank; he rated alone. Genre and Lane filled by SAGE 2026-10-04 from a strong pattern (christmas).",PG,
Scotty James: Pipe Dream,2025,Drama,4.3,,Household,Rated,Documentary,,2026-10-04,,,,1600769,posters/1600769.jpg,93,"Intimate interviews and home footage recount Scotty James' journey of ambition, resilience and triumph, from his childhood dreams to Olympic gold.","From the Netflix viewing history on Chris’s own profile, exported 2026-10-04. Last watched 1/27/26. Netflix listed it as ""Scotty James: Pipe Dream""; TMDB confirms it as a film, which is the only reason it is here. No rating given; blank beats invented. Chris rated it in the Google Sheet and it was pulled into the vault 2026-10-04: Chris 4.3. Pixie left blank; he rated alone. Genre and Lane filled by SAGE 2026-10-04 from a TMDB fact (documentary).",,
Jay Kelly,2025,Comedy,4.1,,Household,Rated,Modern Comedy,Netflix,2026-10-04,,,,1069905,posters/1069905.jpg,132,"Famous movie actor Jay Kelly embarks on a journey of self-discovery, confronting both his past and present, accompanied by his devoted manager, Ron.","From the Netflix viewing history on Chris’s own profile, exported 2026-10-04. Last watched 1/17/26. Netflix listed it as ""Jay Kelly""; TMDB confirms it as a film, which is the only reason it is here. No rating given; blank beats invented. Chris rated it in the Google Sheet and it was pulled into the vault 2026-10-04: Chris 4.1. Pixie left blank; he rated alone. Genre and Lane filled by SAGE 2026-10-04 by rule of thumb (post-2000 comedy), not Chris’s own call. Worth a glance.",R,
Elway,2025,Drama,4,,Household,Rated,Documentary,Netflix,2026-10-04,,,,1583500,posters/1583500.jpg,99,"Told in his own words, the definitive story of Denver Broncos quarterback John Elway goes deep on his NFL dreams, heartbreaks and Super Bowl redemption.","From the Netflix viewing history on Chris’s own profile, exported 2026-10-04. Last watched 1/10/26. Netflix listed it as ""Elway""; TMDB confirms it as a film, which is the only reason it is here. No rating given; blank beats invented. Chris rated it in the Google Sheet and it was pulled into the vault 2026-10-04: Chris 4. Pixie left blank; he rated alone. Genre and Lane filled by SAGE 2026-10-04 from a TMDB fact (documentary).",PG-13,
Marcello Hernández: American Boy,2026,Comedy,4.3,,Household,Rated,Modern Comedy,Netflix,2026-10-04,,,,1599078,posters/1599078.jpg,64,"Filmed in Miami, Hernández's special features his comedic take on his first-generation American upbringing before a local audience.","From the Netflix viewing history on Chris’s own profile, exported 2026-10-04. Last watched 1/8/26. Netflix listed it as ""Marcello Hernández: American Boy""; TMDB confirms it as a film, which is the only reason it is here. No rating given; blank beats invented. Chris rated it in the Google Sheet and it was pulled into the vault 2026-10-04: Chris 4.3. Pixie left blank; he rated alone. Genre and Lane filled by SAGE 2026-10-04 by rule of thumb (post-2000 comedy), not Chris’s own call. Worth a glance.",,
Cheaper by the Dozen 2,2005,Action-comedy,3.5,,Household,Rated,Family Adventure,Disney Plus,2026-10-04,,,,9641,posters/9641.jpg,94,"The Baker family, while on vacation, find themselves in competition with a rival family of eight children.","From the Netflix viewing history on Chris’s own profile, exported 2026-10-04. Last watched 12/15/25. Netflix listed it as ""Cheaper by the Dozen 2""; TMDB confirms it as a film, which is the only reason it is here. No rating given; blank beats invented. Chris rated it in the Google Sheet and it was pulled into the vault 2026-10-04: Chris 3.5. Pixie left blank; he rated alone. Genre and Lane filled by SAGE 2026-10-04 by rule of thumb (family adventure), not Chris’s own call. Worth a glance.",PG,
Cheaper by the Dozen,2022,Comedy,3.6,,Household,Rated,Modern Comedy,,2026-10-04,,,,691683,posters/691683.jpg,107,"This remake of the beloved classic follows the raucous exploits of a blended family of 12, the Bakers, as they navigate a hectic home life while simultaneously managing their family business.","From the Netflix viewing history on Chris’s own profile, exported 2026-10-04. Last watched 12/14/25. Netflix listed it as ""Cheaper by the Dozen""; TMDB confirms it as a film, which is the only reason it is here. No rating given; blank beats invented. Chris rated it in the Google Sheet and it was pulled into the vault 2026-10-04: Chris 3.6. Pixie left blank; he rated alone. Genre and Lane filled by SAGE 2026-10-04 by rule of thumb (post-2000 comedy), not Chris’s own call. Worth a glance.",PG,
Antz,1998,Animated / family,3.7,,Household,Rated,Animated Family,"Rent: Apple TV Store, Google Play Movies",2026-10-04,,,,8916,posters/8916.jpg,83,"A neurotic worker ant in love with a rebellious princess rises to unlikely stardom when he switches places with a soldier. Signing up to march in a parade, he ends up under the command of a bloodthirsty general. But he's actually been enlisted to fight against a termite army.","From the Netflix viewing history on Chris’s own profile, exported 2026-10-04. Last watched 12/14/25. Netflix listed it as ""Antz""; TMDB confirms it as a film, which is the only reason it is here. No rating given; blank beats invented. Chris rated it in the Google Sheet and it was pulled into the vault 2026-10-04: Chris 3.7. Pixie left blank; he rated alone. Genre and Lane filled by SAGE 2026-10-04 from a strong pattern (director Tim Johnson).",PG,
In Your Dreams,2025,Animated / family,4.5,,Household,Rated,Animated Family,Netflix,2026-10-04,,,,1117857,posters/1117857.jpg,87,Stevie and her little brother Elliot journey into the wildly absurd landscape of their own dreams to ask the Sandman to grant them the perfect family.,"From the Netflix viewing history on Chris’s own profile, exported 2026-10-04. Last watched 12/13/25. Netflix listed it as ""In Your Dreams""; TMDB confirms it as a film, which is the only reason it is here. No rating given; blank beats invented. Chris rated it in the Google Sheet and it was pulled into the vault 2026-10-04: Chris 4.5. Pixie left blank; he rated alone. Genre and Lane filled by SAGE 2026-10-04 from a strong pattern (animation).",PG,
Daddy Day Care,2003,Comedy,3.7,,Household,Rated,Modern Comedy,Netflix,2026-10-04,,,,10708,posters/10708.jpg,92,"Two men get laid off and have to become stay-at-home dads when they can't find jobs, which inspires them to open their own day-care center.","From the Netflix viewing history on Chris’s own profile, exported 2026-10-04. Last watched 12/12/25. Netflix listed it as ""Daddy Day Care""; TMDB confirms it as a film, which is the only reason it is here. No rating given; blank beats invented. Chris rated it in the Google Sheet and it was pulled into the vault 2026-10-04: Chris 3.7. Pixie left blank; he rated alone. Genre and Lane filled by SAGE 2026-10-04 by rule of thumb (post-2000 comedy), not Chris’s own call. Worth a glance.",PG,
The Call of the Wild,2020,Adventure,4,,Household,Rated,Animated Family,Disney Plus,2026-10-04,,,,481848,posters/481848.jpg,100,"Buck is a big-hearted dog whose blissful domestic life is turned upside down when he is suddenly uprooted from his California home and transplanted to the exotic wilds of the Yukon during the Gold Rush of the 1890s. As the newest rookie on a mail delivery dog sled team—and later its leader—Buck experiences the adventure of a lifetime, ultimately finding his true place in the world and becoming his own master.","From the Netflix viewing history on Chris’s own profile, exported 2026-10-04. Last watched 12/2/25. Netflix listed it as ""The Call of the Wild""; TMDB confirms it as a film, which is the only reason it is here. No rating given; blank beats invented. Chris rated it in the Google Sheet and it was pulled into the vault 2026-10-04: Chris 4. Pixie left blank; he rated alone. Genre and Lane filled by SAGE 2026-10-04 from a strong pattern (director Chris Sanders).",PG,
The Birdcage,1996,Rom-com,4.6,,Household,Rated,Modern Rom-com,"Rent: Apple TV Store, Google Play Movies",2026-10-04,,,,11000,posters/11000.jpg,119,A gay cabaret owner and his drag queen partner agree to put up a false heterosexual front so that their son can introduce them to his fiancée's conservative parents.,"From the Netflix viewing history on Chris’s own profile, exported 2026-10-04. Last watched 12/1/25. Netflix listed it as ""The Birdcage""; TMDB confirms it as a film, which is the only reason it is here. No rating given; blank beats invented. Chris rated it in the Google Sheet and it was pulled into the vault 2026-10-04: Chris 4.6. Pixie left blank; he rated alone. Genre and Lane filled by SAGE 2026-10-04 by rule of thumb (rom-com era), not Chris’s own call. Worth a glance.",R,
ONE SHOT with Ed Sheeran,2025,Drama,4,,Household,Rated,Music & Musicals,Netflix,2026-10-04,,,,1559572,posters/1559572.jpg,61,"One singer. One city. One shot. Ed Sheeran rocks the streets of New York with his greatest hits in this groundbreaking, real-time music experience.","From the Netflix viewing history on Chris’s own profile, exported 2026-10-04. Last watched 11/24/25. Netflix listed it as ""ONE SHOT with Ed Sheeran""; TMDB confirms it as a film, which is the only reason it is here. No rating given; blank beats invented. Chris rated it in the Google Sheet and it was pulled into the vault 2026-10-04: Chris 4. Pixie left blank; he rated alone. Genre and Lane filled by SAGE 2026-10-04 by rule of thumb (music), not Chris’s own call. Worth a glance.",PG,
Champagne Problems,2025,Rom-com,3.9,,Household,Rated,Christmas,Netflix,2026-10-04,,,,1323475,posters/1323475.jpg,99,A driven American exec heads to Paris determined to acquire a champagne brand by Christmas — and accidentally falls for the heir to the bubbly empire.,"From the Netflix viewing history on Chris’s own profile, exported 2026-10-04. Last watched 11/21/25. Netflix listed it as ""Champagne Problems""; TMDB confirms it as a film, which is the only reason it is here. No rating given; blank beats invented. Chris rated it in the Google Sheet and it was pulled into the vault 2026-10-04: Chris 3.9. Pixie left blank; he rated alone. Genre and Lane filled by SAGE 2026-10-04 from a strong pattern (christmas).",PG-13,
Christmas Under the Northern Lights,2024,Rom-com,3.7,,Household,Rated,Christmas,Netflix,2026-10-04,,,,1341123,posters/1341123.jpg,89,"Erin joins her dad Doug for a Christmas in the family’s former hometown of Aurora on a mission that is part business – selling the family home – and major bucket list item for Erin to see the Aurora Borealis light up the Northern sky. Realtor Lori and family friend and local tour guide Trevor create a Christmas inspired at every turn by faith, love, and hope, so much so that Christmas bells hung over decades in a forest grove ring an unbroken song, a harbinger of miracles to come.","From the Netflix viewing history on Chris’s own profile, exported 2026-10-04. Last watched 11/17/25. Netflix listed it as ""Christmas Under the Northern Lights""; TMDB confirms it as a film, which is the only reason it is here. No rating given; blank beats invented. Chris rated it in the Google Sheet and it was pulled into the vault 2026-10-04: Chris 3.7. Pixie left blank; he rated alone. Genre and Lane filled by SAGE 2026-10-04 from a strong pattern (christmas).",,
Forgetting Sarah Marshall,2008,Rom-com,4.5,,Household,Rated,Modern Rom-com,HBO Max,2026-10-04,,,,9870,posters/9870.jpg,111,"When actress Sarah Marshall dumps aspiring musician Peter Bretter for rock star Aldous Snow, Peter's world comes crashing down. His best friend Brian suggests that Peter should get away from everything and to fly off to Hawaii to escape all his problems. After arriving in Hawaii and meeting the beautiful receptionist Rachel Jansen, Peter is shocked to see not only Aldous in Hawaii, but also Sarah.","From the Netflix viewing history on Chris’s own profile, exported 2026-10-04. Last watched 11/15/25. Netflix listed it as ""Forgetting Sarah Marshall""; TMDB confirms it as a film, which is the only reason it is here. No rating given; blank beats invented. Chris rated it in the Google Sheet and it was pulled into the vault 2026-10-04: Chris 4.5. Pixie left blank; he rated alone. Genre and Lane filled by SAGE 2026-10-04 by rule of thumb (rom-com era), not Chris’s own call. Worth a glance.",R,
Being Eddie,2025,Drama,4.3,,Household,Rated,Documentary,Netflix,2026-10-04,,,,1426518,posters/1426518.jpg,103,"From teen comedian to Hollywood legend, Eddie Murphy revisits his extraordinary showbiz ride with raw honesty and humor.","From the Netflix viewing history on Chris’s own profile, exported 2026-10-04. Last watched 11/14/25. Netflix listed it as ""Being Eddie""; TMDB confirms it as a film, which is the only reason it is here. No rating given; blank beats invented. Chris rated it in the Google Sheet and it was pulled into the vault 2026-10-04: Chris 4.3. Pixie left blank; he rated alone. Genre and Lane filled by SAGE 2026-10-04 from a TMDB fact (documentary).",R,
Mango,2025,Romance,,,Household,"Seen, unrated",Unsorted,Netflix,2026-10-04,,,,1426792,posters/1426792.jpg,96,"An ambitious hotelier and her reluctant daughter take a trip to Málaga, where they find what they've been craving in a farmer's idyllic mango orchard.","From the Netflix viewing history on Chris’s own profile, exported 2026-10-04. Last watched 11/13/25. Netflix listed it as ""Mango""; TMDB confirms it as a film, which is the only reason it is here. No rating given; blank beats invented.",,
All the Bright Places,2020,Romance,3.9,,Household,Rated,Prestige,Netflix,2026-10-04,,,,342470,posters/342470.jpg,108,Two teens facing personal struggles form a powerful bond as they embark on a cathartic journey chronicling the wonders of Indiana.,"From the Netflix viewing history on Chris’s own profile, exported 2026-10-04. Last watched 11/11/25. Netflix listed it as ""All The Bright Places""; TMDB confirms it as a film, which is the only reason it is here. No rating given; blank beats invented. Chris rated it in the Google Sheet and it was pulled into the vault 2026-10-04: Chris 3.9. Pixie left blank; he rated alone. Genre and Lane filled by SAGE 2026-10-04 by rule of thumb (acclaimed drama), not Chris’s own call. Worth a glance.",R,
Anna Nicole Smith: You Don't Know Me,2023,Drama,,,Household,"Seen, unrated",Documentary,Netflix,2026-10-04,,,,1114590,posters/1114590.jpg,116,"From the heights of her modeling fame to her tragic death, this documentary reveals Anna Nicole Smith through the eyes of the people closest to her.","From the Netflix viewing history on Chris’s own profile, exported 2026-10-04. Last watched 10/13/25. Netflix listed it as ""Anna Nicole Smith: You Don't Know Me""; TMDB confirms it as a film, which is the only reason it is here. No rating given; blank beats invented. Genre and Lane filled by SAGE 2026-10-04 from a TMDB fact (documentary).",R,
Canelo Álvarez vs. Terence Crawford,2025,Action,,,Household,"Seen, unrated",Action,Netflix,2026-10-04,,,,1495882,posters/1495882.jpg,314,Canelo Álvarez and Terence Crawford clash in a mega-fight for boxing's unified super middleweight crown live from Allegiant Stadium in Las Vegas.,"From the Netflix viewing history on Chris’s own profile, exported 2026-10-04. Last watched 9/14/25. Netflix listed it as ""Canelo Álvarez vs. Terence Crawford""; TMDB confirms it as a film, which is the only reason it is here. No rating given; blank beats invented. Genre and Lane filled by SAGE 2026-10-04 by rule of thumb (action), not Chris’s own call. Worth a glance.",,
Uncharted,2022,Action,4.1,,Household,Rated,Blockbuster,Universal+ Amazon Channel,2026-10-04,,,,335787,posters/335787.jpg,116,"A young street-smart, Nathan Drake and his wisecracking partner Victor “Sully” Sullivan embark on a dangerous pursuit of “the greatest treasure never found” while also tracking clues that may lead to Nathan’s long-lost brother.","From the Netflix viewing history on Chris’s own profile, exported 2026-10-04. Last watched 9/7/25. Netflix listed it as ""Uncharted""; TMDB confirms it as a film, which is the only reason it is here. No rating given; blank beats invented. Chris rated it in the Google Sheet and it was pulled into the vault 2026-10-04: Chris 4.1. Pixie left blank; he rated alone. Genre and Lane filled by SAGE 2026-10-04 by rule of thumb (big-budget spectacle), not Chris’s own call. Worth a glance.",PG-13,
Kicking & Screaming,2005,Comedy,3.9,,Household,Rated,Frat Pack,"Rent: Apple TV Store, Google Play Movies",2026-10-04,,,,9981,posters/9981.jpg,95,"Phil Weston has been unathletic his entire life. In college he failed at every sport that he tried out for. It looks like his 10-year old son, Sam, is following in his footsteps. But when Phil's hyper-competitive dad benches Sam, Phil decides to transfer his son to a new team which needs a coach. Phil steps in to be the temporary coach and immediately begins to butt heads with his dad over this new competition in their lives.","From the Netflix viewing history on Chris’s own profile, exported 2026-10-04. Last watched 9/4/25. Netflix listed it as ""Kicking & Screaming""; TMDB confirms it as a film, which is the only reason it is here. No rating given; blank beats invented. Chris rated it in the Google Sheet and it was pulled into the vault 2026-10-04: Chris 3.9. Pixie left blank; he rated alone. Genre and Lane filled by SAGE 2026-10-04 from a strong pattern (Frat Pack cast).",PG,
Happy Gilmore,1996,Comedy,4.6,,Household,Rated,Kid Sport,"Rent: Apple TV Store, Google Play Movies",2026-10-04,,,,9614,posters/9614.jpg,92,"Failed hockey player-turned-golf whiz Happy Gilmore — whose unconventional approach and antics on the green courts the ire of rival Shooter McGavin — is determined to win a PGA tournament so he can save his granny's house with the prize money. Meanwhile, an attractive tour publicist tries to soften Happy's image.","From the Netflix viewing history on Chris’s own profile, exported 2026-10-04. Last watched 9/3/25. Netflix listed it as ""Happy Gilmore""; TMDB confirms it as a film, which is the only reason it is here. No rating given; blank beats invented. Chris rated it in the Google Sheet and it was pulled into the vault 2026-10-04: Chris 4.6. Pixie left blank; he rated alone. Genre and Lane filled by SAGE 2026-10-04 from a strong pattern (sport).",PG-13,
Blended,2014,Rom-com,4.1,,Household,Rated,Modern Rom-com,HBO Max,2026-10-04,,,,232672,posters/232672.jpg,117,"Recently divorced mom Lauren and widowed dad Jim let their friends push them into a blind date, which goes disastrously wrong. Unsurprisingly, neither wants to see the other ever again. However, fate intervenes when both Jim and Lauren, unbeknownst to each other, purchase one-half of the same vacation package at a South African resort for families, during spring break. They and their children are forced to share the same romantic suite and participate in a slew of family activities together.","From the Netflix viewing history on Chris’s own profile, exported 2026-10-04. Last watched 9/2/25. Netflix listed it as ""Blended""; TMDB confirms it as a film, which is the only reason it is here. No rating given; blank beats invented. Chris rated it in the Google Sheet and it was pulled into the vault 2026-10-04: Chris 4.1. Pixie left blank; he rated alone. Genre and Lane filled by SAGE 2026-10-04 by rule of thumb (rom-com era), not Chris’s own call. Worth a glance.",PG-13,
Mr. Deeds,2002,Rom-com,4.1,,Household,Rated,Modern Rom-com,HBO Max,2026-10-04,,,,2022,posters/2022.jpg,97,"When Longfellow Deeds, a small-town pizzeria owner and poet, inherits $40 billion from his deceased uncle, he quickly begins rolling in a different kind of dough. Moving to the big city, Deeds finds himself besieged by opportunists all gunning for their piece of the pie. Babe, a television tabloid reporter, poses as an innocent small-town girl to do an exposé on Deeds.","From the Netflix viewing history on Chris’s own profile, exported 2026-10-04. Last watched 9/1/25. Netflix listed it as ""Mr. Deeds""; TMDB confirms it as a film, which is the only reason it is here. No rating given; blank beats invented. Chris rated it in the Google Sheet and it was pulled into the vault 2026-10-04: Chris 4.1. Pixie left blank; he rated alone. Genre and Lane filled by SAGE 2026-10-04 by rule of thumb (rom-com era), not Chris’s own call. Worth a glance.",PG-13,
"Love, Guaranteed",2020,Rom-com,4,4,Date Night,Rated,Modern Rom-com,Netflix,2026-10-04,,,,644090,posters/644090.jpg,90,A lawyer takes on a new client that wants to sue a dating website because it guarantees love.,"From the Netflix viewing history on Chris’s own profile, exported 2026-10-04. Last watched 7/30/25. Netflix listed it as ""Love, Guaranteed""; TMDB confirms it as a film, which is the only reason it is here. No rating given; blank beats invented. Genre and Lane filled by SAGE 2026-10-04 by rule of thumb (rom-com era), not Chris’s own call. Worth a glance. Pulled from the Google Sheet 2026-10-04: Chris (blank) -> 4; Pixie (blank) -> 4; Context Household -> Date Night; Status Seen, unrated -> Rated.",PG,
Family Pack,2027,Comedy,,,Household,"Seen, unrated",Modern Comedy,,2026-10-04,,,,1555799,,,,"From the Netflix viewing history on Chris’s own profile, exported 2026-10-04. Last watched 7/30/25. Netflix listed it as ""Family Pack""; TMDB confirms it as a film, which is the only reason it is here. No rating given; blank beats invented. Genre and Lane filled by SAGE 2026-10-04 by rule of thumb (post-2000 comedy), not Chris’s own call. Worth a glance.",,
La Dolce Villa,2025,Rom-com,3.8,,Household,Rated,Modern Rom-com,Netflix,2026-10-04,,,,1252377,posters/1252377.jpg,99,"When his daughter decides to buy a crumbling Tuscan villa, Eric rushes to Italy to talk her out of it — and instead finds beauty, romance and new purpose.","From the Netflix viewing history on Chris’s own profile, exported 2026-10-04. Last watched 7/30/25. Netflix listed it as ""La Dolce Villa""; TMDB confirms it as a film, which is the only reason it is here. No rating given; blank beats invented. Chris rated it in the Google Sheet and it was pulled into the vault 2026-10-04: Chris 3.8. Pixie left blank; he rated alone. Genre and Lane filled by SAGE 2026-10-04 by rule of thumb (rom-com era), not Chris’s own call. Worth a glance.",PG,
Army of Thieves,2021,Action-comedy,,,Household,"Seen, unrated",Modern Comedy,Netflix,2026-10-04,,,,796499,posters/796499.jpg,128,A mysterious woman recruits bank teller Ludwig Dieter to lead a group of aspiring thieves on a top-secret heist during the early stages of the zombie apocalypse.,"From the Netflix viewing history on Chris’s own profile, exported 2026-10-04. Last watched 7/27/25. Netflix listed it as ""Army of Thieves""; TMDB confirms it as a film, which is the only reason it is here. No rating given; blank beats invented. Genre and Lane filled by SAGE 2026-10-04 by rule of thumb (post-2000 comedy), not Chris’s own call. Worth a glance.",R,
The Old Guard 2,2025,Action,3.7,,Household,Rated,Action,Netflix,2026-10-04,,,,846422,posters/846422.jpg,107,Andy and her team of immortal warriors fight with renewed purpose as they face a powerful new foe threatening their mission to protect humanity.,"From the Netflix viewing history on Chris’s own profile, exported 2026-10-04. Last watched 7/24/25. Netflix listed it as ""The Old Guard 2""; TMDB confirms it as a film, which is the only reason it is here. No rating given; blank beats invented. Chris rated it in the Google Sheet and it was pulled into the vault 2026-10-04: Chris 3.7. Pixie left blank; he rated alone. Genre and Lane filled by SAGE 2026-10-04 by rule of thumb (action), not Chris’s own call. Worth a glance.",R,
Kate & Leopold,2001,Rom-com,4.6,,Household,Rated,Time & Second Chances,Rent: Apple TV Store,2026-10-04,,,,11232,posters/11232.jpg,118,"When her scientist ex-boyfriend discovers a portal to travel through time -- and brings back a 19th-century nobleman named Leopold to prove it -- a skeptical Kate reluctantly takes responsibility for showing Leopold the 21st century. The more time Kate spends with Leopold, the harder she falls for him. But if he doesn't return to his own time, his absence will forever alter history.","From the Netflix viewing history on Chris’s own profile, exported 2026-10-04. Last watched 7/20/25. Netflix listed it as ""Kate & Leopold""; TMDB confirms it as a film, which is the only reason it is here. No rating given; blank beats invented. Chris rated it in the Google Sheet and it was pulled into the vault 2026-10-04: Chris 4.6. Pixie left blank; he rated alone. Genre and Lane filled by SAGE 2026-10-04 from a strong pattern (time travel).",PG-13,
Just Like Heaven,2005,Rom-com,4.3,,Household,Rated,Modern Rom-com,"Rent: Apple TV Store, Google Play Movies",2026-10-04,,,,9007,posters/9007.jpg,95,"Shortly after David Abbott moves into his new San Francisco digs, he has an unwelcome visitor on his hands: winsome Elizabeth Masterson, who asserts that the apartment is hers -- and promptly vanishes. When she starts appearing and disappearing at will, David thinks she's a ghost, while Elizabeth is convinced she's alive.","From the Netflix viewing history on Chris’s own profile, exported 2026-10-04. Last watched 7/17/25. Netflix listed it as ""Just Like Heaven""; TMDB confirms it as a film, which is the only reason it is here. No rating given; blank beats invented. Chris rated it in the Google Sheet and it was pulled into the vault 2026-10-04: Chris 4.3. Pixie left blank; he rated alone. Genre and Lane filled by SAGE 2026-10-04 by rule of thumb (rom-com era), not Chris’s own call. Worth a glance.",PG-13,
The Life List,2025,Rom-com,3.8,,Household,Rated,Modern Rom-com,Netflix,2026-10-04,,,,1254786,posters/1254786.jpg,123,"When her mother sends her on a quest to complete a teenage bucket list, a young woman uncovers family secrets, finds romance — and rediscovers herself.","From the Netflix viewing history on Chris’s own profile, exported 2026-10-04. Last watched 7/15/25. Netflix listed it as ""The Life List""; TMDB confirms it as a film, which is the only reason it is here. No rating given; blank beats invented. Chris rated it in the Google Sheet and it was pulled into the vault 2026-10-04: Chris 3.8. Pixie left blank; he rated alone. Genre and Lane filled by SAGE 2026-10-04 by rule of thumb (rom-com era), not Chris’s own call. Worth a glance.",PG-13,
I Used to Be Famous,2015,Drama,,,Household,"Seen, unrated",Unsorted,,2026-10-04,,,,713006,posters/713006.jpg,16,A culture clash between a washed-up pop star and a musically talented young man with autism. These opposite characters transform each other's worlds through the power of music.,"From the Netflix viewing history on Chris’s own profile, exported 2026-10-04. Last watched 7/14/25. Netflix listed it as ""I Used to Be Famous""; TMDB confirms it as a film, which is the only reason it is here. No rating given; blank beats invented.",,
Metal Lords,2022,Comedy,,,Household,"Seen, unrated",Music & Musicals,Netflix,2026-10-04,,,,739993,posters/739993.jpg,97,"For teenage misfits Hunter and Kevin, the path to glory is clear: Devote themselves to metal. Win Battle of the Bands. And be worshipped like gods.","From the Netflix viewing history on Chris’s own profile, exported 2026-10-04. Last watched 7/14/25. Netflix listed it as ""Metal Lords""; TMDB confirms it as a film, which is the only reason it is here. No rating given; blank beats invented. Genre and Lane filled by SAGE 2026-10-04 by rule of thumb (music), not Chris’s own call. Worth a glance.",R,
Kill Tony: Kill or Be Killed,2025,Comedy,,,Household,"Seen, unrated",Modern Comedy,Netflix,2026-10-04,,,,1453677,posters/1453677.jpg,132,"A bucket, a mic and one minute to win over Tony Hinchcliffe and a panel of famous guests. This is stand-up at its most unforgiving — and unpredictable.","From the Netflix viewing history on Chris’s own profile, exported 2026-10-04. Last watched 7/9/25. Netflix listed it as ""Kill Tony: Kill or Be Killed""; TMDB confirms it as a film, which is the only reason it is here. No rating given; blank beats invented. Genre and Lane filled by SAGE 2026-10-04 by rule of thumb (post-2000 comedy), not Chris’s own call. Worth a glance.",R,
Adam Sandler: Love You,2024,Comedy,3.8,,Household,Rated,Modern Comedy,Netflix,2026-10-04,,,,1244705,posters/1244705.jpg,74,"Adam Sandler hits the stage for a thrillingly unpredictable comedy special featuring songs, jokes, party-crashing dogs and plenty of love.","From the Netflix viewing history on Chris’s own profile, exported 2026-10-04. Last watched 7/9/25. Netflix listed it as ""Adam Sandler: Love You""; TMDB confirms it as a film, which is the only reason it is here. No rating given; blank beats invented. Chris rated it in the Google Sheet and it was pulled into the vault 2026-10-04: Chris 3.8. Pixie left blank; he rated alone. Genre and Lane filled by SAGE 2026-10-04 by rule of thumb (post-2000 comedy), not Chris’s own call. Worth a glance.",R,
Pete Holmes: I Am Not for Everyone,2023,Comedy,4.3,,Household,Rated,Modern Comedy,,2026-10-04,,,,1195480,posters/1195480.jpg,65,"Comedian Pete Holmes delivers a feel-good stand-up set on his awkward post-prostate exam hug, a devilish Midwest meeting and his mom's voicemail glitches.","From the Netflix viewing history on Chris’s own profile, exported 2026-10-04. Last watched 7/9/25. Netflix listed it as ""Pete Holmes: I Am Not for Everyone""; TMDB confirms it as a film, which is the only reason it is here. No rating given; blank beats invented. Chris rated it in the Google Sheet and it was pulled into the vault 2026-10-04: Chris 4.3. Pixie left blank; he rated alone. Genre and Lane filled by SAGE 2026-10-04 by rule of thumb (post-2000 comedy), not Chris’s own call. Worth a glance.",,
The Intern,2015,Comedy,3.9,,Household,Rated,Modern Comedy,HBO Max,2026-10-04,,,,257211,posters/257211.jpg,121,"70-year-old widower Ben Whittaker has discovered that retirement isn't all it's cracked up to be. Seizing an opportunity to get back in the game, he becomes a senior intern at an online fashion site, founded and run by Jules Ostin.","From the Netflix viewing history on Chris’s own profile, exported 2026-10-04. Last watched 7/6/25. Netflix listed it as ""The Intern""; TMDB confirms it as a film, which is the only reason it is here. No rating given; blank beats invented. Chris rated it in the Google Sheet and it was pulled into the vault 2026-10-04: Chris 3.9. Pixie left blank; he rated alone. Genre and Lane filled by SAGE 2026-10-04 by rule of thumb (post-2000 comedy), not Chris’s own call. Worth a glance.",PG-13,
Blades of Glory,2007,Comedy,4.5,,Household,Rated,Frat Pack,"Rent: Apple TV Store, Google Play Movies",2026-10-04,,,,9955,posters/9955.jpg,93,"When a much-publicized ice-skating scandal strips them of their gold medals, two world-class athletes skirt their way back onto the ice via a loophole that allows them to compete together as a pairs team.","From the Netflix viewing history on Chris’s own profile, exported 2026-10-04. Last watched 7/6/25. Netflix listed it as ""Blades of Glory""; TMDB confirms it as a film, which is the only reason it is here. No rating given; blank beats invented. Chris rated it in the Google Sheet and it was pulled into the vault 2026-10-04: Chris 4.5. Pixie left blank; he rated alone. Genre and Lane filled by SAGE 2026-10-04 from a strong pattern (Frat Pack cast).",PG-13,
Now You See Me 2,2016,Drama,4.1,,Household,Rated,Blockbuster,Universal+ Amazon Channel,2026-10-04,,,,291805,posters/291805.jpg,129,"One year after outwitting the FBI and winning the public’s adulation with their mind-bending spectacles, the Four Horsemen resurface only to find themselves face to face with a new enemy who enlists them to pull off their most dangerous heist yet.","From the Netflix viewing history on Chris’s own profile, exported 2026-10-04. Last watched 6/30/25. Netflix listed it as ""Now You See Me 2""; TMDB confirms it as a film, which is the only reason it is here. No rating given; blank beats invented. Chris rated it in the Google Sheet and it was pulled into the vault 2026-10-04: Chris 4.1. Pixie left blank; he rated alone. Genre and Lane filled by SAGE 2026-10-04 by rule of thumb (big-budget spectacle), not Chris’s own call. Worth a glance.",PG-13,
Assassin's Creed,2016,Sci-fi,3.7,,Household,Rated,Sci-fi Canon,"Disney Plus, Paramount Plus, Universal+ Amazon Channel",2026-10-04,,,,121856,posters/121856.jpg,116,"Through a technology that unlocks the genetic memories of his ancestor in 15th century Spain, Callum Lynch discovers he is a descendant of an ancient line of Assassins and amasses lethal skills to take on the oppressive Templar Order.","From the Netflix viewing history on Chris’s own profile, exported 2026-10-04. Last watched 6/29/25. Netflix listed it as ""Assassin's Creed""; TMDB confirms it as a film, which is the only reason it is here. No rating given; blank beats invented. Chris rated it in the Google Sheet and it was pulled into the vault 2026-10-04: Chris 3.7. Pixie left blank; he rated alone. Genre and Lane filled by SAGE 2026-10-04 by rule of thumb (sci-fi), not Chris’s own call. Worth a glance.",PG-13,
Alpha,2026,Action,3,,Household,Rated,Action,Netflix,2026-10-04,,,,1122030,posters/1122030.jpg,141,"When Sita, a highly trained assassin raised in isolation as a super-soldier by a rogue commander, discovers the dark truth about her family and her stolen childhood, she teams up with her long lost sister to take down her creator and his illicit military program.","From the Netflix viewing history on Chris’s own profile, exported 2026-10-04. Last watched 6/29/25. Netflix listed it as ""Alpha""; TMDB confirms it as a film, which is the only reason it is here. No rating given; blank beats invented. Chris rated it in the Google Sheet and it was pulled into the vault 2026-10-04: Chris 3. Pixie left blank; he rated alone. Genre and Lane filled by SAGE 2026-10-04 by rule of thumb (action), not Chris’s own call. Worth a glance.",NR,
Now You See Me,2013,Drama,4.3,,Household,Rated,Blockbuster,Universal+ Amazon Channel,2026-10-04,,,,75656,posters/75656.jpg,116,An FBI agent and an Interpol detective track a team of illusionists who pull off bank heists during their performances and reward their audiences with the money.,"From the Netflix viewing history on Chris’s own profile, exported 2026-10-04. Last watched 6/27/25. Netflix listed it as ""Now You See Me""; TMDB confirms it as a film, which is the only reason it is here. No rating given; blank beats invented. Chris rated it in the Google Sheet and it was pulled into the vault 2026-10-04: Chris 4.3. Pixie left blank; he rated alone. Genre and Lane filled by SAGE 2026-10-04 by rule of thumb (big-budget spectacle), not Chris’s own call. Worth a glance.",PG-13,
Good Sam,2019,Rom-com,3.4,,Household,Rated,Modern Rom-com,Netflix,2026-10-04,,,,602609,posters/602609.jpg,90,A news reporter looks into who has been anonymously leaving large cash gifts on random doorsteps in New York.,"From the Netflix viewing history on Chris’s own profile, exported 2026-10-04. Last watched 6/27/25. Netflix listed it as ""Good Sam""; TMDB confirms it as a film, which is the only reason it is here. No rating given; blank beats invented. Chris rated it in the Google Sheet and it was pulled into the vault 2026-10-04: Chris 3.4. Pixie left blank; he rated alone. Genre and Lane filled by SAGE 2026-10-04 by rule of thumb (rom-com era), not Chris’s own call. Worth a glance.",PG,
A King Like Me,2024,Drama,,,Household,"Seen, unrated",Documentary,Netflix,2026-10-04,,,,1193865,posters/1193865.jpg,90,"Follows members of the Zulu Club, New Orleans’ first Black Mardi Gras, as they work to bring the Zulu parade back to the streets for Mardi Gras Day 2022, in the face of a global pandemic, hurricane Ida and the loss of members due to COVID and gun violence.","From the Netflix viewing history on Chris’s own profile, exported 2026-10-04. Last watched 6/24/25. Netflix listed it as ""A King Like Me""; TMDB confirms it as a film, which is the only reason it is here. No rating given; blank beats invented. Genre and Lane filled by SAGE 2026-10-04 from a TMDB fact (documentary).",,
The Speed Cubers,2020,Drama,,,Household,"Seen, unrated",Documentary,Netflix,2026-10-04,,,,720748,posters/720748.jpg,40,This documentary captures the extraordinary twists and turns in the journeys of Rubik's Cube-solving champions Max Park and Feliks Zemdegs.,"From the Netflix viewing history on Chris’s own profile, exported 2026-10-04. Last watched 6/23/25. Netflix listed it as ""The Speed Cubers""; TMDB confirms it as a film, which is the only reason it is here. No rating given; blank beats invented. Genre and Lane filled by SAGE 2026-10-04 from a TMDB fact (documentary).",,
He's All That,2021,Rom-com,3.6,,Household,Rated,Modern Rom-com,Netflix,2026-10-04,,,,347626,posters/347626.jpg,91,"To get revenge on her ex-boyfriend, an influencer attempts to transform an unpopular classmate into prom king.","From the Netflix viewing history on Chris’s own profile, exported 2026-10-04. Last watched 6/22/25. Netflix listed it as ""He's All That""; TMDB confirms it as a film, which is the only reason it is here. No rating given; blank beats invented. Chris rated it in the Google Sheet and it was pulled into the vault 2026-10-04: Chris 3.6. Pixie left blank; he rated alone. Genre and Lane filled by SAGE 2026-10-04 by rule of thumb (rom-com era), not Chris’s own call. Worth a glance.",,
Home Team,2022,Comedy,3.6,,Household,Rated,Kid Sport,Netflix,2026-10-04,,,,817648,posters/817648.jpg,95,"Two years after a Super Bowl win when NFL head coach Sean Payton is suspended, he goes back to his hometown and finds himself reconnecting with his 12-year-old son by coaching his Pop Warner football team.","From the Netflix viewing history on Chris’s own profile, exported 2026-10-04. Last watched 6/8/25. Netflix listed it as ""Home Team""; TMDB confirms it as a film, which is the only reason it is here. No rating given; blank beats invented. Chris rated it in the Google Sheet and it was pulled into the vault 2026-10-04: Chris 3.6. Pixie left blank; he rated alone. Genre and Lane filled by SAGE 2026-10-04 from a strong pattern (sport).",PG,
Holiday in the Wild,2019,Rom-com,3.5,,Household,Rated,Christmas,Netflix,2026-10-04,,,,531438,posters/531438.jpg,85,"When her husband abruptly ends their marriage, empty nester Kate embarks on a solo second honeymoon in Africa, finding purpose and potential romance.","From the Netflix viewing history on Chris’s own profile, exported 2026-10-04. Last watched 6/8/25. Netflix listed it as ""Holiday in the Wild""; TMDB confirms it as a film, which is the only reason it is here. No rating given; blank beats invented. Chris rated it in the Google Sheet and it was pulled into the vault 2026-10-04: Chris 3.5. Pixie left blank; he rated alone. Genre and Lane filled by SAGE 2026-10-04 from a strong pattern (christmas).",,
The Laundromat,2019,Action-comedy,,,Household,"Seen, unrated",Modern Comedy,Netflix,2026-10-04,,,,517909,posters/517909.jpg,96,"When a widow gets swindled out of insurance money, her search for answers leads to two cunning lawyers in Panama who hide cash for the superrich.","From the Netflix viewing history on Chris’s own profile, exported 2026-10-04. Last watched 6/8/25. Netflix listed it as ""The Laundromat""; TMDB confirms it as a film, which is the only reason it is here. No rating given; blank beats invented. Genre and Lane filled by SAGE 2026-10-04 by rule of thumb (post-2000 comedy), not Chris’s own call. Worth a glance.",R,
Sarah Silverman: PostMortem,2025,Comedy,3.9,,Household,Rated,Modern Comedy,Netflix,2026-10-04,,,,1462313,posters/1462313.jpg,63,"After losing her parents, Sarah Silverman finds laughter and solace in celebrating their lives, from deathbed binge-watching to an ill-timed fart.","From the Netflix viewing history on Chris’s own profile, exported 2026-10-04. Last watched 5/29/25. Netflix listed it as ""Sarah Silverman: PostMortem""; TMDB confirms it as a film, which is the only reason it is here. No rating given; blank beats invented. Chris rated it in the Google Sheet and it was pulled into the vault 2026-10-04: Chris 3.9. Pixie left blank; he rated alone. Genre and Lane filled by SAGE 2026-10-04 by rule of thumb (post-2000 comedy), not Chris’s own call. Worth a glance.",R,
She Said,2022,Drama,,,Household,"Seen, unrated",Period,HBO Max,2026-10-04,,,,837881,posters/837881.jpg,129,New York Times reporters Megan Twohey and Jodi Kantor break one of the most important stories in a generation — a story that helped launch the #MeToo movement and shattered decades of silence around the subject of sexual assault in Hollywood.,"From the Netflix viewing history on Chris’s own profile, exported 2026-10-04. Last watched 5/22/25. Netflix listed it as ""She Said""; TMDB confirms it as a film, which is the only reason it is here. No rating given; blank beats invented. Genre and Lane filled by SAGE 2026-10-04 by rule of thumb (history), not Chris’s own call. Worth a glance.",R,
Unfrosted,2024,Comedy,,,Household,"Seen, unrated",Modern Comedy,Netflix,2026-10-04,,,,844185,posters/844185.jpg,97,"In a time when breakfast is ruled by milk and cereal, a fierce corporate battle begins over a revolutionary new pastry.","From the Netflix viewing history on Chris’s own profile, exported 2026-10-04. Last watched 5/21/25. Netflix listed it as ""Unfrosted""; TMDB confirms it as a film, which is the only reason it is here. No rating given; blank beats invented. Genre and Lane filled by SAGE 2026-10-04 by rule of thumb (post-2000 comedy), not Chris’s own call. Worth a glance.",PG-13,
Kinda Pregnant,2025,Rom-com,3.8,,Household,Rated,Modern Rom-com,Netflix,2026-10-04,,,,1212142,posters/1212142.jpg,98,"When Lainy's plan to settle down and start a family falls apart, she puts on a fake baby bump, tells a lie — and accidentally falls for her dream guy.","From the Netflix viewing history on Chris’s own profile, exported 2026-10-04. Last watched 5/19/25. Netflix listed it as ""Kinda Pregnant""; TMDB confirms it as a film, which is the only reason it is here. No rating given; blank beats invented. Chris rated it in the Google Sheet and it was pulled into the vault 2026-10-04: Chris 3.8. Pixie left blank; he rated alone. Genre and Lane filled by SAGE 2026-10-04 by rule of thumb (rom-com era), not Chris’s own call. Worth a glance.",R,
Persuasion,1995,Romance,,,Household,"Seen, unrated",Unsorted,,2026-10-04,,,,17015,posters/17015.jpg,107,"In early 19th-century England, dire financial straits reacquaint the aristocratic Anne Elliot with her wealthy ex-fiance Frederick Wentworth. The two must choose between either putting the past behind them or listening to their hearts.","From the Netflix viewing history on Chris’s own profile, exported 2026-10-04. Last watched 5/19/25. Netflix listed it as ""Persuasion""; TMDB confirms it as a film, which is the only reason it is here. No rating given; blank beats invented.",PG,
Nonnas,2025,Comedy,3.9,,Household,Rated,Frat Pack,Netflix,2026-10-04,,,,1151039,posters/1151039.jpg,112,"After losing his beloved mother, a man risks everything to honor her by opening an Italian restaurant with actual nonnas — grandmothers — as the chefs.","From the Netflix viewing history on Chris’s own profile, exported 2026-10-04. Last watched 5/12/25. Netflix listed it as ""Nonnas""; TMDB confirms it as a film, which is the only reason it is here. No rating given; blank beats invented. Chris rated it in the Google Sheet and it was pulled into the vault 2026-10-04: Chris 3.9. Pixie left blank; he rated alone. Genre and Lane filled by SAGE 2026-10-04 from a strong pattern (Frat Pack cast).",PG,
Knight and Day,2010,Action-comedy,4.1,,Household,Rated,Modern Comedy,"Disney Plus, Universal+ Amazon Channel",2026-10-04,,,,37834,posters/37834.jpg,109,"A fugitive couple goes on a glamorous and sometimes deadly adventure where nothing and no one – even themselves – are what they seem. Amid shifting alliances and unexpected betrayals, they race across the globe, with their survival ultimately hinging on the battle of truth vs. trust.","From the Netflix viewing history on Chris’s own profile, exported 2026-10-04. Last watched 5/11/25. Netflix listed it as ""Knight and Day""; TMDB confirms it as a film, which is the only reason it is here. No rating given; blank beats invented. Chris rated it in the Google Sheet and it was pulled into the vault 2026-10-04: Chris 4.1. Pixie left blank; he rated alone. Genre and Lane filled by SAGE 2026-10-04 by rule of thumb (post-2000 comedy), not Chris’s own call. Worth a glance.",PG-13,
Burlesque,2010,Romance,3.3,,Household,Rated,Unsorted,HBO Max,2026-10-04,,,,42297,posters/42297.jpg,119,"Ali leaves behind a troubled life and follows her dreams to Los Angeles, where she lands a job as a cocktail waitress at the Burlesque Lounge, a once-majestic theater that houses an inspired musical revue. Vowing to perform there, she makes the leap from bar to stage, helping restore the club's former glory.","From the Netflix viewing history on Chris’s own profile, exported 2026-10-04. Last watched 5/10/25. Netflix listed it as ""Burlesque""; TMDB confirms it as a film, which is the only reason it is here. No rating given; blank beats invented. Chris rated it in the Google Sheet and it was pulled into the vault 2026-10-04: Chris 3.3. Pixie left blank; he rated alone.",PG-13,
Avicii - My Last Show,2024,Drama,,,Household,"Seen, unrated",Documentary,Netflix,2026-10-04,,,,1397314,posters/1397314.jpg,28,"On Aug. 28, 2016, Tim Bergling, better known as Avicii, graced the stage of the Ushuaïa nightclub in Ibiza for what would be his final performance.","From the Netflix viewing history on Chris’s own profile, exported 2026-10-04. Last watched 5/10/25. Netflix listed it as ""Avicii - My Last Show""; TMDB confirms it as a film, which is the only reason it is here. No rating given; blank beats invented. Genre and Lane filled by SAGE 2026-10-04 from a TMDB fact (documentary).",PG-13,
Late Night,2019,Comedy,3.9,,Household,Rated,Modern Comedy,"Rent: Apple TV Store, Google Play Movies",2026-10-04,,,,523172,posters/523172.jpg,102,"A legendary late-night talk show host's world is turned upside down when she hires her only female staff writer. Originally intended to smooth over diversity concerns, her decision has unexpectedly hilarious consequences as the two women separated by culture and generation are united by their love of a biting punchline.","From the Netflix viewing history on Chris’s own profile, exported 2026-10-04. Last watched 5/3/25. Netflix listed it as ""Late Night""; TMDB confirms it as a film, which is the only reason it is here. No rating given; blank beats invented. Chris rated it in the Google Sheet and it was pulled into the vault 2026-10-04: Chris 3.9. Pixie left blank; he rated alone. Genre and Lane filled by SAGE 2026-10-04 by rule of thumb (post-2000 comedy), not Chris’s own call. Worth a glance.",R,
Mrs. Harris Goes to Paris,2022,Comedy,,,Household,"Seen, unrated",Modern Comedy,"Rent: Apple TV Store, Google Play Movies",2026-10-04,,,,754609,posters/754609.jpg,116,A 1950s London cleaning lady falls in love with an haute couture dress by Christian Dior and decides to gamble everything for the sake of this folly.,"From the Netflix viewing history on Chris’s own profile, exported 2026-10-04. Last watched 4/16/25. Netflix listed it as ""Mrs. Harris Goes to Paris""; TMDB confirms it as a film, which is the only reason it is here. No rating given; blank beats invented. Genre and Lane filled by SAGE 2026-10-04 by rule of thumb (post-2000 comedy), not Chris’s own call. Worth a glance.",PG,
Mixtape,2021,Comedy,,,Household,"Seen, unrated",Modern Comedy,Netflix,2026-10-04,,,,32471,posters/32471.jpg,94,"On the eve of Y2K, orphaned 12-year-old Beverly discovers a broken mixtape crafted by her teen parents. Raised by her grandmother – who struggles talking about her late daughter – Beverly sees the mixtape as a chance to finally learn more about her parents.","From the Netflix viewing history on Chris’s own profile, exported 2026-10-04. Last watched 4/16/25. Netflix listed it as ""Mixtape""; TMDB confirms it as a film, which is the only reason it is here. No rating given; blank beats invented. Genre and Lane filled by SAGE 2026-10-04 by rule of thumb (post-2000 comedy), not Chris’s own call. Worth a glance.",,
Canvas,2010,Drama,,,Household,"Seen, unrated",Unsorted,,2026-10-04,,,,477492,posters/477492.jpg,95,"Manaf Hussain, a painter and dramatist, decides to direct a play based on the love life of Yayathi, the celebrated king of the lunar dynasty.","From the Netflix viewing history on Chris’s own profile, exported 2026-10-04. Last watched 4/16/25. Netflix listed it as ""Canvas""; TMDB confirms it as a film, which is the only reason it is here. No rating given; blank beats invented.",,
Next Gen,2018,Animated / family,3.8,,Household,Rated,Animated Family,Netflix,2026-10-04,,,,523777,posters/523777.jpg,105,"A friendship with a top-secret robot turns a lonely girl's life into a thrilling adventure as they take on bullies, evil bots and a scheming madman.","From the Netflix viewing history on Chris’s own profile, exported 2026-10-04. Last watched 4/3/25. Netflix listed it as ""Next Gen""; TMDB confirms it as a film, which is the only reason it is here. No rating given; blank beats invented. Chris rated it in the Google Sheet and it was pulled into the vault 2026-10-04: Chris 3.8. Pixie left blank; he rated alone. Genre and Lane filled by SAGE 2026-10-04 from a strong pattern (animation).",PG,
Andrew Schulz: LIFE,2025,Comedy,4,,Household,Rated,Modern Comedy,Netflix,2026-10-04,,,,1435760,posters/1435760.jpg,60,"In this razor-sharp yet heartfelt special, Andrew Schulz unpacks the wildest moment of his life — becoming a father.","From the Netflix viewing history on Chris’s own profile, exported 2026-10-04. Last watched 3/23/25. Netflix listed it as ""Andrew Schulz: LIFE""; TMDB confirms it as a film, which is the only reason it is here. No rating given; blank beats invented. Chris rated it in the Google Sheet and it was pulled into the vault 2026-10-04: Chris 4. Pixie left blank; he rated alone. Genre and Lane filled by SAGE 2026-10-04 by rule of thumb (post-2000 comedy), not Chris’s own call. Worth a glance.",R,
The Electric State,2025,Sci-fi,4.1,,Household,Rated,Sci-fi Canon,Netflix,2026-10-04,,,,777443,posters/777443.jpg,125,"An orphaned teen hits the road with a mysterious robot to find her long-lost brother, teaming up with a smuggler and his wisecracking sidekick.","From the Netflix viewing history on Chris’s own profile, exported 2026-10-04. Last watched 3/22/25. Netflix listed it as ""The Electric State""; TMDB confirms it as a film, which is the only reason it is here. No rating given; blank beats invented. Chris rated it in the Google Sheet and it was pulled into the vault 2026-10-04: Chris 4.1. Pixie left blank; he rated alone. Genre and Lane filled by SAGE 2026-10-04 by rule of thumb (sci-fi), not Chris’s own call. Worth a glance.",PG-13,
The Do-Over,2016,Action-comedy,3.1,,Household,Rated,Modern Comedy,Netflix,2026-10-04,,,,389053,posters/389053.jpg,108,The life of a bank manager is turned upside down when a friend from his past manipulates him into faking his own death and taking off on an adventure.,"From the Netflix viewing history on Chris’s own profile, exported 2026-10-04. Last watched 2/17/25. Netflix listed it as ""The Do-Over""; TMDB confirms it as a film, which is the only reason it is here. No rating given; blank beats invented. Chris rated it in the Google Sheet and it was pulled into the vault 2026-10-04: Chris 3.1. Pixie left blank; he rated alone. Genre and Lane filled by SAGE 2026-10-04 by rule of thumb (post-2000 comedy), not Chris’s own call. Worth a glance.",R,
The Final: Attack on Wembley,2024,Drama,,,Household,"Seen, unrated",Documentary,Netflix,2026-10-04,,,,1263766,posters/1263766.jpg,82,"As England reach the final of the Euros at last, 6,000 ticketless football fans storm Wembley stadium, leaving destruction in their wake.","From the Netflix viewing history on Chris’s own profile, exported 2026-10-04. Last watched 2/15/25. Netflix listed it as ""The Final: Attack on Wembley""; TMDB confirms it as a film, which is the only reason it is here. No rating given; blank beats invented. Genre and Lane filled by SAGE 2026-10-04 from a TMDB fact (documentary).",R,
The Fast and the Furious,2001,Action,4,,Household,Rated,Action,"Netflix, Amazon Prime Video, HBO Max, Universal+ Amazon Channel",2026-10-04,,,,9799,posters/9799.jpg,106,"Dominic Toretto is a Los Angeles street racer suspected of masterminding a series of big-rig hijackings. When undercover cop Brian O'Conner infiltrates Toretto's iconoclastic crew, he falls for Toretto's sister and must choose a side: the gang or the LAPD.","From the Netflix viewing history on Chris’s own profile, exported 2026-10-04. Last watched 2/15/25. Netflix listed it as ""The Fast and the Furious""; TMDB confirms it as a film, which is the only reason it is here. No rating given; blank beats invented. Chris rated it in the Google Sheet and it was pulled into the vault 2026-10-04: Chris 4. Pixie left blank; he rated alone. Genre and Lane filled by SAGE 2026-10-04 by rule of thumb (action), not Chris’s own call. Worth a glance.",PG-13,
Back in Action,2025,Action-comedy,3.7,,Household,Rated,Modern Comedy,Netflix,2026-10-04,,,,993710,posters/993710.jpg,114,"Fifteen years after vanishing from the CIA to start a family, elite spies Matt and Emily jump back into the world of espionage when their cover is blown.","From the Netflix viewing history on Chris’s own profile, exported 2026-10-04. Last watched 2/2/25. Netflix listed it as ""Back in Action""; TMDB confirms it as a film, which is the only reason it is here. No rating given; blank beats invented. Chris rated it in the Google Sheet and it was pulled into the vault 2026-10-04: Chris 3.7. Pixie left blank; he rated alone. Genre and Lane filled by SAGE 2026-10-04 by rule of thumb (post-2000 comedy), not Chris’s own call. Worth a glance.",PG-13,
NYAD,2023,Drama,4.2,,Household,Rated,Period,Netflix,2026-10-04,,,,895549,posters/895549.jpg,120,Athlete Diana Nyad sets out at 60 to achieve a nearly impossible lifelong dream: to swim from Cuba to Florida across more than 100 miles of open ocean.,"From the Netflix viewing history on Chris’s own profile, exported 2026-10-04. Last watched 1/23/25. Netflix listed it as ""NYAD""; TMDB confirms it as a film, which is the only reason it is here. No rating given; blank beats invented. Chris rated it in the Google Sheet and it was pulled into the vault 2026-10-04: Chris 4.2. Pixie left blank; he rated alone. Genre and Lane filled by SAGE 2026-10-04 by rule of thumb (history), not Chris’s own call. Worth a glance.",PG-13,
Red Notice,2021,Action-comedy,4.7,,Household,Rated,Ryan Reynolds,Netflix,2026-10-04,,,,512195,posters/512195.jpg,118,"An Interpol-issued Red Notice is a global alert to hunt and capture the world's most wanted. But when a daring heist brings together the FBI's top profiler and two rival criminals, there's no telling what will happen.","From the Netflix viewing history on Chris’s own profile, exported 2026-10-04. Last watched 1/19/25. Netflix listed it as ""Red Notice""; TMDB confirms it as a film, which is the only reason it is here. No rating given; blank beats invented. Chris rated it in the Google Sheet and it was pulled into the vault 2026-10-04: Chris 4.7. Pixie left blank; he rated alone. Genre and Lane filled by SAGE 2026-10-04 from a strong pattern (Ryan Reynolds).",PG-13,
The Lost Children,2013,Drama,,,Household,Dropped,Documentary,,2026-10-04,,,,669857,,57,"On the outskirts of Belgrade, Serbia, thousands of Romani people live in the most desperate poverty to be found anywhere in Europe. Some are war refugees from the Balkans, and some have lived this way for generations. Ignored by the state, and with no home to return to, they are essentially non-persons with no country or rights to speak of.","From the Netflix viewing history on Chris’s own profile, exported 2026-10-04. Last watched 1/12/25. Netflix listed it as ""The Lost Children""; TMDB confirms it as a film, which is the only reason it is here. No rating given; blank beats invented. Genre and Lane filled by SAGE 2026-10-04 from a TMDB fact (documentary). Pulled from the Google Sheet 2026-10-04 (second pass): Status Seen, unrated -> Dropped.",,
Creating The Queen's Gambit,2021,Drama,,,Household,"Seen, unrated",Documentary,Netflix,2026-10-04,,,,784047,posters/784047.jpg,14,"A fascinating character. Exquisite sets. A wig for every era. The stars, creators and crew reveal how the hit series about a chess prodigy came to life.","From the Netflix viewing history on Chris’s own profile, exported 2026-10-04. Last watched 1/3/25. Netflix listed it as ""Creating The Queen's Gambit""; TMDB confirms it as a film, which is the only reason it is here. No rating given; blank beats invented. Genre and Lane filled by SAGE 2026-10-04 from a TMDB fact (documentary).",,
Jack Reacher,2012,Action,4,,Household,Rated,Blockbuster,Paramount Plus,2026-10-04,,,,75780,posters/75780.jpg,130,"One morning in an ordinary town, five people are shot dead in a seemingly random attack. All evidence points to a single suspect: an ex-military sniper who is quickly brought into custody. The interrogation yields one written note: 'Get Jack Reacher!'. Reacher, an enigmatic ex-Army investigator, believes the authorities have the right man but agrees to help the sniper's defense attorney. However, the more Reacher delves into the case, the less clear-cut it appears. So begins an extraordinary chase for the truth, pitting Jack Reacher against an unexpected enemy, with a skill for violence and a secret to keep.","From the Netflix viewing history on Chris’s own profile, exported 2026-10-04. Last watched 1/3/25. Netflix listed it as ""Jack Reacher""; TMDB confirms it as a film, which is the only reason it is here. No rating given; blank beats invented. Chris rated it in the Google Sheet and it was pulled into the vault 2026-10-04: Chris 4. Pixie left blank; he rated alone. Genre and Lane filled by SAGE 2026-10-04 from a strong pattern (director Christopher McQuarrie).",PG-13,
Twilight,2008,Romance,4.1,,Household,Rated,Unsorted,"VIX , Universal+ Amazon Channel, ViX Premium Amazon Channel",2026-10-04,,,,8966,posters/8966.jpg,122,"When Bella Swan moves to a small town in the Pacific Northwest, she falls in love with Edward Cullen, a mysterious classmate who reveals himself to be a 108-year-old vampire. Despite Edward's repeated cautions, Bella can't stay away from him, a fatal move that endangers her own life.","From the Netflix viewing history on Chris’s own profile, exported 2026-10-04. Last watched 1/1/25. Netflix listed it as ""Twilight""; TMDB confirms it as a film, which is the only reason it is here. No rating given; blank beats invented. Chris rated it in the Google Sheet and it was pulled into the vault 2026-10-04: Chris 4.1. Pixie left blank; he rated alone.",PG-13,
The Christmas Chronicles: Part Two,2020,Action-comedy,4.3,,Household,Rated,Christmas,Netflix,2026-10-04,,,,654028,posters/654028.jpg,112,"Kate Pierce is reluctantly spending Christmas with her mom’s new boyfriend and his son Jack. But when the North Pole and Christmas are threatened to be destroyed, Kate and Jack are unexpectedly pulled into a new adventure with Santa Claus.","From the Netflix viewing history on Chris’s own profile, exported 2026-10-04. Last watched 12/25/24. Netflix listed it as ""The Christmas Chronicles: Part Two""; TMDB confirms it as a film, which is the only reason it is here. No rating given; blank beats invented. Chris rated it in the Google Sheet and it was pulled into the vault 2026-10-04: Chris 4.3. Pixie left blank; he rated alone. Genre and Lane filled by SAGE 2026-10-04 from a TMDB fact (same collection as a film you lane-ed).",PG,
That Christmas,2024,Animated / family,3.9,,Household,Rated,Christmas,Netflix,2026-10-04,,,,645757,posters/645757.jpg,91,It's an unforgettable Christmas for the townsfolk of Wellington-on-Sea when the worst snowstorm in history alters everyone's plans — including Santa's.,"From the Netflix viewing history on Chris’s own profile, exported 2026-10-04. Last watched 12/20/24. Netflix listed it as ""That Christmas""; TMDB confirms it as a film, which is the only reason it is here. No rating given; blank beats invented. Chris rated it in the Google Sheet and it was pulled into the vault 2026-10-04: Chris 3.9. Pixie left blank; he rated alone. Genre and Lane filled by SAGE 2026-10-04 from a strong pattern (christmas).",PG,
Elliot: The Littlest Reindeer,2018,Animated / family,3.8,,Household,Rated,Christmas,,2026-10-04,,,,455842,posters/455842.jpg,89,"When Blitzen announces his retirement on December 21st, a miniature horse has 3 days to fulfill his lifelong dream of earning a spot on Santa's team at the North Pole try-outs.","From the Netflix viewing history on Chris’s own profile, exported 2026-10-04. Last watched 12/20/24. Netflix listed it as ""Elliot the Littlest Reindeer""; TMDB confirms it as a film, which is the only reason it is here. No rating given; blank beats invented. Chris rated it in the Google Sheet and it was pulled into the vault 2026-10-04: Chris 3.8. Pixie left blank; he rated alone. Genre and Lane filled by SAGE 2026-10-04 from a strong pattern (christmas).",PG,
Martha,2026,Drama,,,Household,Dropped,Documentary,,2026-10-04,,,,1717074,,75,"The film explores the life of the legendary pianist Martha Argerich, following her over nearly a decade and documenting her music, memories, friendships, past loves, and travels. Drawing on memories and concert archives, the documentary reveals this one-of-a-kind performer through the eyes of her daughter, Annie Dutoit-Argerich. Together with director Martin Mirabel, they explore key events in Martha's career, allowing viewers to discover intimate, unforgettable and never-before-seen moments.","From the Netflix viewing history on Chris’s own profile, exported 2026-10-04. Last watched 12/5/24. Netflix listed it as ""Martha""; TMDB confirms it as a film, which is the only reason it is here. No rating given; blank beats invented. Genre and Lane filled by SAGE 2026-10-04 from a TMDB fact (documentary). Pulled from the Google Sheet 2026-10-04: Status Seen, unrated -> Dropped.",,
Dungeons & Dragons: Honor Among Thieves,2023,Action-comedy,4.2,,Household,Rated,Modern Comedy,Paramount Plus,2026-10-04,,,,493529,posters/493529.jpg,134,"A charming thief and a band of unlikely adventurers undertake an epic heist to retrieve a lost relic, but things go dangerously awry when they run afoul of the wrong people.","From the Netflix viewing history on Chris’s own profile, exported 2026-10-04. Last watched 12/3/24. Netflix listed it as ""Dungeons & Dragons: Honor Among Thieves""; TMDB confirms it as a film, which is the only reason it is here. No rating given; blank beats invented. Chris rated it in the Google Sheet and it was pulled into the vault 2026-10-04: Chris 4.2. Pixie left blank; he rated alone. Genre and Lane filled by SAGE 2026-10-04 by rule of thumb (post-2000 comedy), not Chris’s own call. Worth a glance.",PG-13,
Angela's Christmas,2017,Animated / family,2.5,,Household,Rated,Christmas,Netflix,2026-10-04,,,,563710,posters/563710.jpg,30,A trip to church with her family on Christmas Eve gives young Angela an extraordinary idea. A heartwarming tale based on a story by Frank McCourt.,"From the Netflix viewing history on Chris’s own profile, exported 2026-10-04. Last watched 12/1/24. Netflix listed it as ""Angela's Christmas""; TMDB confirms it as a film, which is the only reason it is here. No rating given; blank beats invented. Chris rated it in the Google Sheet and it was pulled into the vault 2026-10-04: Chris 2.5. Pixie left blank; he rated alone. Genre and Lane filled by SAGE 2026-10-04 from a strong pattern (christmas).",G,
A Boy Called Christmas,2021,Adventure,3.7,,Household,Rated,Christmas,Netflix,2026-10-04,,,,615666,posters/615666.jpg,104,"An ordinary young boy called Nikolas sets out on an extraordinary adventure into the snowy north in search of his father who is on a quest to discover the fabled village of the elves, Elfhelm. Taking with him a headstrong reindeer called Blitzen and a loyal pet mouse, Nikolas soon meets his destiny in this magical and endearing story that proves nothing is impossible…","From the Netflix viewing history on Chris’s own profile, exported 2026-10-04. Last watched 12/1/24. Netflix listed it as ""A Boy Called Christmas""; TMDB confirms it as a film, which is the only reason it is here. No rating given; blank beats invented. Chris rated it in the Google Sheet and it was pulled into the vault 2026-10-04: Chris 3.7. Pixie left blank; he rated alone. Genre and Lane filled by SAGE 2026-10-04 from a strong pattern (christmas).",PG,
Spellbound,2024,Animated / family,3.8,,Household,Rated,Animated Family,Netflix,2026-10-04,,,,592983,posters/592983.jpg,111,"When a powerful spell turns her parents into giant monsters, a teenage princess must journey into the wild to reverse the curse before it's too late.","From the Netflix viewing history on Chris’s own profile, exported 2026-10-04. Last watched 11/30/24. Netflix listed it as ""Spellbound""; TMDB confirms it as a film, which is the only reason it is here. No rating given; blank beats invented. Chris rated it in the Google Sheet and it was pulled into the vault 2026-10-04: Chris 3.8. Pixie left blank; he rated alone. Genre and Lane filled by SAGE 2026-10-04 from a strong pattern (animation).",PG,
"I Love You, Man",2009,Rom-com,4.3,,Household,Rated,Frat Pack,"Rent: Apple TV Store, Google Play Movies",2026-10-04,,,,16538,posters/16538.jpg,105,"Peter Klaven is a successful real estate agent who, upon getting engaged to the woman of his dreams, Zooey, discovers, to his dismay and chagrin, that he has no male friend close enough to serve as his Best Man. Peter immediately sets out to rectify the situation, embarking on a series of bizarre and awkward ""man-dates.""","From the Netflix viewing history on Chris’s own profile, exported 2026-10-04. Last watched 11/23/24. Netflix listed it as ""I Love You, Man""; TMDB confirms it as a film, which is the only reason it is here. No rating given; blank beats invented. Chris rated it in the Google Sheet and it was pulled into the vault 2026-10-04: Chris 4.3. Pixie left blank; he rated alone. Genre and Lane filled by SAGE 2026-10-04 from a strong pattern (Frat Pack cast).",R,
The Whale,2022,Drama,4.1,,Household,Rated,Prestige,Netflix,2026-10-04,,,,785084,posters/785084.jpg,117,A reclusive English teacher suffering from severe obesity attempts to reconnect with his estranged teenage daughter for one last chance at redemption.,"From the Netflix viewing history on Chris’s own profile, exported 2026-10-04. Last watched 11/17/24. Netflix listed it as ""The Whale""; TMDB confirms it as a film, which is the only reason it is here. No rating given; blank beats invented. Chris rated it in the Google Sheet and it was pulled into the vault 2026-10-04: Chris 4.1. Pixie left blank; he rated alone. Genre and Lane filled by SAGE 2026-10-04 by rule of thumb (acclaimed drama), not Chris’s own call. Worth a glance.",R,
Anchorman 2: The Legend Continues,2013,Comedy,1,,Household,"Seen, Chris partial",Frat Pack,"Rent: Apple TV Store, Google Play Movies",2026-10-04,Unwatchable I couldn't finish it,,,109443,posters/109443.jpg,119,"With the 70s behind him, San Diego's top rated newsman, Ron Burgundy, returns to take New York's first 24-hour news channel by storm.","From the Netflix viewing history on Chris’s own profile, exported 2026-10-04. Last watched 11/16/24. Netflix listed it as ""Anchorman 2: The Legend Continues""; TMDB confirms it as a film, which is the only reason it is here. No rating given; blank beats invented. Chris rated it in the Google Sheet and it was pulled into the vault 2026-10-04: Chris 1, and he did not finish it, so Status is partial rather than Rated. Pixie left blank; he rated alone. Genre and Lane filled by SAGE 2026-10-04 from a TMDB fact (same collection as a film you lane-ed).",PG-13,
Jake Paul vs. Mike Tyson,2024,Action,,,Household,"Seen, unrated",Action,Netflix,2026-10-04,,,,1256599,posters/1256599.jpg,283,"The Problem Child, Jake 'El Gallo' Paul, goes up against the Baddest Man on the Planet, Mike Tyson, live from the AT&T Stadium in Arlington, Texas. Katie Taylor defends her undisputed title over 10, two-minute rounds against boxing trailblazer and unified featherweight world champion Amanda 'The Real Deal' Serrano in the most anticipated rematch in women's boxing history.","From the Netflix viewing history on Chris’s own profile, exported 2026-10-04. Last watched 11/16/24. Netflix listed it as ""Jake Paul vs. Mike Tyson""; TMDB confirms it as a film, which is the only reason it is here. No rating given; blank beats invented. Genre and Lane filled by SAGE 2026-10-04 by rule of thumb (action), not Chris’s own call. Worth a glance.",R,
Addams Family Values,1993,Comedy,3,,Household,Rated,Family Adventure,Paramount Plus,2026-10-04,,,,2758,posters/2758.jpg,94,"Siblings Wednesday and Pugsley Addams will stop at nothing to get rid of Pubert, the new baby boy adored by parents Gomez and Morticia. Things go from bad to worse when the new ""black widow"" nanny, Debbie Jellinsky, launches her plan to add Fester to her collection of dead husbands.","From the Netflix viewing history on Chris’s own profile, exported 2026-10-04. Last watched 11/3/24. Netflix listed it as ""Addams Family Values""; TMDB confirms it as a film, which is the only reason it is here. No rating given; blank beats invented. Chris rated it in the Google Sheet and it was pulled into the vault 2026-10-04: Chris 3. Pixie left blank; he rated alone. Genre and Lane filled by SAGE 2026-10-04 by rule of thumb (family adventure), not Chris’s own call. Worth a glance.",PG-13,
Titanic,1997,Romance,4.3,,Household,Rated,Blockbuster,Disney Plus,2026-10-04,,,,597,posters/597.jpg,194,"101-year-old Rose DeWitt Bukater tells the story of her life aboard the Titanic, 84 years later. A young Rose boards the ship with her mother and fiancé. Meanwhile, Jack Dawson and Fabrizio De Rossi win third-class tickets aboard the ship. Rose tells the whole story from Titanic's departure through to its death—on its first and last voyage—on April 15, 1912.","From the Netflix viewing history on Chris’s own profile, exported 2026-10-04. Last watched 11/2/24. Netflix listed it as ""Titanic""; TMDB confirms it as a film, which is the only reason it is here. No rating given; blank beats invented. Chris rated it in the Google Sheet and it was pulled into the vault 2026-10-04: Chris 4.3. Pixie left blank; he rated alone. Genre and Lane filled by SAGE 2026-10-04 from a strong pattern (director James Cameron).",PG-13,
Sing: Thriller,2024,Animated / family,3.6,,Household,Rated,Animated Family,Netflix,2026-10-04,,,,1371727,posters/1371727.jpg,11,"Buster Moon dreams up a star-studded spectacle set to Michael Jackson's ""Thriller"" in this animated short featuring characters from the hit ""Sing"" films.","From the Netflix viewing history on Chris’s own profile, exported 2026-10-04. Last watched 10/31/24. Netflix listed it as ""Sing: Thriller""; TMDB confirms it as a film, which is the only reason it is here. No rating given; blank beats invented. Chris rated it in the Google Sheet and it was pulled into the vault 2026-10-04: Chris 3.6. Pixie left blank; he rated alone. Genre and Lane filled by SAGE 2026-10-04 from a strong pattern (director Garth Jennings).",G,
The Remarkable Life of Ibelin,2024,Drama,4.6,,Household,Rated,Documentary,Netflix,2026-10-04,,,,1167027,posters/1167027.jpg,103,The secret life of a young World of Warcraft gamer is vividly reimagined when his online friends contact his family after his death.,"From the Netflix viewing history on Chris’s own profile, exported 2026-10-04. Last watched 10/30/24. Netflix listed it as ""The Remarkable Life of Ibelin""; TMDB confirms it as a film, which is the only reason it is here. No rating given; blank beats invented. Chris rated it in the Google Sheet and it was pulled into the vault 2026-10-04: Chris 4.6. Pixie left blank; he rated alone. Genre and Lane filled by SAGE 2026-10-04 from a TMDB fact (documentary).",PG-13,
"See No Evil, Hear No Evil",1989,Action-comedy,4.2,,Household,Rated,Classic Comedy,Buy: Apple TV Store,2026-10-04,,,,11185,posters/11185.jpg,102,"A murder takes place in the shop of David Lyons, a deaf man who fails to hear the gunshot being fired. Outside, blind man Wally Karue hears the shot, but cannot see the perpetrator. Both are arrested, but escape to form an unlikely partnership. Being chased by both the law AND the original killers, can the pair work together to outwit them all?","From the Netflix viewing history on Chris’s own profile, exported 2026-10-04. Last watched 10/30/24. Netflix listed it as ""See No Evil, Hear No Evil""; TMDB confirms it as a film, which is the only reason it is here. No rating given; blank beats invented. Chris rated it in the Google Sheet and it was pulled into the vault 2026-10-04: Chris 4.2. Pixie left blank; he rated alone. Genre and Lane filled by SAGE 2026-10-04 by rule of thumb (pre-2000 comedy), not Chris’s own call. Worth a glance.",R,
Mowgli: Legend of the Jungle,2018,Adventure,4.1,,Household,Rated,Blockbuster,Netflix,2026-10-04,,,,407436,posters/407436.jpg,105,"A human child raised by wolves, must face off against a menacing tiger named Shere Khan, as well as his own origins.","From the Netflix viewing history on Chris’s own profile, exported 2026-10-04. Last watched 10/3/24. Netflix listed it as ""Mowgli: Legend of the Jungle""; TMDB confirms it as a film, which is the only reason it is here. No rating given; blank beats invented. Chris rated it in the Google Sheet and it was pulled into the vault 2026-10-04: Chris 4.1. Pixie left blank; he rated alone. Genre and Lane filled by SAGE 2026-10-04 by rule of thumb (big-budget spectacle), not Chris’s own call. Worth a glance.",PG-13,
Aloha,2015,Rom-com,4.3,,Household,Rated,Modern Rom-com,Disney Plus,2026-10-04,,,,222936,posters/222936.jpg,105,A celebrated military contractor returns to the site of his greatest career triumphs and re-connects with a long-ago love while unexpectedly falling for the hard-charging Air Force watchdog assigned to him.,"From the Netflix viewing history on Chris’s own profile, exported 2026-10-04. Last watched 10/2/24. Netflix listed it as ""Aloha""; TMDB confirms it as a film, which is the only reason it is here. No rating given; blank beats invented. Chris rated it in the Google Sheet and it was pulled into the vault 2026-10-04: Chris 4.3. Pixie left blank; he rated alone. Genre and Lane filled by SAGE 2026-10-04 by rule of thumb (rom-com era), not Chris’s own call. Worth a glance.",PG-13,
Uglies,2024,Sci-fi,3.6,,Household,Rated,Sci-fi Canon,Netflix,2026-10-04,,,,748167,posters/748167.jpg,100,"In a futuristic dystopia with enforced beauty standards, a teen awaiting mandatory cosmetic surgery embarks on a journey to find her missing friend.","From the Netflix viewing history on Chris’s own profile, exported 2026-10-04. Last watched 9/29/24. Netflix listed it as ""Uglies""; TMDB confirms it as a film, which is the only reason it is here. No rating given; blank beats invented. Chris rated it in the Google Sheet and it was pulled into the vault 2026-10-04: Chris 3.6. Pixie left blank; he rated alone. Genre and Lane filled by SAGE 2026-10-04 by rule of thumb (sci-fi), not Chris’s own call. Worth a glance.",PG-13,
WHAM!,2023,Drama,4.1,,Household,Rated,Documentary,Netflix,2026-10-04,,,,1134865,posters/1134865.jpg,92,"Through archival interviews and footage, George Michael and Andrew Ridgeley relive the arc of their Wham! career, from 70s best buds to 80s pop icons.","From the Netflix viewing history on Chris’s own profile, exported 2026-10-04. Last watched 9/29/24. Netflix listed it as ""WHAM!""; TMDB confirms it as a film, which is the only reason it is here. No rating given; blank beats invented. Chris rated it in the Google Sheet and it was pulled into the vault 2026-10-04: Chris 4.1. Pixie left blank; he rated alone. Genre and Lane filled by SAGE 2026-10-04 from a TMDB fact (documentary).",NR,
American Assassin,2017,Action,3.5,,Household,Rated,Action,"Netflix, Universal+ Amazon Channel",2026-10-04,,,,415842,posters/415842.jpg,112,"Following the murder of his fiancée, Mitch Rapp trains under the instruction of Cold War veteran Stan Hurley. The pair then is enlisted to investigate a wave of apparently random attacks on military and civilian targets.","From the Netflix viewing history on Chris’s own profile, exported 2026-10-04. Last watched 9/29/24. Netflix listed it as ""American Assassin""; TMDB confirms it as a film, which is the only reason it is here. No rating given; blank beats invented. Chris rated it in the Google Sheet and it was pulled into the vault 2026-10-04: Chris 3.5. Pixie left blank; he rated alone. Genre and Lane filled by SAGE 2026-10-04 by rule of thumb (action), not Chris’s own call. Worth a glance.",R,
Will & Harper,2024,Drama,3.8,,Household,Rated,Documentary,Netflix,2026-10-04,,,,1214506,posters/1214506.jpg,114,"When Will Ferrell's good friend Harper comes out as a trans woman, they take a road trip to bond and reintroduce Harper to the country as her true self.","From the Netflix viewing history on Chris’s own profile, exported 2026-10-04. Last watched 9/28/24. Netflix listed it as ""Will & Harper""; TMDB confirms it as a film, which is the only reason it is here. No rating given; blank beats invented. Chris rated it in the Google Sheet and it was pulled into the vault 2026-10-04: Chris 3.8. Pixie left blank; he rated alone. Genre and Lane filled by SAGE 2026-10-04 from a TMDB fact (documentary).",R,
Inside the Mind of a Cat,2022,Drama,3.9,,Household,Rated,Documentary,Netflix,2026-10-04,,,,1003180,posters/1003180.jpg,67,Cat experts dive into the mind of the feline to reveal the true capabilities of the pouncing pet in this captivating and cuddly documentary.,"From the Netflix viewing history on Chris’s own profile, exported 2026-10-04. Last watched 9/16/24. Netflix listed it as ""Inside the Mind of a Cat""; TMDB confirms it as a film, which is the only reason it is here. No rating given; blank beats invented. Chris rated it in the Google Sheet and it was pulled into the vault 2026-10-04: Chris 3.9. Pixie left blank; he rated alone. Genre and Lane filled by SAGE 2026-10-04 from a TMDB fact (documentary).",,
Inside the Mind of a Dog,2024,Drama,3.9,,Household,Rated,Documentary,Netflix,2026-10-04,,,,1266321,posters/1266321.jpg,75,Embark on a delightful journey into the world of dogs in this documentary that reveals scientific and emotional insights about our lovable BFFs.,"From the Netflix viewing history on Chris’s own profile, exported 2026-10-04. Last watched 9/14/24. Netflix listed it as ""Inside the Mind of a Dog""; TMDB confirms it as a film, which is the only reason it is here. No rating given; blank beats invented. Chris rated it in the Google Sheet and it was pulled into the vault 2026-10-04: Chris 3.9. Pixie left blank; he rated alone. Genre and Lane filled by SAGE 2026-10-04 from a TMDB fact (documentary).",,
20 Days in Mariupol,2023,Drama,,,Household,"Seen, unrated",Documentary,Netflix,2026-10-04,,,,1058616,posters/1058616.jpg,94,"As the Russian invasion begins, a team of Ukrainian journalists trapped in the besieged city of Mariupol struggle to continue their work documenting the war's atrocities.","From the Netflix viewing history on Chris’s own profile, exported 2026-10-04. Last watched 9/14/24. Netflix listed it as ""20 Days in Mariupol""; TMDB confirms it as a film, which is the only reason it is here. No rating given; blank beats invented. Genre and Lane filled by SAGE 2026-10-04 from a TMDB fact (documentary).",NR,
Father Figures,2017,Comedy,3.8,,Household,Rated,Frat Pack,"Rent: Apple TV Store, Google Play Movies",2026-10-04,,,,354861,posters/354861.jpg,113,"Upon learning that their mother has been lying to them for years about their allegedly deceased father, two fraternal twin brothers hit the road in order to find him.","From the Netflix viewing history on Chris’s own profile, exported 2026-10-04. Last watched 9/8/24. Netflix listed it as ""Father Figures""; TMDB confirms it as a film, which is the only reason it is here. No rating given; blank beats invented. Chris rated it in the Google Sheet and it was pulled into the vault 2026-10-04: Chris 3.8. Pixie left blank; he rated alone. Genre and Lane filled by SAGE 2026-10-04 from a strong pattern (Frat Pack cast).",R,
Limitless,2011,Sci-fi,4.1,,Household,Rated,Sci-fi Canon,"Netflix, Amazon Prime Video, HBO Max, Universal+ Amazon Channel",2026-10-04,,,,51876,posters/51876.jpg,106,The life of an unsuccessful writer is transformed by a top-secret 'smart drug' that allows him to use 100% of his brain and become a perfect version of himself. His enhanced abilities soon attract shadowy forces that threaten his new life.,"From the Netflix viewing history on Chris’s own profile, exported 2026-10-04. Last watched 8/26/24. Netflix listed it as ""Limitless""; TMDB confirms it as a film, which is the only reason it is here. No rating given; blank beats invented. Chris rated it in the Google Sheet and it was pulled into the vault 2026-10-04: Chris 4.1. Pixie left blank; he rated alone. Genre and Lane filled by SAGE 2026-10-04 by rule of thumb (sci-fi), not Chris’s own call. Worth a glance.",PG-13,
The Union,2024,Action-comedy,3.8,,Household,Rated,Modern Comedy,Netflix,2026-10-04,,,,704239,posters/704239.jpg,109,A New Jersey construction worker goes from regular guy to aspiring spy when his long-lost high school sweetheart recruits him for an espionage mission.,"From the Netflix viewing history on Chris’s own profile, exported 2026-10-04. Last watched 8/24/24. Netflix listed it as ""The Union""; TMDB confirms it as a film, which is the only reason it is here. No rating given; blank beats invented. Chris rated it in the Google Sheet and it was pulled into the vault 2026-10-04: Chris 3.8. Pixie left blank; he rated alone. Genre and Lane filled by SAGE 2026-10-04 by rule of thumb (post-2000 comedy), not Chris’s own call. Worth a glance.",PG-13,
A Rainy Day in New York,2019,Rom-com,3.7,,Household,Rated,Modern Rom-com,Rent: Apple TV Store,2026-10-04,,,,475303,posters/475303.jpg,92,"Two young people arrive in New York to spend a weekend, but once they arrive they're met with bad weather and a series of adventures.","From the Netflix viewing history on Chris’s own profile, exported 2026-10-04. Last watched 8/15/24. Netflix listed it as ""A Rainy Day in New York""; TMDB confirms it as a film, which is the only reason it is here. No rating given; blank beats invented. Chris rated it in the Google Sheet and it was pulled into the vault 2026-10-04: Chris 3.7. Pixie left blank; he rated alone. Genre and Lane filled by SAGE 2026-10-04 by rule of thumb (rom-com era), not Chris’s own call. Worth a glance.",PG-13,
Secret Obsession,2019,Drama,,,Household,"Seen, unrated",Horror,Netflix,2026-10-04,,,,612152,posters/612152.jpg,97,"Newlywed Jennifer is brutally attacked at a dark rest stop. While healing from her injuries, she can’t recall anything from her past, including the ordeal. Her husband, Russell , is just thankful she’s alive and eager to get her home. As he reintroduces her to their secluded mountain estate, Detective Page  pursues Jennifer’s assailant — his own daughter went missing and was never found. The same fate now awaits Jennifer, unless someone realizes that her loving caretaker is actually her captor.","From the Netflix viewing history on Chris’s own profile, exported 2026-10-04. Last watched 8/6/24. Netflix listed it as ""Secret Obsession""; TMDB confirms it as a film, which is the only reason it is here. No rating given; blank beats invented. Genre and Lane filled by SAGE 2026-10-04 by rule of thumb (horror), not Chris’s own call. Worth a glance.",PG-13,
Central Intelligence,2016,Action-comedy,4.3,,Household,Rated,Modern Comedy,Universal+ Amazon Channel,2026-10-04,,,,302699,posters/302699.jpg,107,"Calvin Joyner, a mild-mannered accountant whose high school glory days are long behind him, reconnects with an awkward pal from high school through Facebook. After meeting up, Calvin’s mundane life takes an unexpectedly thrilling turn when he's thrust into the world of international espionage.","From the Netflix viewing history on Chris’s own profile, exported 2026-10-04. Last watched 8/2/24. Netflix listed it as ""Central Intelligence""; TMDB confirms it as a film, which is the only reason it is here. No rating given; blank beats invented. Chris rated it in the Google Sheet and it was pulled into the vault 2026-10-04: Chris 4.3. Pixie left blank; he rated alone. Genre and Lane filled by SAGE 2026-10-04 by rule of thumb (post-2000 comedy), not Chris’s own call. Worth a glance.",PG-13,
The Long Game,2025,Drama,,,Household,"Seen, unrated",Unsorted,,2026-10-04,,,,1106565,posters/1106565.jpg,86,"Ambitious young actress Holly Sloan agrees to help her boyfriend Richard Metzger scam Hollywood legend Mariah McKay, but the two women strike up an unlikely friendship instead. Soon Holly must decide where her true loyalties lie.  Based on a short story by New York Times bestselling author Janet Fitch.","From the Netflix viewing history on Chris’s own profile, exported 2026-10-04. Last watched 7/27/24. Netflix listed it as ""The Long Game""; TMDB confirms it as a film, which is the only reason it is here. No rating given; blank beats invented.",,
The Irishman,2019,Drama,4.2,,Household,Rated,Period,Netflix,2026-10-04,,,,398978,posters/398978.jpg,209,"Pennsylvania, 1956. Frank Sheeran, a war veteran of Irish origin who works as a truck driver, accidentally meets mobster Russell Bufalino. Once Frank becomes his trusted man, Bufalino sends him to Chicago with the task of helping Jimmy Hoffa, a powerful union leader related to organized crime, with whom Frank will maintain a close friendship for nearly twenty years.","From the Netflix viewing history on Chris’s own profile, exported 2026-10-04. Last watched 7/23/24. Netflix listed it as ""The Irishman""; TMDB confirms it as a film, which is the only reason it is here. No rating given; blank beats invented. Chris rated it in the Google Sheet and it was pulled into the vault 2026-10-04: Chris 4.2. Pixie left blank; he rated alone. Genre and Lane filled by SAGE 2026-10-04 by rule of thumb (history), not Chris’s own call. Worth a glance.",R,
Find Me Falling,2024,Rom-com,,,Household,"Seen, unrated",Music & Musicals,Netflix,2026-10-04,,,,1255350,posters/1255350.jpg,94,"After a failed comeback album, a rock star retreats to a cliffside home on Cyprus, only to find his new life complicated by visitors — and an old flame.","From the Netflix viewing history on Chris’s own profile, exported 2026-10-04. Last watched 7/22/24. Netflix listed it as ""Find Me Falling""; TMDB confirms it as a film, which is the only reason it is here. No rating given; blank beats invented. Genre and Lane filled by SAGE 2026-10-04 by rule of thumb (music), not Chris’s own call. Worth a glance.",,
White Noise,2005,Drama,,,Household,"Seen, unrated",Horror,"Rent: Apple TV Store, Google Play Movies",2026-10-04,,,,11804,posters/11804.jpg,98,"An architect's desire to speak with his wife from beyond the grave using EVP (Electronic Voice Phenomenon), becomes an obsession with supernatural repercussions.","From the Netflix viewing history on Chris’s own profile, exported 2026-10-04. Last watched 7/14/24. Netflix listed it as ""White Noise""; TMDB confirms it as a film, which is the only reason it is here. No rating given; blank beats invented. Genre and Lane filled by SAGE 2026-10-04 by rule of thumb (horror), not Chris’s own call. Worth a glance.",PG-13,
Rebel Moon - Part Two: The Scargiver,2024,Sci-fi,,,Household,Watchlist,Sci-fi Canon,Netflix,2026-10-04,,,,934632,posters/934632.jpg,121,"The rebels gear up for battle against the ruthless forces of the Motherworld as unbreakable bonds are forged, heroes emerge — and legends are made.","From the Netflix viewing history on Chris’s own profile, exported 2026-10-04. Last watched 7/12/24. Netflix listed it as ""Rebel Moon — Part Two: The Scargiver""; TMDB confirms it as a film, which is the only reason it is here. No rating given; blank beats invented. Genre and Lane filled by SAGE 2026-10-04 by rule of thumb (sci-fi), not Chris’s own call. Worth a glance. Pulled from the Google Sheet 2026-10-04: Status Seen, unrated -> Watchlist.",PG-13,
The Road to El Dorado,2000,Animated / family,3.8,,Household,Rated,Animated Family,"Rent: Apple TV Store, Google Play Movies",2026-10-04,,,,10501,posters/10501.jpg,90,"Stowing away after a failed con, a pair of swindlers end up on El Dorado, the fabled ""city of gold"", where they quickly get in over their heads when they are mistaken as gods by the inhabitants.","From the Netflix viewing history on Chris’s own profile, exported 2026-10-04. Last watched 7/11/24. Netflix listed it as ""The Road to El Dorado""; TMDB confirms it as a film, which is the only reason it is here. No rating given; blank beats invented. Chris rated it in the Google Sheet and it was pulled into the vault 2026-10-04: Chris 3.8. Pixie left blank; he rated alone. Genre and Lane filled by SAGE 2026-10-04 from a strong pattern (animation).",PG,
Beverly Hills Cop: Axel F,2024,Action-comedy,3.9,,Household,Rated,Modern Comedy,Netflix,2026-10-04,,,,280180,posters/280180.jpg,118,"Forty years after his unforgettable first case in Beverly Hills, Detroit cop Axel Foley returns to do what he does best: solve crimes and cause chaos.","From the Netflix viewing history on Chris’s own profile, exported 2026-10-04. Last watched 7/9/24. Netflix listed it as ""Beverly Hills Cop: Axel F""; TMDB confirms it as a film, which is the only reason it is here. No rating given; blank beats invented. Chris rated it in the Google Sheet and it was pulled into the vault 2026-10-04: Chris 3.9. Pixie left blank; he rated alone. Genre and Lane filled by SAGE 2026-10-04 by rule of thumb (post-2000 comedy), not Chris’s own call. Worth a glance.",R,
A Family Affair,2024,Rom-com,,,Household,"Seen, unrated",Modern Rom-com,Netflix,2026-10-04,,,,987686,posters/987686.jpg,114,The only thing worse than being the assistant to a high-maintenance movie star who doesn't take you seriously? Finding out he's smitten with your mom.,"From the Netflix viewing history on Chris’s own profile, exported 2026-10-04. Last watched 7/8/24. Netflix listed it as ""A Family Affair""; TMDB confirms it as a film, which is the only reason it is here. No rating given; blank beats invented. Genre and Lane filled by SAGE 2026-10-04 by rule of thumb (rom-com era), not Chris’s own call. Worth a glance.",PG-13,
Eat Pray Love,2010,Romance,4.6,,Household,Rated,Unsorted,"Netflix, HBO Max, Sony One Amazon Channel",2026-10-04,,,,38167,posters/38167.jpg,133,"A married woman realizes how unhappy her marriage really is, and that her life needs to go in a different direction. After a painful divorce, she takes off on a round-the-world journey to ""find herself"".","From the Netflix viewing history on Chris’s own profile, exported 2026-10-04. Last watched 6/9/24. Netflix listed it as ""Eat Pray Love""; TMDB confirms it as a film, which is the only reason it is here. No rating given; blank beats invented. Chris rated it in the Google Sheet and it was pulled into the vault 2026-10-04: Chris 4.6. Pixie left blank; he rated alone.",PG-13,
The Greatest Night in Pop,2024,Drama,4.8,4.8,Household,Rated,Documentary,Netflix,2026-10-04,,,,1226841,posters/1226841.jpg,96,"On a January night in 1985, music's biggest stars gathered to record ""We Are the World."" This documentary goes behind the scenes of the historic event.","From the Netflix viewing history on Chris’s own profile, exported 2026-10-04. Last watched 6/9/24. Netflix listed it as ""The Greatest Night in Pop""; TMDB confirms it as a film, which is the only reason it is here. No rating given; blank beats invented. Genre and Lane filled by SAGE 2026-10-04 from a TMDB fact (documentary).",PG-13,
Spaceman,2024,Sci-fi,4.3,4.3,Household,Rated,Space & Science,Netflix,2026-10-04,,,,636706,posters/636706.jpg,108,"Six months into a solo mission, a lonely astronaut confronts the cracks in his marriage with help from a mysterious creature he discovers on his ship.","From the Netflix viewing history on Chris’s own profile, exported 2026-10-04. Last watched 6/2/24. Netflix listed it as ""Spaceman""; TMDB confirms it as a film, which is the only reason it is here. No rating given; blank beats invented. Genre and Lane filled by SAGE 2026-10-04 from a strong pattern (space). Pulled from the Google Sheet 2026-10-04: Chris (blank) -> 4.3; Pixie (blank) -> 4.3; Status Seen, unrated -> Rated.",R,
Transformers,2007,Sci-fi,4,,Household,Rated,Sci-fi Canon,"Paramount Plus, VIX , Universal+ Amazon Channel, ViX Premium Amazon Channel",2026-10-04,,,,1858,posters/1858.jpg,144,Young teenager Sam Witwicky becomes involved in the ancient struggle between two extraterrestrial factions of transforming robots – the heroic Autobots and the evil Decepticons. Sam holds the clue to unimaginable power and the Decepticons will stop at nothing to retrieve it.,"From the Netflix viewing history on Chris’s own profile, exported 2026-10-04. Last watched 5/7/24. Netflix listed it as ""Transformers""; TMDB confirms it as a film, which is the only reason it is here. No rating given; blank beats invented. Chris rated it in the Google Sheet and it was pulled into the vault 2026-10-04: Chris 4. Pixie left blank; he rated alone. Genre and Lane filled by SAGE 2026-10-04 by rule of thumb (sci-fi), not Chris’s own call. Worth a glance.",PG-13,
Lucy,2014,Sci-fi,4.5,4.5,Household,Rated,Time & Second Chances,"HBO Max, Universal+ Amazon Channel",2026-10-04,,,,240832,posters/240832.jpg,89,"A woman, accidentally caught in a dark deal, turns the tables on her captors and transforms into a merciless warrior evolved beyond human logic.","From the Netflix viewing history on Chris’s own profile, exported 2026-10-04. Last watched 5/7/24. Netflix listed it as ""Lucy""; TMDB confirms it as a film, which is the only reason it is here. No rating given; blank beats invented. Genre and Lane filled by SAGE 2026-10-04 from a strong pattern (time travel). Pulled from the Google Sheet 2026-10-04: Chris (blank) -> 4.5; Pixie (blank) -> 4.5; Status Seen, unrated -> Rated.",R,
Seven Years in Tibet,1997,Adventure,4.2,,Household,Rated,Period,Netflix,2026-10-04,,,,978,posters/978.jpg,136,"Austrian mountaineer Heinrich Harrer journeys to the Himalayas without his family to head an expedition in 1939. But when World War II breaks out, the arrogant Harrer falls into Allied forces' hands as a prisoner of war. He escapes with a fellow detainee and makes his way to Lhasa, Tibet, where he meets the 14-year-old Dalai Lama, whose friendship ultimately transforms his outlook on life.","From the Netflix viewing history on Chris’s own profile, exported 2026-10-04. Last watched 5/7/24. Netflix listed it as ""Seven Years in Tibet""; TMDB confirms it as a film, which is the only reason it is here. No rating given; blank beats invented. Chris rated it in the Google Sheet and it was pulled into the vault 2026-10-04: Chris 4.2. Pixie left blank; he rated alone. Genre and Lane filled by SAGE 2026-10-04 by rule of thumb (history), not Chris’s own call. Worth a glance.",PG-13,
Legends of the Fall,1994,Romance,4.5,,Household,Rated,Unsorted,"Rent: Apple TV Store, Google Play Movies",2026-10-04,,,,4476,posters/4476.jpg,133,"In early 20th-century Montana, Col. William Ludlow lives on a ranch in the wilderness with his sons, Alfred, Tristan, and Samuel. Eventually, the unconventional but close-knit family are bound by loyalty, tested by war, and torn apart by love, as told over the course of several decades in this epic saga.","From the Netflix viewing history on Chris’s own profile, exported 2026-10-04. Last watched 4/29/24. Netflix listed it as ""Legends of the Fall""; TMDB confirms it as a film, which is the only reason it is here. No rating given; blank beats invented. Chris rated it in the Google Sheet and it was pulled into the vault 2026-10-04: Chris 4.5. Pixie left blank; he rated alone.",R,
The Monuments Men,2014,Drama,4.3,4.3,Household,Rated,Period,Disney Plus,2026-10-04,,,,152760,posters/152760.jpg,118,"Based on the true story of the greatest treasure hunt in history, The Monuments Men is an action drama focusing on seven over-the-hill, out-of-shape museum directors, artists, architects, curators, and art historians who went to the front lines of WWII to rescue the world’s artistic masterpieces from Nazi thieves and return them to their rightful owners.  With the art hidden behind enemy lines, how could these guys hope to succeed?","From the Netflix viewing history on Chris’s own profile, exported 2026-10-04. Last watched 4/27/24. Netflix listed it as ""The Monuments Men""; TMDB confirms it as a film, which is the only reason it is here. No rating given; blank beats invented. Genre and Lane filled by SAGE 2026-10-04 by rule of thumb (history), not Chris’s own call. Worth a glance.",PG-13,
Damsel,2024,Action,4.1,,Household,Rated,Blockbuster,Netflix,2026-10-04,,,,763215,posters/763215.jpg,107,A young woman's marriage to a charming prince turns into a fierce fight for survival when she's offered up as a sacrifice to a fire-breathing dragon.,"From the Netflix viewing history on Chris’s own profile, exported 2026-10-04. Last watched 4/23/24. Netflix listed it as ""Damsel""; TMDB confirms it as a film, which is the only reason it is here. No rating given; blank beats invented. Chris rated it in the Google Sheet and it was pulled into the vault 2026-10-04: Chris 4.1. Pixie left blank; he rated alone. Genre and Lane filled by SAGE 2026-10-04 by rule of thumb (big-budget spectacle), not Chris’s own call. Worth a glance.",PG-13,
Extraction 2,2023,Action,4.2,,Household,Rated,Blockbuster,Netflix,2026-10-04,,,,697843,posters/697843.jpg,122,"Back from the brink of death, highly skilled commando Tyler Rake takes on another dangerous mission: saving the imprisoned family of a ruthless gangster.","From the Netflix viewing history on Chris’s own profile, exported 2026-10-04. Last watched 3/2/24. Netflix listed it as ""Extraction 2""; TMDB confirms it as a film, which is the only reason it is here. No rating given; blank beats invented. Chris rated it in the Google Sheet and it was pulled into the vault 2026-10-04: Chris 4.2. Pixie left blank; he rated alone. Genre and Lane filled by SAGE 2026-10-04 by rule of thumb (big-budget spectacle), not Chris’s own call. Worth a glance.",R,
Return to Space,2022,Drama,,,Household,"Seen, unrated",Documentary,Netflix,2026-10-04,,,,950445,posters/950445.jpg,128,The inspirational rise of SpaceX as well as Elon Musk's two-decade effort to resurrect America’s space travel ambitions.,"From the Netflix viewing history on Chris’s own profile, exported 2026-10-04. Last watched 2/16/24. Netflix listed it as ""Return to Space""; TMDB confirms it as a film, which is the only reason it is here. No rating given; blank beats invented. Genre and Lane filled by SAGE 2026-10-04 from a TMDB fact (documentary).",,
Against the Ice,2022,Adventure,3.9,,Household,Rated,Period,Netflix,2026-10-04,,,,836009,posters/836009.jpg,101,"In 1909, two explorers fight to survive after they're left behind while on a Danish expedition in ice-covered Greenland.","From the Netflix viewing history on Chris’s own profile, exported 2026-10-04. Last watched 2/15/24. Netflix listed it as ""Against The Ice""; TMDB confirms it as a film, which is the only reason it is here. No rating given; blank beats invented. Chris rated it in the Google Sheet and it was pulled into the vault 2026-10-04: Chris 3.9. Pixie left blank; he rated alone. Genre and Lane filled by SAGE 2026-10-04 by rule of thumb (history), not Chris’s own call. Worth a glance.",R,
A Trip to Infinity,2022,Drama,4.2,,Household,Rated,Documentary,Netflix,2026-10-04,,,,1005031,posters/1005031.jpg,79,"Does infinity exist? Can we experience the Infinite? In an animated film (created by artists from 10 countries) the world's most cutting-edge scientists and mathematicians go in search of the infinite and its mind-bending implications for the universe.  Eminent mathematicians, particle physicists and cosmologists dive into infinity and its mind-bending implications for the universe.","From the Netflix viewing history on Chris’s own profile, exported 2026-10-04. Last watched 2/15/24. Netflix listed it as ""A Trip to Infinity""; TMDB confirms it as a film, which is the only reason it is here. No rating given; blank beats invented. Chris rated it in the Google Sheet and it was pulled into the vault 2026-10-04: Chris 4.2. Pixie left blank; he rated alone. Genre and Lane filled by SAGE 2026-10-04 from a TMDB fact (documentary).",PG,
Orion and the Dark,2024,Animated / family,4.3,,Household,Rated,Animated Family,Netflix,2026-10-04,,,,1139829,posters/1139829.jpg,90,"A boy with an active imagination faces his fears on an unforgettable journey through the night with his new friend: a giant, smiling creature named Dark.","From the Netflix viewing history on Chris’s own profile, exported 2026-10-04. Last watched 2/3/24. Netflix listed it as ""Orion and the Dark""; TMDB confirms it as a film, which is the only reason it is here. No rating given; blank beats invented. Chris rated it in the Google Sheet and it was pulled into the vault 2026-10-04: Chris 4.3. Pixie left blank; he rated alone. Genre and Lane filled by SAGE 2026-10-04 from a strong pattern (animation).",PG,
The Meddler,2016,Comedy,3.5,3.5,Household,Rated,Modern Comedy,Buy: Apple TV Store,2026-10-04,,,,337154,posters/337154.jpg,100,"With a new iPhone, an apartment near the Grove, and a comfortable bank account left to her by her beloved late husband, Marnie Minervini has happily relocated from New Jersey to Los Angeles to be near her daughter Lori, a successful (but still single) screenwriter, and smother her with motherly love. But when the dozens of texts, unexpected visits, and conversations dominated by unsolicited advice force Lori to draw strict personal boundaries, Marnie finds ways to channel her eternal optimism and forceful generosity to change the lives of others - as well as her own - and find a new purpose in life.","From the Netflix viewing history on Chris’s own profile, exported 2026-10-04. Last watched 1/28/24. Netflix listed it as ""The Meddler""; TMDB confirms it as a film, which is the only reason it is here. No rating given; blank beats invented. Genre and Lane filled by SAGE 2026-10-04 by rule of thumb (post-2000 comedy), not Chris’s own call. Worth a glance.",PG-13,
Keeping Up with the Joneses,2016,Action-comedy,3.8,,Household,Rated,Modern Comedy,Disney Plus,2026-10-04,,,,331313,posters/331313.jpg,105,An ordinary suburban couple finds it’s not easy keeping up with the Joneses – their impossibly gorgeous and ultra-sophisticated new neighbors – especially when they discover that Mr. and Mrs. “Jones” are covert operatives.,"From the Netflix viewing history on Chris’s own profile, exported 2026-10-04. Last watched 1/28/24. Netflix listed it as ""Keeping Up with the Joneses""; TMDB confirms it as a film, which is the only reason it is here. No rating given; blank beats invented. Chris rated it in the Google Sheet and it was pulled into the vault 2026-10-04: Chris 3.8. Pixie left blank; he rated alone. Genre and Lane filled by SAGE 2026-10-04 by rule of thumb (post-2000 comedy), not Chris’s own call. Worth a glance.",PG-13,
Shrek the Third,2007,Animated / family,4.1,,Household,Rated,Animated Family,"Netflix, Amazon Prime Video, HBO Max, Universal+ Amazon Channel",2026-10-04,,,,810,posters/810.jpg,93,"After the King of Far Far Away dies, Shrek and Fiona are to succede. However, Shrek wants to return to his cozy swamp and live in peace and quiet, so when he finds out there is another heir to the throne, he and Donkey set off to bring him back to rule the kingdom.","From the Netflix viewing history on Chris’s own profile, exported 2026-10-04. Last watched 1/22/24. Netflix listed it as ""Shrek the Third""; TMDB confirms it as a film, which is the only reason it is here. No rating given; blank beats invented. Chris rated it in the Google Sheet and it was pulled into the vault 2026-10-04: Chris 4.1. Pixie left blank; he rated alone. Genre and Lane filled by SAGE 2026-10-04 from a TMDB fact (same collection as a film you lane-ed).",PG,
Lift,2024,Action-comedy,,,Household,"Seen, unrated",Modern Comedy,Netflix,2026-10-04,,,,955916,posters/955916.jpg,107,"An international heist crew, led by Cyrus Whitaker, race to lift $500 million in gold from a passenger plane at 40,000 feet.","From the Netflix viewing history on Chris’s own profile, exported 2026-10-04. Last watched 1/17/24. Netflix listed it as ""Lift""; TMDB confirms it as a film, which is the only reason it is here. No rating given; blank beats invented. Genre and Lane filled by SAGE 2026-10-04 by rule of thumb (post-2000 comedy), not Chris’s own call. Worth a glance.",PG-13,
Rebel Moon - Part One: A Child of Fire,2023,Sci-fi,4.3,,Household,Rated,Sci-fi Canon,Netflix,2026-10-04,,,,848326,posters/848326.jpg,134,"When the ruthless forces of the Motherworld threaten a quiet farming village on a distant moon, a mysterious outsider becomes its best hope for survival.","From the Netflix viewing history on Chris’s own profile, exported 2026-10-04. Last watched 1/15/24. Netflix listed it as ""Rebel Moon — Part One: A Child of Fire""; TMDB confirms it as a film, which is the only reason it is here. No rating given; blank beats invented. Chris rated it in the Google Sheet and it was pulled into the vault 2026-10-04: Chris 4.3. Pixie left blank; he rated alone. Genre and Lane filled by SAGE 2026-10-04 by rule of thumb (sci-fi), not Chris’s own call. Worth a glance.",PG-13,
Society of the Snow,2023,Drama,,,Household,"Seen, unrated",Period,Netflix,2026-10-04,,,,906126,posters/906126.jpg,143,"On October 13, 1972, Uruguayan Air Force Flight 571, chartered to take a rugby team to Chile, crashes into a glacier in the heart of the Andes.","From the Netflix viewing history on Chris’s own profile, exported 2026-10-04. Last watched 1/12/24. Netflix listed it as ""Society of the Snow""; TMDB confirms it as a film, which is the only reason it is here. No rating given; blank beats invented. Genre and Lane filled by SAGE 2026-10-04 by rule of thumb (history), not Chris’s own call. Worth a glance.",R,
Leave the World Behind,2023,Drama,,,Household,"Seen, unrated",Unsorted,Netflix,2026-10-04,,,,726209,posters/726209.jpg,140,A family's getaway to a luxurious rental home takes an ominous turn when a cyberattack knocks out their devices—and two strangers appear at their door.,"From the Netflix viewing history on Chris’s own profile, exported 2026-10-04. Last watched 12/16/23. Netflix listed it as ""Leave the World Behind""; TMDB confirms it as a film, which is the only reason it is here. No rating given; blank beats invented.",R,
Animal Crackers,2018,Animated / family,,,Household,"Seen, unrated",Animated Family,Netflix,2026-10-04,,,,315064,posters/315064.jpg,104,A family must use a magical box of Animal Crackers to save a rundown circus from being taken over by their evil uncle Horatio P. Huntington.,"From the Netflix viewing history on Chris’s own profile, exported 2026-10-04. Last watched 11/30/23. Netflix listed it as ""Animal Crackers""; TMDB confirms it as a film, which is the only reason it is here. No rating given; blank beats invented. Genre and Lane filled by SAGE 2026-10-04 from a strong pattern (animation).",PG,
Leo,2023,Animated / family,3.9,,Household,Rated,Animated Family,Netflix,2026-10-04,,,,1075794,posters/1075794.jpg,102,"Jaded 74-year-old reptile Leo has been stuck in the same Florida classroom for decades with his terrarium-mate turtle. When he learns he only has one year left to live, he plans to escape to experience life on the outside but instead gets caught up in the problems of his anxious students — including an impossibly mean substitute teacher.","From the Netflix viewing history on Chris’s own profile, exported 2026-10-04. Last watched 11/29/23. Netflix listed it as ""Leo""; TMDB confirms it as a film, which is the only reason it is here. No rating given; blank beats invented. Chris rated it in the Google Sheet and it was pulled into the vault 2026-10-04: Chris 3.9. Pixie left blank; he rated alone. Genre and Lane filled by SAGE 2026-10-04 from a strong pattern (animation).",PG,
Sly,2023,Drama,4,4,Household,Rated,Documentary,Netflix,2026-10-04,,,,1146302,posters/1146302.jpg,97,"His love of film began as an escape from a rocky childhood. From underdog to Hollywood legend, Sylvester Stallone tells his story in this documentary.","From the Netflix viewing history on Chris’s own profile, exported 2026-10-04. Last watched 11/23/23. Netflix listed it as ""Sly""; TMDB confirms it as a film, which is the only reason it is here. No rating given; blank beats invented. Genre and Lane filled by SAGE 2026-10-04 from a TMDB fact (documentary). Pulled from the Google Sheet 2026-10-04: Chris (blank) -> 4; Pixie (blank) -> 4; Status Seen, unrated -> Rated.",R,
6 Underground,2019,Action-comedy,4.5,,Household,Rated,Ryan Reynolds,Netflix,2026-10-04,,,,509967,posters/509967.jpg,128,"After faking his death, a tech billionaire recruits a team of international operatives for a bold and bloody mission to take down a brutal dictator.","From the Netflix viewing history on Chris’s own profile, exported 2026-10-04. Last watched 11/19/23. Netflix listed it as ""6 Underground""; TMDB confirms it as a film, which is the only reason it is here. No rating given; blank beats invented. Chris rated it in the Google Sheet and it was pulled into the vault 2026-10-04: Chris 4.5. Pixie left blank; he rated alone. Genre and Lane filled by SAGE 2026-10-04 from a strong pattern (Ryan Reynolds).",R,
Ad Astra,2019,Sci-fi,4.6,,Household,Rated,Space & Science,"Disney Plus, Paramount Plus, Universal+ Amazon Channel",2026-10-04,,,,419704,posters/419704.jpg,123,"The near future, a time when both hope and hardships drive humanity to look to the stars and beyond. While a mysterious phenomenon menaces to destroy life on planet Earth, astronaut Roy McBride undertakes a mission across the immensity of space and its many perils to uncover the truth about a lost expedition that decades before boldly faced emptiness and silence in search of the unknown.","From the Netflix viewing history on Chris’s own profile, exported 2026-10-04. Last watched 11/19/23. Netflix listed it as ""Ad Astra""; TMDB confirms it as a film, which is the only reason it is here. No rating given; blank beats invented. Chris rated it in the Google Sheet and it was pulled into the vault 2026-10-04: Chris 4.6. Pixie left blank; he rated alone. Genre and Lane filled by SAGE 2026-10-04 from a strong pattern (space).",PG-13,
Old Dads,2023,Comedy,,,Household,"Seen, unrated",Modern Comedy,Netflix,2026-10-04,,,,987917,posters/987917.jpg,102,A cranky middle-aged dad and his two best friends find themselves out of step in a changing world of millennial CEOs and powerful preschool principals.,"From the Netflix viewing history on Chris’s own profile, exported 2026-10-04. Last watched 11/16/23. Netflix listed it as ""Old Dads""; TMDB confirms it as a film, which is the only reason it is here. No rating given; blank beats invented. Genre and Lane filled by SAGE 2026-10-04 by rule of thumb (post-2000 comedy), not Chris’s own call. Worth a glance.",R,
The Netflix Cup,2023,Unsorted,,,Household,"Seen, unrated",Unsorted,Netflix,2026-10-04,,,,1204920,posters/1204920.jpg,155,Formula 1 drivers and PGA Tour golfers team up for a star-studded sports competition at the Wynn Las Vegas golf course.,"From the Netflix viewing history on Chris’s own profile, exported 2026-10-04. Last watched 11/16/23. Netflix listed it as ""The Netflix Cup""; TMDB confirms it as a film, which is the only reason it is here. No rating given; blank beats invented.",PG-13,
Friends with Benefits,2011,Rom-com,3.9,,Household,Rated,Modern Rom-com,HBO Max,2026-10-04,,,,50544,posters/50544.jpg,109,Dylan is done with relationships. Jamie decides to stop buying into the Hollywood clichés of true love. When the two become friends they decide to try something new and take advantage of their mutual attraction - but without any emotional attachment.,"From the Netflix viewing history on Chris’s own profile, exported 2026-10-04. Last watched 11/7/23. Netflix listed it as ""Friends with Benefits""; TMDB confirms it as a film, which is the only reason it is here. No rating given; blank beats invented. Chris rated it in the Google Sheet and it was pulled into the vault 2026-10-04: Chris 3.9. Pixie left blank; he rated alone. Genre and Lane filled by SAGE 2026-10-04 by rule of thumb (rom-com era), not Chris’s own call. Worth a glance.",R,
While We're Young,2015,Comedy,,,Household,"Seen, unrated",Frat Pack,"Netflix, Amazon Prime Video",2026-10-04,,,,252512,posters/252512.jpg,97,An uptight documentary filmmaker and his wife find their lives loosened up a bit after befriending a free-spirited younger couple.,"From the Netflix viewing history on Chris’s own profile, exported 2026-10-04. Last watched 11/6/23. Netflix listed it as ""While We're Young""; TMDB confirms it as a film, which is the only reason it is here. No rating given; blank beats invented. Genre and Lane filled by SAGE 2026-10-04 from a strong pattern (Frat Pack cast).",R,
Pain Hustlers,2023,Drama,,,Household,"Seen, unrated",Christmas,Netflix,2026-10-04,,,,862968,posters/862968.jpg,122,"After losing her job, a single mom falls into a lucrative but ultimately dangerous scheme selling prescription drugs.","From the Netflix viewing history on Chris’s own profile, exported 2026-10-04. Last watched 11/5/23. Netflix listed it as ""Pain Hustlers""; TMDB confirms it as a film, which is the only reason it is here. No rating given; blank beats invented. Genre and Lane filled by SAGE 2026-10-04 from a strong pattern (director David Yates).",R,
The Heartbreak Kid,2007,Rom-com,3.8,,Household,Rated,Frat Pack,Netflix,2026-10-04,,,,9038,posters/9038.jpg,116,"Eddie, the 40-year-old confirmed bachelor finally says ""I do"" to the beautiful and sexy Lila. But during their honeymoon in Mexico, the woman of his dreams turns out to be a total nightmare, and the guy who could never pull the trigger realizes he’s jumped the gun.","From the Netflix viewing history on Chris’s own profile, exported 2026-10-04. Last watched 11/2/23. Netflix listed it as ""The Heartbreak Kid""; TMDB confirms it as a film, which is the only reason it is here. No rating given; blank beats invented. Chris rated it in the Google Sheet and it was pulled into the vault 2026-10-04: Chris 3.8. Pixie left blank; he rated alone. Genre and Lane filled by SAGE 2026-10-04 from a strong pattern (Frat Pack cast).",R,
Hubie Halloween,2020,Comedy,2.5,,Household,Rated,Modern Comedy,Netflix,2026-10-04,,,,617505,posters/617505.jpg,102,"Hubie Dubois, despite his devotion to his hometown of Salem, Massachusetts (and its legendary Halloween celebration), is a figure of mockery for kids and adults alike. But this year, something really is going bump in the night, and it’s up to Hubie to save Halloween.","From the Netflix viewing history on Chris’s own profile, exported 2026-10-04. Last watched 10/29/23. Netflix listed it as ""Hubie Halloween""; TMDB confirms it as a film, which is the only reason it is here. No rating given; blank beats invented. Chris rated it in the Google Sheet and it was pulled into the vault 2026-10-04: Chris 2.5. Pixie left blank; he rated alone. Genre and Lane filled by SAGE 2026-10-04 by rule of thumb (post-2000 comedy), not Chris’s own call. Worth a glance.",PG-13,
The Week Of,2018,Comedy,,,Household,"Seen, unrated",Modern Comedy,Netflix,2026-10-04,,,,465109,posters/465109.jpg,116,The parents of a soon-to-be married couple make the final preparations for the wedding ceremony.,"From the Netflix viewing history on Chris’s own profile, exported 2026-10-04. Last watched 10/29/23. Netflix listed it as ""The Week Of""; TMDB confirms it as a film, which is the only reason it is here. No rating given; blank beats invented. Genre and Lane filled by SAGE 2026-10-04 by rule of thumb (post-2000 comedy), not Chris’s own call. Worth a glance.",PG-13,
Pixels,2015,Action-comedy,3.5,3.5,Household,Rated,Christmas,Buy: Apple TV Store,2026-10-04,,,,257344,posters/257344.jpg,106,Video game experts are recruited by the military to fight 1980s-era video game characters who've attacked New York.,"From the Netflix viewing history on Chris’s own profile, exported 2026-10-04. Last watched 10/29/23. Netflix listed it as ""Pixels""; TMDB confirms it as a film, which is the only reason it is here. No rating given; blank beats invented. Genre and Lane filled by SAGE 2026-10-04 from a strong pattern (director Chris Columbus). Pulled from the Google Sheet 2026-10-04: Chris (blank) -> 3.5; Pixie (blank) -> 3.5; Status Seen, unrated -> Rated.",PG-13,
The Great Wall,2016,Action,3.9,,Household,Rated,Blockbuster,HBO Max,2026-10-04,,,,311324,posters/311324.jpg,103,European mercenaries searching for black powder become embroiled in the defense of the Great Wall of China against a horde of monstrous creatures.,"From the Netflix viewing history on Chris’s own profile, exported 2026-10-04. Last watched 10/24/23. Netflix listed it as ""The Great Wall""; TMDB confirms it as a film, which is the only reason it is here. No rating given; blank beats invented. Chris rated it in the Google Sheet and it was pulled into the vault 2026-10-04: Chris 3.9. Pixie left blank; he rated alone. Genre and Lane filled by SAGE 2026-10-04 by rule of thumb (big-budget spectacle), not Chris’s own call. Worth a glance.",PG-13,
The Wonderful Story of Henry Sugar,2023,Adventure,3.9,,Household,Rated,Action,Netflix,2026-10-04,,,,923939,posters/923939.jpg,39,A rich man learns about a guru who can see without using his eyes. He sets out to master the skill in order to cheat at gambling.,"From the Netflix viewing history on Chris’s own profile, exported 2026-10-04. Last watched 10/22/23. Netflix listed it as ""The Wonderful Story of Henry Sugar""; TMDB confirms it as a film, which is the only reason it is here. No rating given; blank beats invented. Chris rated it in the Google Sheet and it was pulled into the vault 2026-10-04: Chris 3.9. Pixie left blank; he rated alone. Genre and Lane filled by SAGE 2026-10-04 by rule of thumb (action), not Chris’s own call. Worth a glance.",PG,
Tyson's Run,2022,Drama,,,Household,"Seen, unrated",Unsorted,Netflix,2026-10-04,,,,860852,posters/860852.jpg,103,"When fifteen-year-old Tyson attends public school for the first time, his life is changed forever. While helping his father clean up after the football team, Tyson befriends champion marathon runner Aklilu. Never letting his autism hold him back, Tyson becomes determined to run his first marathon in hopes of winning his father's approval.  With the help of an unlikely friend and his parents, Tyson learns that with faith in yourself and the courage to take the first step, anything is possible.","From the Netflix viewing history on Chris’s own profile, exported 2026-10-04. Last watched 10/20/23. Netflix listed it as ""Tyson's Run""; TMDB confirms it as a film, which is the only reason it is here. No rating given; blank beats invented.",PG,
Love at First Sight,2023,Romance,,,Household,"Seen, unrated",Unsorted,Netflix,2026-10-04,,,,353577,posters/353577.jpg,91,"Hadley and Oliver begin falling in love on a flight from New York to London, but when they lose each other at customs, can they defy all odds to reunite?","From the Netflix viewing history on Chris’s own profile, exported 2026-10-04. Last watched 10/19/23. Netflix listed it as ""Love at First Sight""; TMDB confirms it as a film, which is the only reason it is here. No rating given; blank beats invented.",PG-13,
My Octopus Teacher,2020,Drama,4.8,,Household,Rated,Documentary,Netflix,2026-10-04,,,,682110,posters/682110.jpg,85,"After years of swimming every day in the freezing ocean at the tip of Africa, Craig Foster meets an unlikely teacher: a young octopus who displays remarkable curiosity. Visiting her den and tracking her movements for months on end he eventually wins the animal’s trust and they develop a never-before-seen bond between human and wild animal.","From the Netflix viewing history on Chris’s own profile, exported 2026-10-04. Last watched 10/17/23. Netflix listed it as ""My Octopus Teacher""; TMDB confirms it as a film, which is the only reason it is here. No rating given; blank beats invented. Chris rated it in the Google Sheet and it was pulled into the vault 2026-10-04: Chris 4.8. Pixie left blank; he rated alone. Genre and Lane filled by SAGE 2026-10-04 from a TMDB fact (documentary).",,
Kiss the Ground,2020,Drama,4.7,,Household,Rated,Documentary,Amazon Prime Video,2026-10-04,,,,737157,posters/737157.jpg,85,"Sheds light on an alternative approach to farming called “regenerative agriculture” that could balance our climate, replenish our vast water supplies, and feed the world.","From the Netflix viewing history on Chris’s own profile, exported 2026-10-04. Last watched 10/16/23. Netflix listed it as ""Kiss the Ground""; TMDB confirms it as a film, which is the only reason it is here. No rating given; blank beats invented. Chris rated it in the Google Sheet and it was pulled into the vault 2026-10-04: Chris 4.7. Pixie left blank; he rated alone. Genre and Lane filled by SAGE 2026-10-04 from a TMDB fact (documentary).",,
Goosebumps,2015,Action-comedy,3.9,,Household,Rated,Frat Pack,"Netflix, Amazon Prime Video, HBO Max",2026-10-04,,,,257445,posters/257445.jpg,103,"After moving to a small town, Zach Cooper finds a silver lining when he meets next door neighbor Hannah, the daughter of bestselling Goosebumps series author R.L. Stine. When Zach unintentionally unleashes real monsters from their manuscripts and they begin to terrorize the town, it’s suddenly up to Stine, Zach and Hannah to get all of them back in the books where they belong.","From the Netflix viewing history on Chris’s own profile, exported 2026-10-04. Last watched 10/14/23. Netflix listed it as ""Goosebumps""; TMDB confirms it as a film, which is the only reason it is here. No rating given; blank beats invented. Chris rated it in the Google Sheet and it was pulled into the vault 2026-10-04: Chris 3.9. Pixie left blank; he rated alone. Genre and Lane filled by SAGE 2026-10-04 from a strong pattern (Frat Pack cast).",PG,
My Beautiful Broken Brain,2014,Drama,,,Household,"Seen, unrated",Documentary,Netflix,2026-10-04,,,,381071,posters/381071.jpg,84,"A profoundly personal voyage into the complexity, fragility and wonder of the human brain, after Lotje Sodderland miraculously survives a hemorrhagic stroke and finds herself starting again in an alien world, bereft of language and logic. This feature documentary takes us on a genre-twisting tale that is by turns excruciating and exquisite - from the devastating consequences of a first-time neurological experiment, through to the extraordinary revelations of her altered sensory perception.","From the Netflix viewing history on Chris’s own profile, exported 2026-10-04. Last watched 10/4/23. Netflix listed it as ""My Beautiful Broken Brain""; TMDB confirms it as a film, which is the only reason it is here. No rating given; blank beats invented. Genre and Lane filled by SAGE 2026-10-04 from a TMDB fact (documentary).",,
The Rat Catcher,2023,Comedy,,,Household,"Seen, unrated",Modern Comedy,Netflix,2026-10-04,,,,1172674,posters/1172674.jpg,17,"In an English village, a reporter and a mechanic listen to a ratcatcher explain his clever plan to outwit his prey.","From the Netflix viewing history on Chris’s own profile, exported 2026-10-04. Last watched 10/3/23. Netflix listed it as ""The Rat Catcher""; TMDB confirms it as a film, which is the only reason it is here. No rating given; blank beats invented. Genre and Lane filled by SAGE 2026-10-04 by rule of thumb (post-2000 comedy), not Chris’s own call. Worth a glance.",PG,
The Swan,2023,Drama,,,Household,"Seen, unrated",Unsorted,Netflix,2026-10-04,,,,1172675,posters/1172675.jpg,17,"Two large, ignorant bullies ruthlessly pursue a small, brilliant boy in this young adult Roald Dahl short story.","From the Netflix viewing history on Chris’s own profile, exported 2026-10-04. Last watched 10/3/23. Netflix listed it as ""The Swan""; TMDB confirms it as a film, which is the only reason it is here. No rating given; blank beats invented.",PG,
Love Is in the Air,2023,Rom-com,1,,Household,"Seen, Chris partial",Modern Rom-com,Netflix,2026-10-04,Unwatchable I couldn't finish it,,,1167725,posters/1167725.jpg,88,A fiercely independent pilot fighting to keep her family business afloat starts to fall for the man sent by corporate to ground her operation forever.,"From the Netflix viewing history on Chris’s own profile, exported 2026-10-04. Last watched 10/3/23. Netflix listed it as ""Love is in the Air""; TMDB confirms it as a film, which is the only reason it is here. No rating given; blank beats invented. Chris rated it in the Google Sheet and it was pulled into the vault 2026-10-04: Chris 1, and he did not finish it, so Status is partial rather than Rated. Pixie left blank; he rated alone. Genre and Lane filled by SAGE 2026-10-04 by rule of thumb (rom-com era), not Chris’s own call. Worth a glance.",PG-13,
Poison,1991,Sci-fi,,,Household,"Seen, unrated",Sci-fi Canon,,2026-10-04,,,,47620,posters/47620.jpg,85,"A trio of interweaved transgressive tales, telling a bizarre stories of suburban patricide and a miraculous flight from justice, a mad sex experiment which unleashes a disfiguring plague, and the obsessive sexual relationship between two prison inmates.","From the Netflix viewing history on Chris’s own profile, exported 2026-10-04. Last watched 10/2/23. Netflix listed it as ""Poison""; TMDB confirms it as a film, which is the only reason it is here. No rating given; blank beats invented. Genre and Lane filled by SAGE 2026-10-04 by rule of thumb (sci-fi), not Chris’s own call. Worth a glance.",NC-17,
The Gray Man,2022,Action,4.5,,Household,Rated,Blockbuster,Netflix,2026-10-04,,,,725201,posters/725201.jpg,128,"When a shadowy CIA agent uncovers damning agency secrets, he's hunted across the globe by a sociopathic rogue operative who's put a bounty on his head.","From the Netflix viewing history on Chris’s own profile, exported 2026-10-04. Last watched 10/2/23. Netflix listed it as ""The Gray Man""; TMDB confirms it as a film, which is the only reason it is here. No rating given; blank beats invented. Chris rated it in the Google Sheet and it was pulled into the vault 2026-10-04: Chris 4.5. Pixie left blank; he rated alone. Genre and Lane filled by SAGE 2026-10-04 by rule of thumb (big-budget spectacle), not Chris’s own call. Worth a glance.",PG-13,
YES DAY,2021,Comedy,3.9,,Household,Rated,Modern Comedy,Netflix,2026-10-04,,,,638597,posters/638597.jpg,86,A mom and dad who usually say no decide to say yes to their kids' wildest requests — with a few ground rules — on a whirlwind day of fun and adventure.,"From the Netflix viewing history on Chris’s own profile, exported 2026-10-04. Last watched 9/30/23. Netflix listed it as ""YES DAY""; TMDB confirms it as a film, which is the only reason it is here. No rating given; blank beats invented. Chris rated it in the Google Sheet and it was pulled into the vault 2026-10-04: Chris 3.9. Pixie left blank; he rated alone. Genre and Lane filled by SAGE 2026-10-04 by rule of thumb (post-2000 comedy), not Chris’s own call. Worth a glance.",PG,
Chickenhare and the Hamster of Darkness,2022,Animated / family,,,Household,"Seen, unrated",Animated Family,Netflix,2026-10-04,,,,778855,posters/778855.jpg,91,A brave young animal explorer teams up with two trusty friends to find a powerful artifact before his greedy uncle can get his paws on it.,"From the Netflix viewing history on Chris’s own profile, exported 2026-10-04. Last watched 9/30/23. Netflix listed it as ""Chickenhare and the Hamster of Darkness""; TMDB confirms it as a film, which is the only reason it is here. No rating given; blank beats invented. Genre and Lane filled by SAGE 2026-10-04 from a strong pattern (animation).",PG,
David Attenborough: A Life on Our Planet,2020,Drama,4.8,,Household,Rated,Documentary,Netflix,2026-10-04,,,,664280,posters/664280.jpg,83,"The story of life on our planet by the man who has seen more of the natural world than any other. In more than 90 years, Attenborough has visited every continent on the globe, exploring the wild places of our planet and documenting the living world in all its variety and wonder. Addressing the biggest challenges facing life on our planet, the film offers a powerful message of hope for future generations.","From the Netflix viewing history on Chris’s own profile, exported 2026-10-04. Last watched 9/30/23. Netflix listed it as ""David Attenborough: A Life on Our Planet""; TMDB confirms it as a film, which is the only reason it is here. No rating given; blank beats invented. Chris rated it in the Google Sheet and it was pulled into the vault 2026-10-04: Chris 4.8. Pixie left blank; he rated alone. Genre and Lane filled by SAGE 2026-10-04 from a TMDB fact (documentary).",PG,
Couples Retreat,2009,Rom-com,4.3,,Household,Rated,Frat Pack,"Rent: Apple TV Store, Google Play Movies",2026-10-04,,,,19899,posters/19899.jpg,113,"Four couples, all friends, descend on a tropical island resort. Though one husband and wife are there to work on their marriage, the others just want to enjoy some fun in the sun. They soon find, however, that paradise comes at a price: Participation in couples therapy sessions is mandatory. What started out as a cut-rate vacation turns into an examination of the common problems many face.","From the Netflix viewing history on Chris’s own profile, exported 2026-10-04. Last watched 9/9/23. Netflix listed it as ""Couples Retreat""; TMDB confirms it as a film, which is the only reason it is here. No rating given; blank beats invented. Chris rated it in the Google Sheet and it was pulled into the vault 2026-10-04: Chris 4.3. Pixie left blank; he rated alone. Genre and Lane filled by SAGE 2026-10-04 from a strong pattern (Frat Pack cast).",PG-13,
You Are So Not Invited to My Bat Mitzvah,2023,Comedy,3.9,,Household,Rated,Modern Comedy,Netflix,2026-10-04,,,,999644,posters/999644.jpg,103,Stacy and Lydia are BFFs who've always dreamed about having epic bat mitzvahs. But things start to go comically awry when a popular boy and middle school drama threatens their friendship and their rite of passage.,"From the Netflix viewing history on Chris’s own profile, exported 2026-10-04. Last watched 9/7/23. Netflix listed it as ""You Are So Not Invited to My Bat Mitzvah""; TMDB confirms it as a film, which is the only reason it is here. No rating given; blank beats invented. Chris rated it in the Google Sheet and it was pulled into the vault 2026-10-04: Chris 3.9. Pixie left blank; he rated alone. Genre and Lane filled by SAGE 2026-10-04 by rule of thumb (post-2000 comedy), not Chris’s own call. Worth a glance.",PG-13,
Baby Mama,2008,Rom-com,3.9,,Household,Rated,Modern Rom-com,HBO Max,2026-10-04,,,,8780,posters/8780.jpg,99,"A successful, single businesswoman who dreams of having a baby discovers she is infertile and hires a working class woman to be her unlikely surrogate.","From the Netflix viewing history on Chris’s own profile, exported 2026-10-04. Last watched 9/7/23. Netflix listed it as ""Baby Mama""; TMDB confirms it as a film, which is the only reason it is here. No rating given; blank beats invented. Chris rated it in the Google Sheet and it was pulled into the vault 2026-10-04: Chris 3.9. Pixie left blank; he rated alone. Genre and Lane filled by SAGE 2026-10-04 by rule of thumb (rom-com era), not Chris’s own call. Worth a glance.",PG-13,
The Monkey King,2023,Animated / family,3.9,,Household,Rated,Animated Family,Netflix,2026-10-04,,,,832502,posters/832502.jpg,92,"A stick-wielding monkey teams with a young girl on an epic quest for immortality, battling demons, dragons, gods — and his own ego — along the way.","From the Netflix viewing history on Chris’s own profile, exported 2026-10-04. Last watched 8/28/23. Netflix listed it as ""The Monkey King""; TMDB confirms it as a film, which is the only reason it is here. No rating given; blank beats invented. Chris rated it in the Google Sheet and it was pulled into the vault 2026-10-04: Chris 3.9. Pixie left blank; he rated alone. Genre and Lane filled by SAGE 2026-10-04 from a strong pattern (animation).",PG,
The Metamorphosis of Birds,2021,Drama,,,Household,"Seen, unrated",Documentary,,2026-10-04,,,,664576,posters/664576.jpg,101,"Filmmaker Catarina Vasconcelos sifts through the memories of her ancestors. Her naval officer grandfather, Henrique, who married her grandmother, Beatriz, on her 21st birthday, spent extended periods at sea, leaving her with six children. This is the beginning of a generational saga.","From the Netflix viewing history on Chris’s own profile, exported 2026-10-04. Last watched 8/27/23. Netflix listed it as ""The Metamorphosis of Birds""; TMDB confirms it as a film, which is the only reason it is here. No rating given; blank beats invented. Genre and Lane filled by SAGE 2026-10-04 from a TMDB fact (documentary).",,
No Strings Attached,2011,Rom-com,,,Household,"Seen, unrated",Modern Rom-com,"Rent: Apple TV Store, Google Play Movies",2026-10-04,,,,41630,posters/41630.jpg,107,"Emma is a busy doctor who sets up a seemingly perfect arrangement when she offers her best friend Adam a relationship with one rule: No strings attached. But when a fling becomes a thing, can sex friends stay best friends?","From the Netflix viewing history on Chris’s own profile, exported 2026-10-04. Last watched 8/22/23. Netflix listed it as ""No Strings Attached""; TMDB confirms it as a film, which is the only reason it is here. No rating given; blank beats invented. Genre and Lane filled by SAGE 2026-10-04 by rule of thumb (rom-com era), not Chris’s own call. Worth a glance.",R,
Happiness for Beginners,2023,Rom-com,,,Household,"Seen, unrated",Modern Rom-com,Netflix,2026-10-04,,,,881209,posters/881209.jpg,103,"At a crossroads after her divorce, a schoolteacher ventures toward a fresh start in life — and love — when she signs up for a grueling group hiking trip.","From the Netflix viewing history on Chris’s own profile, exported 2026-10-04. Last watched 8/10/23. Netflix listed it as ""Happiness for Beginners""; TMDB confirms it as a film, which is the only reason it is here. No rating given; blank beats invented. Genre and Lane filled by SAGE 2026-10-04 by rule of thumb (rom-com era), not Chris’s own call. Worth a glance.",PG-13,
Take Your Pills: Xanax,2022,Drama,,,Household,"Seen, unrated",Documentary,Netflix,2026-10-04,,,,1049046,posters/1049046.jpg,90,"A cure for some and a curse for others, widely prescribed anti-anxiety medication is examined by patients and experts in this revealing documentary.","From the Netflix viewing history on Chris’s own profile, exported 2026-10-04. Last watched 8/8/23. Netflix listed it as ""Take Your Pills: Xanax""; TMDB confirms it as a film, which is the only reason it is here. No rating given; blank beats invented. Genre and Lane filled by SAGE 2026-10-04 from a TMDB fact (documentary).",PG-13,
Jesus Revolution,2023,Drama,4.5,4.5,Household,Rated,Period,Netflix,2026-10-04,,,,719256,posters/719256.jpg,120,"In the 1970s, aimless teenager Greg Laurie searches for all the right things in all the wrong places until he meets Lonnie Frisbee, a charismatic hippie/street preacher. Together with local pastor Chuck Smith, they open the doors of a languishing church to an unexpected revival.","From the Netflix viewing history on Chris’s own profile, exported 2026-10-04. Last watched 8/8/23. Netflix listed it as ""Jesus Revolution""; TMDB confirms it as a film, which is the only reason it is here. No rating given; blank beats invented. Genre and Lane filled by SAGE 2026-10-04 by rule of thumb (history), not Chris’s own call. Worth a glance. Pulled from the Google Sheet 2026-10-04: Chris (blank) -> 4.5; Pixie (blank) -> 4.5; Status Seen, unrated -> Rated.",PG-13,
The Fundamentals of Caring,2016,Comedy,,,Household,"Seen, unrated",Frat Pack,Netflix,2026-10-04,,,,318121,posters/318121.jpg,97,"Having suffered a tragedy, Ben becomes a caregiver to earn money. His first client, Trevor, is a hilarious 18-year-old with muscular dystrophy. One paralyzed emotionally, one paralyzed physically, Ben and Trevor hit the road on a trip into the western states. The folks they collect along the way will help them test their skills for surviving outside their calculated existence. Together, they come to understand the importance of hope and the necessity of true friendship.","From the Netflix viewing history on Chris’s own profile, exported 2026-10-04. Last watched 7/30/23. Netflix listed it as ""The Fundamentals of Caring""; TMDB confirms it as a film, which is the only reason it is here. No rating given; blank beats invented. Genre and Lane filled by SAGE 2026-10-04 from a strong pattern (Frat Pack cast).",R,
Extinct,2021,Animated / family,,,Household,"Seen, unrated",Animated Family,Netflix,2026-10-04,,,,664236,posters/664236.jpg,84,"Op and Ed, two adorable donut-shaped animals - flummels - accidentally time-travel from 1835 to modern-day Shanghai.  There they discover traffic, trans fats, and worst of all, that flummels are now extinct. It's up to this bumbling pair to save themselves and their species...and, just maybe, change the course of history.","From the Netflix viewing history on Chris’s own profile, exported 2026-10-04. Last watched 6/27/23. Netflix listed it as ""Extinct""; TMDB confirms it as a film, which is the only reason it is here. No rating given; blank beats invented. Genre and Lane filled by SAGE 2026-10-04 from a strong pattern (animation).",,
A Man Called Otto,2022,Comedy,4.1,,Household,Rated,Modern Comedy,Netflix,2026-10-04,,,,937278,posters/937278.jpg,126,"When a lively young family moves in next door, grumpy widower Otto Anderson meets his match in a quick-witted, pregnant woman named Marisol, leading to an unlikely friendship that turns his world upside down.","From the Netflix viewing history on Chris’s own profile, exported 2026-10-04. Last watched 5/30/23. Netflix listed it as ""A Man Called Otto""; TMDB confirms it as a film, which is the only reason it is here. No rating given; blank beats invented. Chris rated it in the Google Sheet and it was pulled into the vault 2026-10-04: Chris 4.1. Pixie left blank; he rated alone. Genre and Lane filled by SAGE 2026-10-04 by rule of thumb (post-2000 comedy), not Chris’s own call. Worth a glance.",PG-13,
Dope,2015,Action-comedy,,,Household,"Seen, unrated",Modern Comedy,Sony One Amazon Channel,2026-10-04,,,,308639,posters/308639.jpg,103,"Malcolm is carefully surviving life in a tough neighborhood in Los Angeles while juggling college applications, academic interviews, and the SAT. A chance invitation to an underground party leads him into an adventure that could allow him to go from being a geek, to being dope, to ultimately being himself.","From the Netflix viewing history on Chris’s own profile, exported 2026-10-04. Last watched 5/20/23. Netflix listed it as ""Dope""; TMDB confirms it as a film, which is the only reason it is here. No rating given; blank beats invented. Genre and Lane filled by SAGE 2026-10-04 by rule of thumb (post-2000 comedy), not Chris’s own call. Worth a glance.",R,
The Social Dilemma,2020,Drama,4.2,,Household,Rated,Documentary,Netflix,2026-10-04,,,,656690,posters/656690.jpg,94,"This documentary-drama hybrid explores the dangerous human impact of social networking, with tech experts sounding the alarm on their own creations.","From the Netflix viewing history on Chris’s own profile, exported 2026-10-04. Last watched 4/25/23. Netflix listed it as ""The Social Dilemma""; TMDB confirms it as a film, which is the only reason it is here. No rating given; blank beats invented. Chris rated it in the Google Sheet and it was pulled into the vault 2026-10-04: Chris 4.2. Pixie left blank; he rated alone. Genre and Lane filled by SAGE 2026-10-04 from a TMDB fact (documentary).",PG-13,
Murder Mystery 2,2023,Action-comedy,3.6,,Household,Rated,Whodunnit,Netflix,2026-10-04,,,,638974,posters/638974.jpg,91,"After starting their own detective agency, Nick and Audrey Spitz land a career-making case when their billionaire pal is kidnapped from his wedding.","From the Netflix viewing history on Chris’s own profile, exported 2026-10-04. Last watched 4/17/23. Netflix listed it as ""Murder Mystery 2""; TMDB confirms it as a film, which is the only reason it is here. No rating given; blank beats invented. Chris rated it in the Google Sheet and it was pulled into the vault 2026-10-04: Chris 3.6. Pixie left blank; he rated alone. Genre and Lane filled by SAGE 2026-10-04 from a strong pattern (mystery).",PG-13,
Luckiest Girl Alive,2022,Drama,,,Household,"Seen, unrated",Unsorted,Netflix,2026-10-04,,,,799546,posters/799546.jpg,113,A successful woman in New York City finds her life upended when she is forced to confront a dark truth that threatens to unravel her meticulously crafted life.,"From the Netflix viewing history on Chris’s own profile, exported 2026-10-04. Last watched 4/15/23. Netflix listed it as ""Luckiest Girl Alive""; TMDB confirms it as a film, which is the only reason it is here. No rating given; blank beats invented.",R,
Murder Mystery,2019,Action-comedy,3.5,3.5,Household,Rated,Whodunnit,Netflix,2026-10-04,,,,514999,posters/514999.jpg,98,"On a long-awaited trip to Europe, a New York City cop and his hairdresser wife scramble to solve a baffling murder aboard a billionaire's yacht.","From the Netflix viewing history on Chris’s own profile, exported 2026-10-04. Last watched 3/27/23. Netflix listed it as ""Murder Mystery""; TMDB confirms it as a film, which is the only reason it is here. No rating given; blank beats invented. Genre and Lane filled by SAGE 2026-10-04 from a strong pattern (mystery). Pulled from the Google Sheet 2026-10-04: Chris (blank) -> 3.5; Pixie (blank) -> 3.5; Status Seen, unrated -> Rated.",PG-13,
Look Both Ways,2022,Rom-com,,,Household,"Seen, unrated",Modern Rom-com,Netflix,2026-10-04,,,,805327,posters/805327.jpg,110,"On the night of her college graduation, Natalie's life splits into parallel realities after she takes a pregnancy test. What will life and love bring?","From the Netflix viewing history on Chris’s own profile, exported 2026-10-04. Last watched 3/26/23. Netflix listed it as ""Look Both Ways""; TMDB confirms it as a film, which is the only reason it is here. No rating given; blank beats invented. Genre and Lane filled by SAGE 2026-10-04 by rule of thumb (rom-com era), not Chris’s own call. Worth a glance.",PG-13,
The Elephant Whisperers,2022,Drama,4.2,,Household,Rated,Documentary,Netflix,2026-10-04,,,,1041580,posters/1041580.jpg,40,"Bomman and Bellie, a couple in south India, devote their lives to caring for an orphaned baby elephant named Raghu, forging a family like no other.","From the Netflix viewing history on Chris’s own profile, exported 2026-10-04. Last watched 3/20/23. Netflix listed it as ""The Elephant Whisperers""; TMDB confirms it as a film, which is the only reason it is here. No rating given; blank beats invented. Chris rated it in the Google Sheet and it was pulled into the vault 2026-10-04: Chris 4.2. Pixie left blank; he rated alone. Genre and Lane filled by SAGE 2026-10-04 from a TMDB fact (documentary).",,
The Hatchet Wielding Hitchhiker,2023,Drama,3.9,,Household,Rated,Documentary,Netflix,2026-10-04,,,,1061117,posters/1061117.jpg,87,"After Kai saves a woman's life, he turns into an overnight hero and viral sensation — until disturbing truths about his erratic behavior come to light. This shocking documentary chronicles a happy-go-lucky nomad's ascent to viral stardom and the resulting steep downward spiral.","From the Netflix viewing history on Chris’s own profile, exported 2026-10-04. Last watched 3/5/23. Netflix listed it as ""The Hatchet Wielding Hitchhiker""; TMDB confirms it as a film, which is the only reason it is here. No rating given; blank beats invented. Chris rated it in the Google Sheet and it was pulled into the vault 2026-10-04: Chris 3.9. Pixie left blank; he rated alone. Genre and Lane filled by SAGE 2026-10-04 from a TMDB fact (documentary).",R,
We Have a Ghost,2023,Comedy,,,Household,"Seen, unrated",Modern Comedy,Netflix,2026-10-04,,,,852096,posters/852096.jpg,127,"After Kevin finds a ghost named Ernest haunting his new home, he becomes an overnight social media sensation. But when Kevin and Ernest go rogue to investigate the mystery of the latter's past, they become targets of the CIA.","From the Netflix viewing history on Chris’s own profile, exported 2026-10-04. Last watched 3/5/23. Netflix listed it as ""We Have a Ghost""; TMDB confirms it as a film, which is the only reason it is here. No rating given; blank beats invented. Genre and Lane filled by SAGE 2026-10-04 by rule of thumb (post-2000 comedy), not Chris’s own call. Worth a glance.",PG-13,
"Lyle, Lyle, Crocodile",2022,Comedy,3.9,,Household,Rated,Music & Musicals,"Netflix, Universal+ Amazon Channel",2026-10-04,,,,830784,posters/830784.jpg,106,"When the Primm family moves to New York City, their young son Josh struggles to adapt to his new school and new friends. All of that changes when he discovers Lyle — a singing crocodile who loves baths, caviar and great music — living in the attic of his new home. But when Lyle’s existence is threatened by evil neighbor Mr. Grumps, the Primms must band together to show the world that family can come from the most unexpected places.","From the Netflix viewing history on Chris’s own profile, exported 2026-10-04. Last watched 3/4/23. Netflix listed it as ""Lyle, Lyle, Crocodile""; TMDB confirms it as a film, which is the only reason it is here. No rating given; blank beats invented. Chris rated it in the Google Sheet and it was pulled into the vault 2026-10-04: Chris 3.9. Pixie left blank; he rated alone. Genre and Lane filled by SAGE 2026-10-04 by rule of thumb (music), not Chris’s own call. Worth a glance.",PG,
21 Jump Street,2012,Action-comedy,4.2,,Household,Rated,Modern Comedy,Paramount Plus,2026-10-04,,,,64688,posters/64688.jpg,109,"When cops Schmidt and Jenko join the secret Jump Street unit, they use their youthful appearances to go undercover as high school students. They trade in their guns and badges for backpacks, and set out to shut down a dangerous drug ring. But, as time goes on, Schmidt and Jenko discover that high school is nothing like it was just a few years earlier -- and, what's more, they must again confront the teenage terror and anxiety they thought they had left behind.","From the Netflix viewing history on Chris’s own profile, exported 2026-10-04. Last watched 2/25/23. Netflix listed it as ""21 Jump Street""; TMDB confirms it as a film, which is the only reason it is here. No rating given; blank beats invented. Chris rated it in the Google Sheet and it was pulled into the vault 2026-10-04: Chris 4.2. Pixie left blank; he rated alone. Genre and Lane filled by SAGE 2026-10-04 by rule of thumb (post-2000 comedy), not Chris’s own call. Worth a glance.",R,
The 'Burbs,1989,Comedy,4,,Household,Rated,Classic Comedy,Rent: Apple TV Store,2026-10-04,,,,11974,posters/11974.jpg,102,"When secretive new neighbors move in next door, suburbanite Ray Peterson and his friends let their paranoia get the best of them as they start to suspect the newcomers of evildoings and commence an investigation. But it's hardly how Ray, who much prefers drinking beer, reading his newspaper and watching a ball game on the tube expected to spend his vacation.","From the Netflix viewing history on Chris’s own profile, exported 2026-10-04. Last watched 2/20/23. Netflix listed it as ""The 'Burbs""; TMDB confirms it as a film, which is the only reason it is here. No rating given; blank beats invented. Chris rated it in the Google Sheet and it was pulled into the vault 2026-10-04: Chris 4. Pixie left blank; he rated alone. Genre and Lane filled by SAGE 2026-10-04 by rule of thumb (pre-2000 comedy), not Chris’s own call. Worth a glance.",PG,
You People,2023,Rom-com,,,Household,"Seen, unrated",Modern Rom-com,Netflix,2026-10-04,,,,866413,posters/866413.jpg,117,"A new couple and their families reckon with modern love amid culture clashes, societal expectations and generational differences.","From the Netflix viewing history on Chris’s own profile, exported 2026-10-04. Last watched 1/28/23. Netflix listed it as ""You People""; TMDB confirms it as a film, which is the only reason it is here. No rating given; blank beats invented. Genre and Lane filled by SAGE 2026-10-04 by rule of thumb (rom-com era), not Chris’s own call. Worth a glance.",R,
Closer,2004,Romance,,,Household,"Seen, unrated",Unsorted,"Buy: Apple TV Store, Google Play Movies",2026-10-04,,,,2288,posters/2288.jpg,104,The relationships of two couples become complicated and deceitful when the man from one couple meets the woman of the other.,"From the Netflix viewing history on Chris’s own profile, exported 2026-10-04. Last watched 1/14/23. Netflix listed it as ""Closer""; TMDB confirms it as a film, which is the only reason it is here. No rating given; blank beats invented.",R,
"""Sr.""",2022,Drama,3.9,,Household,Rated,Documentary,Netflix,2026-10-04,,,,1013577,posters/1013577.jpg,90,"A portrait of the life and career of Robert Downey Sr. (1936-2021), the visionary and fearless US filmmaker — father of actor Robert Downey Jr. — who in the sixties and seventies laid the foundations for countercultural comedy.","From the Netflix viewing history on Chris’s own profile, exported 2026-10-04. Last watched 1/4/23. Netflix listed it as ""Sr.""; TMDB confirms it as a film, which is the only reason it is here. No rating given; blank beats invented. Chris rated it in the Google Sheet and it was pulled into the vault 2026-10-04: Chris 3.9. Pixie left blank; he rated alone. Genre and Lane filled by SAGE 2026-10-04 from a TMDB fact (documentary).",R,
Best of Stand-Up 2022,2022,Comedy,,,Household,"Seen, unrated",Modern Comedy,Netflix,2026-10-04,,,,1068114,posters/1068114.jpg,76,"From Bill Burr to Ali Wong, Gabriel Iglesias to Trevor Noah, Taylor Tomlinson to Jo Koy, check out the best jokes from Netflix's 2022 stand-up specials.","From the Netflix viewing history on Chris’s own profile, exported 2026-10-04. Last watched 1/1/23. Netflix listed it as ""Best of Stand-Up 2022""; TMDB confirms it as a film, which is the only reason it is here. No rating given; blank beats invented. Genre and Lane filled by SAGE 2026-10-04 by rule of thumb (post-2000 comedy), not Chris’s own call. Worth a glance.",R,
A Bad Moms Christmas,2017,Comedy,4.1,,Household,Rated,Christmas,Amazon Prime Video,2026-10-04,,,,431530,posters/431530.jpg,104,"Amy, Kiki and Carla – three under-appreciated and over-burdened women – rebel against the challenges and expectations of the Super Bowl for mothers: Christmas. And if creating a more perfect holiday for their families wasn’t hard enough, they have to do all of that while hosting and entertaining their own mothers.","From the Netflix viewing history on Chris’s own profile, exported 2026-10-04. Last watched 12/30/22. Netflix listed it as ""A Bad Moms Christmas""; TMDB confirms it as a film, which is the only reason it is here. No rating given; blank beats invented. Chris rated it in the Google Sheet and it was pulled into the vault 2026-10-04: Chris 4.1. Pixie left blank; he rated alone. Genre and Lane filled by SAGE 2026-10-04 from a strong pattern (christmas).",R,
Stutz,2022,Drama,4.6,,Household,Rated,Documentary,Netflix,2026-10-04,,,,799375,posters/799375.jpg,96,"In candid conversations with actor Jonah Hill, leading psychiatrist Phil Stutz explores his early life experiences and unique, visual model of therapy.","From the Netflix viewing history on Chris’s own profile, exported 2026-10-04. Last watched 12/24/22. Netflix listed it as ""Stutz""; TMDB confirms it as a film, which is the only reason it is here. No rating given; blank beats invented. Chris rated it in the Google Sheet and it was pulled into the vault 2026-10-04: Chris 4.6. Pixie left blank; he rated alone. Genre and Lane filled by SAGE 2026-10-04 from a TMDB fact (documentary).",R,
The School for Good and Evil,2022,Action-comedy,3,,Household,Rated,Modern Comedy,Netflix,2026-10-04,,,,779782,posters/779782.jpg,149,Best friends Sophie and Agatha navigate an enchanted school for young heroes and villains — and find themselves on opposing sides of the battle between good and evil.,"From the Netflix viewing history on Chris’s own profile, exported 2026-10-04. Last watched 12/23/22. Netflix listed it as ""The School for Good and Evil""; TMDB confirms it as a film, which is the only reason it is here. No rating given; blank beats invented. Chris rated it in the Google Sheet and it was pulled into the vault 2026-10-04: Chris 3. Pixie left blank; he rated alone. Genre and Lane filled by SAGE 2026-10-04 by rule of thumb (post-2000 comedy), not Chris’s own call. Worth a glance.",PG-13,
Who Killed Santa? A Murderville Murder Mystery,2022,Action-comedy,,,Household,"Seen, unrated",Christmas,Netflix,2026-10-04,,,,1050266,posters/1050266.jpg,53,A holiday-hating detective is forced to solve a murder — and save Christmas — with help from famous trainees who must improv their way through the case.,"From the Netflix viewing history on Chris’s own profile, exported 2026-10-04. Last watched 12/22/22. Netflix listed it as ""Who Killed Santa? A Murderville Murder Mystery""; TMDB confirms it as a film, which is the only reason it is here. No rating given; blank beats invented. Genre and Lane filled by SAGE 2026-10-04 from a strong pattern (christmas).",R,
Falling for Christmas,2022,Rom-com,,,Household,"Seen, unrated",Christmas,Netflix,2026-10-04,,,,833097,posters/833097.jpg,95,"An engaged, spoiled hotel heiress finds herself in the care of a handsome, blue-collar lodge owner and his precocious daughter after getting amnesia in a skiing accident.","From the Netflix viewing history on Chris’s own profile, exported 2026-10-04. Last watched 12/19/22. Netflix listed it as ""Falling for Christmas""; TMDB confirms it as a film, which is the only reason it is here. No rating given; blank beats invented. Genre and Lane filled by SAGE 2026-10-04 from a strong pattern (christmas).",PG,
Scrooge: A Christmas Carol,2022,Animated / family,4.2,,Household,Rated,Christmas,Netflix,2026-10-04,,,,1001865,posters/1001865.jpg,97,"On a cold Christmas Eve, selfish miser Ebenezer Scrooge has one night left to face his past — and change the future — before time runs out.","From the Netflix viewing history on Chris’s own profile, exported 2026-10-04. Last watched 12/12/22. Netflix listed it as ""Scrooge: A Christmas Carol""; TMDB confirms it as a film, which is the only reason it is here. No rating given; blank beats invented. Chris rated it in the Google Sheet and it was pulled into the vault 2026-10-04: Chris 4.2. Pixie left blank; he rated alone. Genre and Lane filled by SAGE 2026-10-04 from a strong pattern (christmas).",G,
Slumberland,2022,Action-comedy,,,Household,"Seen, unrated",Family Adventure,Netflix,2026-10-04,,,,668461,posters/668461.jpg,117,"A young girl discovers a secret map to the dreamworld of Slumberland, and with the help of an eccentric outlaw, she traverses dreams and flees nightmares, with the hope that she will be able to see her late father again.","From the Netflix viewing history on Chris’s own profile, exported 2026-10-04. Last watched 11/24/22. Netflix listed it as ""Slumberland""; TMDB confirms it as a film, which is the only reason it is here. No rating given; blank beats invented. Genre and Lane filled by SAGE 2026-10-04 by rule of thumb (family adventure), not Chris’s own call. Worth a glance.",PG,
Land of the Lost,2009,Action-comedy,3.7,,Household,Rated,Frat Pack,Netflix,2026-10-04,,,,18162,posters/18162.jpg,102,"On his latest expedition, has-been scientist Dr. Rick Marshall is sucked into a space-time vortex alongside his crack-smart research assistant Holly and redneck survivalist Will into a world populated by marauding dinosaurs and painfully slow creatures called Sleestaks. With no weapons, few skills and questionable smarts, the trio must rely on their only ally, a primate named Chaka, to try to survive long enough to figure out a way back home.","From the Netflix viewing history on Chris’s own profile, exported 2026-10-04. Last watched 11/12/22. Netflix listed it as ""Land of the Lost""; TMDB confirms it as a film, which is the only reason it is here. No rating given; blank beats invented. Chris rated it in the Google Sheet and it was pulled into the vault 2026-10-04: Chris 3.7. Pixie left blank; he rated alone. Genre and Lane filled by SAGE 2026-10-04 from a strong pattern (Frat Pack cast).",PG-13,
The Redeem Team,2022,Drama,4.3,,Household,Rated,Documentary,Netflix,2026-10-04,,,,1018648,posters/1018648.jpg,98,"Using unprecedented Olympic footage and behind-the-scenes material, The Redeem Team tells the story of the US Olympic Men's Basketball Team’s quest for gold at the 2008 Olympic Games in Beijing following the previous team’s shocking performance four years earlier in Athens.","From the Netflix viewing history on Chris’s own profile, exported 2026-10-04. Last watched 10/17/22. Netflix listed it as ""The Redeem Team""; TMDB confirms it as a film, which is the only reason it is here. No rating given; blank beats invented. Chris rated it in the Google Sheet and it was pulled into the vault 2026-10-04: Chris 4.3. Pixie left blank; he rated alone. Genre and Lane filled by SAGE 2026-10-04 from a TMDB fact (documentary).",,
Travelin' Band: Creedence Clearwater Revival at the Royal Albert Hall,2022,Drama,4.2,,Household,Rated,Documentary,,2026-10-04,,,,1025029,posters/1025029.jpg,86,"Featuring never-before-seen concert footage and narration by Jeff Bridges, this documentary explores CCR's humble origins and meteoric rise. It includes the entire set recorded at the Royal Albert Hall on April 14th, 1970.","From the Netflix viewing history on Chris’s own profile, exported 2026-10-04. Last watched 10/2/22. Netflix listed it as ""Travelin' Band: Creedence Clearwater Revival at the Royal Albert Hall""; TMDB confirms it as a film, which is the only reason it is here. No rating given; blank beats invented. Chris rated it in the Google Sheet and it was pulled into the vault 2026-10-04: Chris 4.2. Pixie left blank; he rated alone. Genre and Lane filled by SAGE 2026-10-04 from a TMDB fact (documentary).",,
Nick Kroll: Little Big Boy,2022,Comedy,,,Household,"Seen, unrated",Modern Comedy,Netflix,2026-10-04,,,,1016234,posters/1016234.jpg,60,"Nick Kroll shares his comedian origin story, his first heartbreak, his strange hypnosis experience and the trash-talking celebrity voice in his head.","From the Netflix viewing history on Chris’s own profile, exported 2026-10-04. Last watched 10/2/22. Netflix listed it as ""Nick Kroll: Little Big Boy""; TMDB confirms it as a film, which is the only reason it is here. No rating given; blank beats invented. Genre and Lane filled by SAGE 2026-10-04 by rule of thumb (post-2000 comedy), not Chris’s own call. Worth a glance.",R,
Spiderhead,2022,Sci-fi,3.5,3.5,Household,Rated,Sci-fi Canon,Netflix,2026-10-04,,,,615469,posters/615469.jpg,107,A prisoner in a state-of-the-art penitentiary begins to question the purpose of the emotion-controlling drugs he's testing for a pharmaceutical genius.,"From the Netflix viewing history on Chris’s own profile, exported 2026-10-04. Last watched 9/25/22. Netflix listed it as ""Spiderhead""; TMDB confirms it as a film, which is the only reason it is here. No rating given; blank beats invented. Genre and Lane filled by SAGE 2026-10-04 by rule of thumb (sci-fi), not Chris’s own call. Worth a glance. Pulled from the Google Sheet 2026-10-04: Chris (blank) -> 3.5; Pixie (blank) -> 3.5; Status Seen, unrated -> Rated.",R,
That's My Boy,2012,Comedy,3.8,,Household,Rated,Modern Comedy,Sony One Amazon Channel,2026-10-04,,,,87428,posters/87428.jpg,116,"While in his teens, Donny fathered a son, Todd, and raised him as a single parent up until Todd's 18th birthday. Now, after not seeing each other for years, Todd's world comes crashing down when Donny resurfaces just before Todd's wedding.","From the Netflix viewing history on Chris’s own profile, exported 2026-10-04. Last watched 9/11/22. Netflix listed it as ""That's My Boy""; TMDB confirms it as a film, which is the only reason it is here. No rating given; blank beats invented. Chris rated it in the Google Sheet and it was pulled into the vault 2026-10-04: Chris 3.8. Pixie left blank; he rated alone. Genre and Lane filled by SAGE 2026-10-04 by rule of thumb (post-2000 comedy), not Chris’s own call. Worth a glance.",R,
Me Time,2022,Comedy,,,Household,"Seen, unrated",Modern Comedy,Netflix,2026-10-04,,,,862551,posters/862551.jpg,105,"With his family away, a devoted stay-at-home dad enjoys his first me time in years by joining his hard-partying old friend on a wild birthday adventure.","From the Netflix viewing history on Chris’s own profile, exported 2026-10-04. Last watched 9/2/22. Netflix listed it as ""Me Time""; TMDB confirms it as a film, which is the only reason it is here. No rating given; blank beats invented. Genre and Lane filled by SAGE 2026-10-04 by rule of thumb (post-2000 comedy), not Chris’s own call. Worth a glance.",R,
Day Shift,2022,Action-comedy,,,Household,"Seen, unrated",Modern Comedy,Netflix,2026-10-04,,,,755566,posters/755566.jpg,114,An LA vampire hunter has a week to come up with the cash to pay for his kid's tuition and braces. Trying to make a living these days just might kill him.,"From the Netflix viewing history on Chris’s own profile, exported 2026-10-04. Last watched 8/20/22. Netflix listed it as ""Day Shift""; TMDB confirms it as a film, which is the only reason it is here. No rating given; blank beats invented. Genre and Lane filled by SAGE 2026-10-04 by rule of thumb (post-2000 comedy), not Chris’s own call. Worth a glance.",R,
Mr. Right,2016,Rom-com,,,Household,"Seen, unrated",Modern Rom-com,,2026-10-04,,,,333385,posters/333385.jpg,95,"A girl falls for the ""perfect"" guy, who happens to have a very fatal flaw: he's a hitman on the run from the crime cartels who employ him.","From the Netflix viewing history on Chris’s own profile, exported 2026-10-04. Last watched 7/10/22. Netflix listed it as ""Mr. Right""; TMDB confirms it as a film, which is the only reason it is here. No rating given; blank beats invented. Genre and Lane filled by SAGE 2026-10-04 by rule of thumb (rom-com era), not Chris’s own call. Worth a glance.",R,
Due Date,2010,Comedy,4.1,,Household,Rated,Modern Comedy,"Netflix, Universal+ Amazon Channel",2026-10-04,,,,41733,posters/41733.jpg,95,"Peter Highman must scramble across the US in five days to be present for the birth of his first child. He gets off to a bad start when his wallet and luggage are stolen, and put on the 'no-fly' list. Peter embarks on a terrifying journey when he accepts a ride from an actor.","From the Netflix viewing history on Chris’s own profile, exported 2026-10-04. Last watched 7/10/22. Netflix listed it as ""Due Date""; TMDB confirms it as a film, which is the only reason it is here. No rating given; blank beats invented. Chris rated it in the Google Sheet and it was pulled into the vault 2026-10-04: Chris 4.1. Pixie left blank; he rated alone. Genre and Lane filled by SAGE 2026-10-04 by rule of thumb (post-2000 comedy), not Chris’s own call. Worth a glance.",R,
The Man from Toronto,2022,Action-comedy,3.8,,Household,Rated,Modern Comedy,"Netflix, Universal+ Amazon Channel",2026-10-04,,,,667739,posters/667739.jpg,113,A case of mistaken identity forces a bumbling entrepreneur to team up with a notorious assassin known as The Man from Toronto in hopes of staying alive.,"From the Netflix viewing history on Chris’s own profile, exported 2026-10-04. Last watched 7/6/22. Netflix listed it as ""The Man from Toronto""; TMDB confirms it as a film, which is the only reason it is here. No rating given; blank beats invented. Chris rated it in the Google Sheet and it was pulled into the vault 2026-10-04: Chris 3.8. Pixie left blank; he rated alone. Genre and Lane filled by SAGE 2026-10-04 by rule of thumb (post-2000 comedy), not Chris’s own call. Worth a glance.",PG-13,
Hustle,2022,Comedy,3.7,,Household,Rated,Modern Comedy,Netflix,2026-10-04,,,,705861,posters/705861.jpg,117,"After discovering a once-in-a-lifetime player with a rocky past abroad, a down on his luck basketball scout takes it upon himself to bring the phenom to the States without his team's approval. Against the odds, they have one final shot to prove they have what it takes to make it in the NBA.","From the Netflix viewing history on Chris’s own profile, exported 2026-10-04. Last watched 6/12/22. Netflix listed it as ""Hustle""; TMDB confirms it as a film, which is the only reason it is here. No rating given; blank beats invented. Chris rated it in the Google Sheet and it was pulled into the vault 2026-10-04: Chris 3.7. Pixie left blank; he rated alone. Genre and Lane filled by SAGE 2026-10-04 by rule of thumb (post-2000 comedy), not Chris’s own call. Worth a glance.",R,
Bill Burr Presents: Friends Who Kill,2022,Comedy,,,Household,"Seen, unrated",Modern Comedy,Netflix,2026-10-04,,,,983683,posters/983683.jpg,73,"In a night of killer comedy, Bill Burr hosts a showcase of his most raucous stand-up comic pals as they riff on everything from COVID to Michael Jackson.","From the Netflix viewing history on Chris’s own profile, exported 2026-10-04. Last watched 6/11/22. Netflix listed it as ""Bill Burr Presents: Friends Who Kill""; TMDB confirms it as a film, which is the only reason it is here. No rating given; blank beats invented. Genre and Lane filled by SAGE 2026-10-04 by rule of thumb (post-2000 comedy), not Chris’s own call. Worth a glance.",,
Breaking Boundaries: The Science of Our Planet,2021,Drama,,,Household,"Seen, unrated",Documentary,Netflix,2026-10-04,,,,828146,posters/828146.jpg,73,David Attenborough and scientist Johan Rockström examine Earth's biodiversity collapse and how this crisis can still be averted.,"From the Netflix viewing history on Chris’s own profile, exported 2026-10-04. Last watched 6/6/22. Netflix listed it as ""Breaking Boundaries: The Science Of Our Planet""; TMDB confirms it as a film, which is the only reason it is here. No rating given; blank beats invented. Genre and Lane filled by SAGE 2026-10-04 from a TMDB fact (documentary).",PG,
Senior Year,2022,Comedy,,,Household,"Seen, unrated",Modern Comedy,Netflix,2026-10-04,,,,800937,posters/800937.jpg,114,"A 37-year-old woman wakes up from a 22-year coma, and returns to the high school where she was once a popular cheerleader to finish her senior year and become prom queen.","From the Netflix viewing history on Chris’s own profile, exported 2026-10-04. Last watched 5/14/22. Netflix listed it as ""Senior Year""; TMDB confirms it as a film, which is the only reason it is here. No rating given; blank beats invented. Genre and Lane filled by SAGE 2026-10-04 by rule of thumb (post-2000 comedy), not Chris’s own call. Worth a glance.",R,
Honeymoon with My Mother,2022,Comedy,,,Household,"Seen, unrated",Modern Comedy,Netflix,2026-10-04,,,,955971,posters/955971.jpg,110,"A young man is stood up at the altar. His overprotective mother decides to join him is what would have been his honeymoon, so as not to waste the trip. He ails while his mum enjoys the trip of her life.","From the Netflix viewing history on Chris’s own profile, exported 2026-10-04. Last watched 5/12/22. Netflix listed it as ""Honeymoon with My Mother""; TMDB confirms it as a film, which is the only reason it is here. No rating given; blank beats invented. Genre and Lane filled by SAGE 2026-10-04 by rule of thumb (post-2000 comedy), not Chris’s own call. Worth a glance.",,
Chappelle's Home Team - Earthquake: Legendary,2022,Comedy,,,Household,"Seen, unrated",Modern Comedy,Netflix,2026-10-04,,,,943022,posters/943022.jpg,36,"Earthquake shakes up the stage with his takes on ""health is wealth,"" prostate exams and one particularly lengthy celebrity funeral.","From the Netflix viewing history on Chris’s own profile, exported 2026-10-04. Last watched 4/6/22. Netflix listed it as ""Chappelle's Home Team - Earthquake: Legendary""; TMDB confirms it as a film, which is the only reason it is here. No rating given; blank beats invented. Genre and Lane filled by SAGE 2026-10-04 by rule of thumb (post-2000 comedy), not Chris’s own call. Worth a glance.",R,
The Starling,2021,Drama,,,Household,"Seen, unrated",Unsorted,Netflix,2026-10-04,,,,468225,posters/468225.jpg,103,A woman adjusting to life after a loss contends with a feisty bird that's taken over her garden — and a husband who's struggling to find a way forward.,"From the Netflix viewing history on Chris’s own profile, exported 2026-10-04. Last watched 4/2/22. Netflix listed it as ""The Starling""; TMDB confirms it as a film, which is the only reason it is here. No rating given; blank beats invented.",PG-13,
Good on Paper,2021,Rom-com,,,Household,"Seen, unrated",Modern Rom-com,Netflix,2026-10-04,,,,823461,posters/823461.jpg,92,"After years of putting her career ahead of love, stand-up comic Andrea Singer has stumbled upon the perfect guy. On paper, he checks all the boxes, but is he everything he appears to be?","From the Netflix viewing history on Chris’s own profile, exported 2026-10-04. Last watched 2/28/22. Netflix listed it as ""Good on Paper""; TMDB confirms it as a film, which is the only reason it is here. No rating given; blank beats invented. Genre and Lane filled by SAGE 2026-10-04 by rule of thumb (rom-com era), not Chris’s own call. Worth a glance.",R,
The Wedding Singer,1998,Rom-com,4.3,,Household,Rated,Modern Rom-com,Rent: Apple TV Store,2026-10-04,,,,11003,posters/11003.jpg,97,"Robbie, a local rock star turned wedding singer, is dumped on the day of his wedding. Meanwhile, waitress Julia finally sets a wedding date with her fiancée Glenn. When Julia and Robbie meet and hit it off, they find that things are more complicated than anybody thought.","From the Netflix viewing history on Chris’s own profile, exported 2026-10-04. Last watched 1/10/22. Netflix listed it as ""The Wedding Singer""; TMDB confirms it as a film, which is the only reason it is here. No rating given; blank beats invented. Chris rated it in the Google Sheet and it was pulled into the vault 2026-10-04: Chris 4.3. Pixie left blank; he rated alone. Genre and Lane filled by SAGE 2026-10-04 by rule of thumb (rom-com era), not Chris’s own call. Worth a glance.",PG-13,
Synchronic,2020,Sci-fi,,,Household,"Seen, unrated",Time & Second Chances,"Rent: Apple TV Store, Google Play Movies",2026-10-04,,,,549294,posters/549294.jpg,102,"Two New Orleans paramedics' lives are ripped apart after encountering a series of horrific deaths linked to a designer drug with bizarre, otherworldly effects.","From the Netflix viewing history on Chris’s own profile, exported 2026-10-04. Last watched 1/9/22. Netflix listed it as ""Synchronic""; TMDB confirms it as a film, which is the only reason it is here. No rating given; blank beats invented. Genre and Lane filled by SAGE 2026-10-04 from a strong pattern (time travel).",R,
"tick, tick... BOOM!",2021,Drama,4.1,,Household,Rated,Music & Musicals,Netflix,2026-10-04,,,,537116,posters/537116.jpg,120,"On the brink of turning 30, a promising theater composer navigates love, friendship and the pressure to create something great before time runs out.","From the Netflix viewing history on Chris’s own profile, exported 2026-10-04. Last watched 1/3/22. Netflix listed it as ""tick, tick...BOOM!""; TMDB confirms it as a film, which is the only reason it is here. No rating given; blank beats invented. Chris rated it in the Google Sheet and it was pulled into the vault 2026-10-04: Chris 4.1. Pixie left blank; he rated alone. Genre and Lane filled by SAGE 2026-10-04 by rule of thumb (music), not Chris’s own call. Worth a glance.",PG-13,
The Tourist,2010,Romance,,,Household,"Seen, unrated",Blockbuster,HBO Max,2026-10-04,,,,37710,posters/37710.jpg,103,"American tourist Frank meets mysterious British woman Elise on the train to Venice. Romance seems to bud, but there's more to her than meets the eye.","From the Netflix viewing history on Chris’s own profile, exported 2026-10-04. Last watched 12/30/21. Netflix listed it as ""The Tourist""; TMDB confirms it as a film, which is the only reason it is here. No rating given; blank beats invented. Genre and Lane filled by SAGE 2026-10-04 by rule of thumb (big-budget spectacle), not Chris’s own call. Worth a glance.",PG-13,
The Wrong Missy,2020,Rom-com,,,Household,"Seen, unrated",Modern Rom-com,Netflix,2026-10-04,,,,582596,posters/582596.jpg,90,"A guy meets the woman of his dreams and invites her to his company's corporate retreat, but realizes he sent the invite to the wrong person.","From the Netflix viewing history on Chris’s own profile, exported 2026-10-04. Last watched 12/29/21. Netflix listed it as ""The Wrong Missy""; TMDB confirms it as a film, which is the only reason it is here. No rating given; blank beats invented. Genre and Lane filled by SAGE 2026-10-04 by rule of thumb (rom-com era), not Chris’s own call. Worth a glance.",R,
The Ballad of Buster Scruggs,2018,Comedy,,,Household,"Seen, unrated",Modern Comedy,Netflix,2026-10-04,,,,537996,posters/537996.jpg,132,"Vignettes weaving together the stories of six individuals in the old West at the end of the Civil War. Following the tales of a sharp-shooting songster, a wannabe bank robber, two weary traveling performers, a lone gold prospector, a woman traveling the West to an uncertain future, and a motley crew of strangers undertaking a carriage ride.","From the Netflix viewing history on Chris’s own profile, exported 2026-10-04. Last watched 12/29/21. Netflix listed it as ""The Ballad of Buster Scruggs""; TMDB confirms it as a film, which is the only reason it is here. No rating given; blank beats invented. Genre and Lane filled by SAGE 2026-10-04 by rule of thumb (post-2000 comedy), not Chris’s own call. Worth a glance.",R,
Paddleton,2019,Comedy,4.8,,Household,Rated,Modern Comedy,Netflix,2026-10-04,,,,525183,posters/525183.jpg,89,An unlikely friendship between two neighbors becomes an unexpectedly emotional journey when the younger man is diagnosed with terminal cancer.,"From the Netflix viewing history on Chris’s own profile, exported 2026-10-04. Last watched 12/29/21. Netflix listed it as ""Paddleton""; TMDB confirms it as a film, which is the only reason it is here. No rating given; blank beats invented. Chris rated it in the Google Sheet and it was pulled into the vault 2026-10-04: Chris 4.8. Pixie left blank; he rated alone. Genre and Lane filled by SAGE 2026-10-04 by rule of thumb (post-2000 comedy), not Chris’s own call. Worth a glance.",R,
Puff: Wonders of the Reef,2021,Drama,,,Household,"Seen, unrated",Documentary,Netflix,2026-10-04,,,,890601,posters/890601.jpg,59,A baby pufferfish travels through a wondrous microworld full of fantastical creatures as he searches for a home on the Great Barrier Reef.,"From the Netflix viewing history on Chris’s own profile, exported 2026-10-04. Last watched 12/27/21. Netflix listed it as ""Puff: Wonders of the Reef""; TMDB confirms it as a film, which is the only reason it is here. No rating given; blank beats invented. Genre and Lane filled by SAGE 2026-10-04 from a TMDB fact (documentary).",PG,
Don't Look Up,2021,Action-comedy,,,Household,"Seen, unrated",Frat Pack,Netflix,2026-10-04,,,,646380,posters/646380.jpg,138,Two astronomers go on a media tour to warn humankind of a planet-killing comet hurtling toward Earth. The response from a distracted world: Meh.,"From the Netflix viewing history on Chris’s own profile, exported 2026-10-04. Last watched 12/25/21. Netflix listed it as ""Don't Look Up""; TMDB confirms it as a film, which is the only reason it is here. No rating given; blank beats invented. Genre and Lane filled by SAGE 2026-10-04 from a strong pattern (director Adam McKay).",R,
"Hail, Caesar!",2016,Comedy,,,Household,"Seen, unrated",Whodunnit,"Rent: Apple TV Store, Google Play Movies",2026-10-04,,,,270487,posters/270487.jpg,106,"When a Hollywood star mysteriously disappears in the middle of filming, the studio sends their fixer to get him back.","From the Netflix viewing history on Chris’s own profile, exported 2026-10-04. Last watched 12/24/21. Netflix listed it as ""Hail, Caesar!""; TMDB confirms it as a film, which is the only reason it is here. No rating given; blank beats invented. Genre and Lane filled by SAGE 2026-10-04 from a strong pattern (mystery).",PG-13,
Spenser Confidential,2020,Action-comedy,,,Household,"Seen, unrated",Modern Comedy,Netflix,2026-10-04,,,,581600,posters/581600.jpg,110,"Spenser, a former Boston patrolman who just got out from prison, teams up with Hawk, an aspiring fighter, to unravel the truth behind the death of two police officers.","From the Netflix viewing history on Chris’s own profile, exported 2026-10-04. Last watched 12/16/21. Netflix listed it as ""Spenser Confidential""; TMDB confirms it as a film, which is the only reason it is here. No rating given; blank beats invented. Genre and Lane filled by SAGE 2026-10-04 by rule of thumb (post-2000 comedy), not Chris’s own call. Worth a glance.",R,
A Very Harold & Kumar Christmas,2011,Comedy,4.1,,Household,Rated,Christmas,Rent: Apple TV Store,2026-10-04,,,,55465,posters/55465.jpg,90,"Six years have elapsed since Guantanamo Bay, leaving Harold and Kumar estranged from one another with very different families, friends and lives. But when Kumar arrives on Harold's doorstep during the holiday season with a mysterious package in hand, he inadvertently burns down Harold's father-in-law's beloved Christmas tree. To fix the problem, Harold and Kumar embark on a mission through New York City to find the perfect Christmas tree, once again stumbling into trouble at every single turn.","From the Netflix viewing history on Chris’s own profile, exported 2026-10-04. Last watched 12/13/21. Netflix listed it as ""A Very Harold & Kumar Christmas""; TMDB confirms it as a film, which is the only reason it is here. No rating given; blank beats invented. Chris rated it in the Google Sheet and it was pulled into the vault 2026-10-04: Chris 4.1. Pixie left blank; he rated alone. Genre and Lane filled by SAGE 2026-10-04 from a strong pattern (christmas).",R,
Single All the Way,2021,Rom-com,,,Household,"Seen, unrated",Christmas,Netflix,2026-10-04,,,,810873,posters/810873.jpg,99,"Desperate to avoid his family’s judgment about his perpetual single status, Peter convinces his best friend Nick to join him for the holidays and pretend that they’re now in a relationship. But when Peter’s mother sets him up on a blind date with her handsome trainer James, the plan goes awry.","From the Netflix viewing history on Chris’s own profile, exported 2026-10-04. Last watched 12/13/21. Netflix listed it as ""Single All The Way""; TMDB confirms it as a film, which is the only reason it is here. No rating given; blank beats invented. Genre and Lane filled by SAGE 2026-10-04 from a strong pattern (christmas).",,
Confessions of an Invisible Girl,2021,Comedy,,,Household,"Seen, unrated",Modern Comedy,Netflix,2026-10-04,,,,786705,posters/786705.jpg,91,"When the clever but socially-awkward Tetê joins a new school, she'll do anything to fit in. But the queen bee among her classmates has other ideas.","From the Netflix viewing history on Chris’s own profile, exported 2026-10-04. Last watched 12/13/21. Netflix listed it as ""Confessions of an Invisible Girl""; TMDB confirms it as a film, which is the only reason it is here. No rating given; blank beats invented. Genre and Lane filled by SAGE 2026-10-04 by rule of thumb (post-2000 comedy), not Chris’s own call. Worth a glance.",,
Elf Pets: Santa's Reindeer Rescue,2020,Animated / family,,,Household,"Seen, unrated",Animated Family,Netflix,2026-10-04,,,,759633,posters/759633.jpg,27,"It's almost Christmas and Santa's test flights have run into trouble. Can The Elf on the Shelf, a crew of adorable Elf Pets Reindeer and Santa's gang of trusted Scout Elf friends help him find the answer before it's too late? Join Santa's cast of whimsical characters in this animated Christmas Special full of toe-tapping humor and heart, as they work together to save the holiday season and discover the power of love.","From the Netflix viewing history on Chris’s own profile, exported 2026-10-04. Last watched 12/9/21. Netflix listed it as ""Elf Pets: Santa’s Reindeer Rescue""; TMDB confirms it as a film, which is the only reason it is here. No rating given; blank beats invented. Genre and Lane filled by SAGE 2026-10-04 from a strong pattern (animation).",G,
Bad Trip,2021,Comedy,,,Household,"Seen, unrated",Modern Comedy,Netflix,2026-10-04,,,,578908,posters/578908.jpg,87,"In this hidden-camera prank comedy, two best friends bond on a wild road trip to New York as they pull real people into their raunchy, raucous antics.","From the Netflix viewing history on Chris’s own profile, exported 2026-10-04. Last watched 12/2/21. Netflix listed it as ""Bad Trip""; TMDB confirms it as a film, which is the only reason it is here. No rating given; blank beats invented. Genre and Lane filled by SAGE 2026-10-04 by rule of thumb (post-2000 comedy), not Chris’s own call. Worth a glance.",R,
A Castle for Christmas,2021,Action-comedy,,,Household,"Seen, unrated",Christmas,Netflix,2026-10-04,,,,758879,posters/758879.jpg,98,"To escape a scandal, a bestselling author journeys to Scotland, where she falls in love with a castle -- and faces off with the grumpy duke who owns it.","From the Netflix viewing history on Chris’s own profile, exported 2026-10-04. Last watched 11/27/21. Netflix listed it as ""A Castle For Christmas""; TMDB confirms it as a film, which is the only reason it is here. No rating given; blank beats invented. Genre and Lane filled by SAGE 2026-10-04 from a strong pattern (christmas).",G,
Just Friends,2005,Rom-com,4,,Household,Rated,Christmas,Amazon Prime Video,2026-10-04,,,,10033,posters/10033.jpg,94,"While visiting his hometown during Christmas, a man comes face-to-face with his old high school crush whom he was best friends with – a woman whose rejection of him turned him into a ferocious womanizer.","From the Netflix viewing history on Chris’s own profile, exported 2026-10-04. Last watched 11/15/21. Netflix listed it as ""Just Friends""; TMDB confirms it as a film, which is the only reason it is here. No rating given; blank beats invented. Chris rated it in the Google Sheet and it was pulled into the vault 2026-10-04: Chris 4. Pixie left blank; he rated alone. Genre and Lane filled by SAGE 2026-10-04 from a strong pattern (christmas).",PG-13,
Love Hard,2021,Rom-com,,,Household,"Seen, unrated",Christmas,Netflix,2026-10-04,,,,734265,posters/734265.jpg,105,"An LA girl, unlucky in love, falls for an East Coast guy on a dating app and decides to surprise him for Christmas, only to discover that she's been catfished. But the object of her affection actually lives in the same town, and the guy who duped her offers to set them up if she pretends to be his own girlfriend for the holidays.","From the Netflix viewing history on Chris’s own profile, exported 2026-10-04. Last watched 11/10/21. Netflix listed it as ""Love Hard""; TMDB confirms it as a film, which is the only reason it is here. No rating given; blank beats invented. Genre and Lane filled by SAGE 2026-10-04 from a strong pattern (christmas).",,
Safe House,2025,Action,,,Household,"Seen, unrated",Action,,2026-10-04,,,,1522923,posters/1522923.jpg,90,"Trapped in a high-security safe house after a terrorist attack in downtown Los Angeles, six government agents realize they must survive not just the enemy outside, but the potential traitor among them.","From the Netflix viewing history on Chris’s own profile, exported 2026-10-04. Last watched 10/29/21. Netflix listed it as ""Safe House""; TMDB confirms it as a film, which is the only reason it is here. No rating given; blank beats invented. Genre and Lane filled by SAGE 2026-10-04 by rule of thumb (action), not Chris’s own call. Worth a glance.",,
The Perfect Date,2019,Rom-com,,,Household,"Seen, unrated",Modern Rom-com,Netflix,2026-10-04,,,,543540,posters/543540.jpg,90,"No beau? No problem! To earn money for college, a high schooler creates a dating app that lets him act as a stand-in boyfriend.","From the Netflix viewing history on Chris’s own profile, exported 2026-10-04. Last watched 10/17/21. Netflix listed it as ""The Perfect Date""; TMDB confirms it as a film, which is the only reason it is here. No rating given; blank beats invented. Genre and Lane filled by SAGE 2026-10-04 by rule of thumb (rom-com era), not Chris’s own call. Worth a glance.",PG-13,
Something Borrowed,2026,Drama,,,Household,"Seen, unrated",Horror,,2026-10-04,,,,1635552,posters/1635552.jpg,10,"On the morning of her wedding, a bride does anything it takes to fit into her wedding dress.","From the Netflix viewing history on Chris’s own profile, exported 2026-10-04. Last watched 10/17/21. Netflix listed it as ""Something Borrowed""; TMDB confirms it as a film, which is the only reason it is here. No rating given; blank beats invented. Genre and Lane filled by SAGE 2026-10-04 by rule of thumb (horror), not Chris’s own call. Worth a glance.",,
The Incredible Jessica James,2017,Rom-com,,,Household,"Seen, unrated",Modern Rom-com,Netflix,2026-10-04,,,,432789,posters/432789.jpg,83,"Burned by a bad breakup, a struggling New York City playwright makes an unlikely connection with a divorced app designer she meets on a blind date.","From the Netflix viewing history on Chris’s own profile, exported 2026-10-04. Last watched 9/26/21. Netflix listed it as ""The Incredible Jessica James""; TMDB confirms it as a film, which is the only reason it is here. No rating given; blank beats invented. Genre and Lane filled by SAGE 2026-10-04 by rule of thumb (rom-com era), not Chris’s own call. Worth a glance.",,
To All the Boys: Always and Forever,2021,Rom-com,4,4,Household,Rated,Modern Rom-com,Netflix,2026-10-04,,,,614409,posters/614409.jpg,114,Senior year of high school takes center stage as Lara Jean returns from a family trip to Korea and considers her college plans — with and without Peter.,"From the Netflix viewing history on Chris’s own profile, exported 2026-10-04. Last watched 9/26/21. Netflix listed it as ""To All The Boys: Always And Forever""; TMDB confirms it as a film, which is the only reason it is here. No rating given; blank beats invented. Genre and Lane filled by SAGE 2026-10-04 by rule of thumb (rom-com era), not Chris’s own call. Worth a glance.",PG-13,
Triple Frontier,2019,Action,,,Household,"Seen, unrated",Blockbuster,Netflix,2026-10-04,,,,399361,posters/399361.jpg,125,"Struggling to make ends meet, former special ops soldiers reunite for a high-stakes heist: stealing $75 million from a South American drug lord.","From the Netflix viewing history on Chris’s own profile, exported 2026-10-04. Last watched 9/26/21. Netflix listed it as ""Triple Frontier""; TMDB confirms it as a film, which is the only reason it is here. No rating given; blank beats invented. Genre and Lane filled by SAGE 2026-10-04 by rule of thumb (big-budget spectacle), not Chris’s own call. Worth a glance.",R,
To All the Boys: P.S. I Still Love You,2020,Rom-com,3.9,3.9,Household,Rated,Modern Rom-com,Netflix,2026-10-04,,,,565426,posters/565426.jpg,102,Lara Jean and Peter have just taken their romance from pretend to officially real when another recipient of one of her love letters enters the picture.,"From the Netflix viewing history on Chris’s own profile, exported 2026-10-04. Last watched 9/26/21. Netflix listed it as ""To All the Boys: P.S. I Still Love You""; TMDB confirms it as a film, which is the only reason it is here. No rating given; blank beats invented. Genre and Lane filled by SAGE 2026-10-04 by rule of thumb (rom-com era), not Chris’s own call. Worth a glance.",PG-13,
To All the Boys I've Loved Before,2018,Rom-com,4,4,Household,Rated,Modern Rom-com,Netflix,2026-10-04,,,,466282,posters/466282.jpg,100,Lara Jean's love life goes from imaginary to out of control when her secret letters to every boy she's ever fallen for are mysteriously mailed out.,"From the Netflix viewing history on Chris’s own profile, exported 2026-10-04. Last watched 9/26/21. Netflix listed it as ""To All the Boys I’ve Loved Before""; TMDB confirms it as a film, which is the only reason it is here. No rating given; blank beats invented. Genre and Lane filled by SAGE 2026-10-04 by rule of thumb (rom-com era), not Chris’s own call. Worth a glance.",PG-13,
Afterlife of the Party,2021,Comedy,,,Household,"Seen, unrated",Modern Comedy,Netflix,2026-10-04,,,,785457,posters/785457.jpg,109,A social butterfly who dies during her birthday week is given a second chance to right her wrongs on Earth.,"From the Netflix viewing history on Chris’s own profile, exported 2026-10-04. Last watched 9/25/21. Netflix listed it as ""Afterlife of the Party""; TMDB confirms it as a film, which is the only reason it is here. No rating given; blank beats invented. Genre and Lane filled by SAGE 2026-10-04 by rule of thumb (post-2000 comedy), not Chris’s own call. Worth a glance.",,
When We First Met,2018,Rom-com,,,Household,"Seen, unrated",Time & Second Chances,Netflix,2026-10-04,,,,433310,posters/433310.jpg,97,"Using a magical photo booth that sends him back in time, Noah relives the night he met Avery over and over, trying to persuade her to fall for him.","From the Netflix viewing history on Chris’s own profile, exported 2026-10-04. Last watched 9/11/21. Netflix listed it as ""When We First Met""; TMDB confirms it as a film, which is the only reason it is here. No rating given; blank beats invented. Genre and Lane filled by SAGE 2026-10-04 from a strong pattern (time travel).",PG-13,
"Bob Ross: Happy Accidents, Betrayal & Greed",2021,Drama,4.2,,Household,Rated,Documentary,Netflix,2026-10-04,,,,853354,posters/853354.jpg,92,Bob Ross brought joy to millions as the world's most famous art instructor. But a battle for his business empire cast a shadow over his happy trees.,"From the Netflix viewing history on Chris’s own profile, exported 2026-10-04. Last watched 9/1/21. Netflix listed it as ""Bob Ross: Happy Accidents, Betrayal & Greed""; TMDB confirms it as a film, which is the only reason it is here. No rating given; blank beats invented. Chris rated it in the Google Sheet and it was pulled into the vault 2026-10-04: Chris 4.2. Pixie left blank; he rated alone. Genre and Lane filled by SAGE 2026-10-04 from a TMDB fact (documentary).",PG-13,
Sweet Girl,2021,Action,,,Household,"Seen, unrated",Action,Netflix,2026-10-04,,,,619297,posters/619297.jpg,110,"A man vows to bring justice to those responsible for his wife's death while protecting the only family he has left, his daughter.","From the Netflix viewing history on Chris’s own profile, exported 2026-10-04. Last watched 8/22/21. Netflix listed it as ""Sweet Girl""; TMDB confirms it as a film, which is the only reason it is here. No rating given; blank beats invented. Genre and Lane filled by SAGE 2026-10-04 by rule of thumb (action), not Chris’s own call. Worth a glance.",R,
The Kissing Booth 3,2021,Rom-com,,,Household,"Seen, unrated",Modern Rom-com,Netflix,2026-10-04,,,,727745,posters/727745.jpg,112,"It's the summer before Elle heads to college, and she has a secret decision to make. Elle has been accepted into Harvard, where boyfriend Noah is matriculating, and also Berkeley, where her BFF Lee is headed and has to decide if she should stay or not.","From the Netflix viewing history on Chris’s own profile, exported 2026-10-04. Last watched 8/22/21. Netflix listed it as ""The Kissing Booth 3""; TMDB confirms it as a film, which is the only reason it is here. No rating given; blank beats invented. Genre and Lane filled by SAGE 2026-10-04 by rule of thumb (rom-com era), not Chris’s own call. Worth a glance.",PG-13,
Dennis the Menace,1993,Comedy,,,Household,"Seen, unrated",Classic Comedy,Rent: Apple TV Store,2026-10-04,,,,12139,posters/12139.jpg,96,Mr. Wilson's ever-present annoyance comes in the form of one mischievous kid named Dennis. But he'll need Dennis's tricks to uncover a collection of gold coins that go missing when a shady drifter named Switchblade Sam comes to town.,"From the Netflix viewing history on Chris’s own profile, exported 2026-10-04. Last watched 8/10/21. Netflix listed it as ""Dennis the Menace""; TMDB confirms it as a film, which is the only reason it is here. No rating given; blank beats invented. Genre and Lane filled by SAGE 2026-10-04 by rule of thumb (pre-2000 comedy), not Chris’s own call. Worth a glance.",PG,
Vivo,2021,Animated / family,,,Household,"Seen, unrated",Animated Family,"Netflix, Universal+ Amazon Channel",2026-10-04,,,,449406,posters/449406.jpg,96,A music-loving kinkajou named Vivo embarks on the journey of a lifetime to fulfill his destiny and deliver a love song for an old friend.,"From the Netflix viewing history on Chris’s own profile, exported 2026-10-04. Last watched 8/9/21. Netflix listed it as ""Vivo""; TMDB confirms it as a film, which is the only reason it is here. No rating given; blank beats invented. Genre and Lane filled by SAGE 2026-10-04 from a strong pattern (animation).",PG,
Dumplin',2018,Comedy,,,Household,"Seen, unrated",Modern Comedy,Netflix,2026-10-04,,,,472734,posters/472734.jpg,110,"To prove a point about measuring up and fitting in, Texas teen Willowdean “Dumplin’” Dickson enters a local pageant run by her ex-beauty queen mom.","From the Netflix viewing history on Chris’s own profile, exported 2026-10-04. Last watched 8/8/21. Netflix listed it as ""Dumplin'""; TMDB confirms it as a film, which is the only reason it is here. No rating given; blank beats invented. Genre and Lane filled by SAGE 2026-10-04 by rule of thumb (post-2000 comedy), not Chris’s own call. Worth a glance.",PG-13,
Mystic Pizza,1988,Rom-com,4,,Household,Rated,Classic Canon,"Rent: Apple TV Store, Google Play Movies",2026-10-04,,,,11191,posters/11191.jpg,104,"Three teenage girls come of age while working at a pizza parlor in Mystic, Connecticut.","From the Netflix viewing history on Chris’s own profile, exported 2026-10-04. Last watched 8/3/21. Netflix listed it as ""Mystic Pizza""; TMDB confirms it as a film, which is the only reason it is here. No rating given; blank beats invented. Chris rated it in the Google Sheet and it was pulled into the vault 2026-10-04: Chris 4. Pixie left blank; he rated alone. Genre and Lane filled by SAGE 2026-10-04 by rule of thumb (rom-com era), not Chris’s own call. Worth a glance.",R,
America: The Motion Picture,2021,Animated / family,,,Household,"Seen, unrated",Animated Family,Netflix,2026-10-04,,,,739542,posters/739542.jpg,97,A chainsaw-wielding George Washington teams with beer-loving bro Sam Adams to take down the Brits in a tongue-in-cheek riff on the American Revolution.,"From the Netflix viewing history on Chris’s own profile, exported 2026-10-04. Last watched 8/3/21. Netflix listed it as ""America: The Motion Picture""; TMDB confirms it as a film, which is the only reason it is here. No rating given; blank beats invented. Genre and Lane filled by SAGE 2026-10-04 from a strong pattern (animation).",R,
Wine Country,2019,Comedy,4.2,,Household,Rated,Modern Comedy,Netflix,2026-10-04,,,,513083,posters/513083.jpg,103,"A group of friends head to the land of oaky Chardonnays and big, bold Cabernet Sauvignons for one member of the squad’s 50th birthday party.","From the Netflix viewing history on Chris’s own profile, exported 2026-10-04. Last watched 8/1/21. Netflix listed it as ""Wine Country""; TMDB confirms it as a film, which is the only reason it is here. No rating given; blank beats invented. Chris rated it in the Google Sheet and it was pulled into the vault 2026-10-04: Chris 4.2. Pixie left blank; he rated alone. Genre and Lane filled by SAGE 2026-10-04 by rule of thumb (post-2000 comedy), not Chris’s own call. Worth a glance.",R,
Mother's Day,2016,Rom-com,,,Household,"Seen, unrated",Classic Canon,Netflix,2026-10-04,,,,353069,posters/353069.jpg,118,Three generations come together in the week leading up to Mother's Day.,"From the Netflix viewing history on Chris’s own profile, exported 2026-10-04. Last watched 7/27/21. Netflix listed it as ""Mother's Day""; TMDB confirms it as a film, which is the only reason it is here. No rating given; blank beats invented. Genre and Lane filled by SAGE 2026-10-04 from a strong pattern (director Garry Marshall).",PG-13,
The Last Letter from Your Lover,2021,Romance,,,Household,"Seen, unrated",Unsorted,Netflix,2026-10-04,,,,638449,posters/638449.jpg,110,A young journalist in London becomes obsessed with a series of letters she discovers that recounts an intense star-crossed love affair from the 1960s.,"From the Netflix viewing history on Chris’s own profile, exported 2026-10-04. Last watched 7/24/21. Netflix listed it as ""The Last Letter From Your Lover""; TMDB confirms it as a film, which is the only reason it is here. No rating given; blank beats invented.",,
Rock the Kasbah,2015,Comedy,4.3,4.3,Household,Rated,Music & Musicals,"Buy: Apple TV Store, Google Play Movies",2026-10-04,,,,253414,posters/253414.jpg,100,"A washed-up music producer finds one last shot at redemption with a golden-voiced young girl in Afghanistan. However, when jealousy gets the better of a disgruntled ex-boyfriend, he decides to oppose the young star with talent of his own.","From the Netflix viewing history on Chris’s own profile, exported 2026-10-04. Last watched 7/23/21. Netflix listed it as ""Rock the Kasbah""; TMDB confirms it as a film, which is the only reason it is here. No rating given; blank beats invented. Genre and Lane filled by SAGE 2026-10-04 by rule of thumb (music), not Chris’s own call. Worth a glance. Pulled from the Google Sheet 2026-10-04: Chris (blank) -> 4.3; Pixie (blank) -> 4.3; Status Seen, unrated -> Rated.",R,
The Prince & Me,2004,Rom-com,,,Household,"Seen, unrated",Modern Rom-com,Universal+ Amazon Channel,2026-10-04,,,,11137,posters/11137.jpg,111,"A fairy tale love-story about pre-med student Paige who falls in love with a Danish Prince ""Eddie"" who refused to follow the traditions of his parents and has come to the US to quench his thirst for rebellion. Paige and Edward come from two different worlds, but there is an undeniable attraction between them.","From the Netflix viewing history on Chris’s own profile, exported 2026-10-04. Last watched 7/22/21. Netflix listed it as ""The Prince & Me""; TMDB confirms it as a film, which is the only reason it is here. No rating given; blank beats invented. Genre and Lane filled by SAGE 2026-10-04 by rule of thumb (rom-com era), not Chris’s own call. Worth a glance.",PG,
Trollhunters: Rise of the Titans,2021,Animated / family,,,Household,"Seen, unrated",Animated Family,Netflix,2026-10-04,,,,730840,posters/730840.jpg,106,"The Guardians of Arcadia reunite to battle the nefarious Arcane Order, who've reawakened the primordial Titans.","From the Netflix viewing history on Chris’s own profile, exported 2026-10-04. Last watched 7/22/21. Netflix listed it as ""Trollhunters: Rise of the Titans""; TMDB confirms it as a film, which is the only reason it is here. No rating given; blank beats invented. Genre and Lane filled by SAGE 2026-10-04 from a strong pattern (animation).",PG,
Home Again,2017,Rom-com,,,Household,"Seen, unrated",Modern Rom-com,,2026-10-04,,,,427900,posters/427900.jpg,97,Life for a single mom in Los Angeles takes an unexpected turn when she allows three young guys to move in with her.,"From the Netflix viewing history on Chris’s own profile, exported 2026-10-04. Last watched 7/20/21. Netflix listed it as ""Home Again""; TMDB confirms it as a film, which is the only reason it is here. No rating given; blank beats invented. Genre and Lane filled by SAGE 2026-10-04 by rule of thumb (rom-com era), not Chris’s own call. Worth a glance.",PG-13,
Hook,1991,Action-comedy,4.6,,Household,Rated,Spielberg,HBO Max,2026-10-04,,,,879,posters/879.jpg,142,"The boy who wasn't supposed to grow up—Peter Pan—does just that, becoming a soulless corporate lawyer whose workaholism could cost him his wife and kids. During his trip to see Granny Wendy in London, the vengeful Capt. Hook kidnaps Peter's kids and forces Peter to return to Neverland.","From the Netflix viewing history on Chris’s own profile, exported 2026-10-04. Last watched 7/20/21. Netflix listed it as ""Hook""; TMDB confirms it as a film, which is the only reason it is here. No rating given; blank beats invented. Chris rated it in the Google Sheet and it was pulled into the vault 2026-10-04: Chris 4.6. Pixie left blank; he rated alone. Genre and Lane filled by SAGE 2026-10-04 from a strong pattern (director Steven Spielberg).",PG,
Talladega Nights: The Ballad of Ricky Bobby,2006,Comedy,4.6,,Household,Rated,Frat Pack,"HBO Max, Sony One Amazon Channel",2026-10-04,,,,9718,posters/9718.jpg,108,"The fastest man on four wheels, Ricky Bobby, is one of the greatest drivers in NASCAR history. A big, hairy American winning machine, Ricky has everything a dimwitted daredevil could want, a luxurious mansion, a smokin' hot wife, and all the fast food he can eat. But Ricky's turbo-charged lifestyle hits an unexpected speed bump when he's bested by flamboyant Euro-idiot Jean Girard and reduced to a fear-ridden wreck.","From the Netflix viewing history on Chris’s own profile, exported 2026-10-04. Last watched 7/19/21. Netflix listed it as ""Talladega Nights: The Ballad of Ricky Bobby""; TMDB confirms it as a film, which is the only reason it is here. No rating given; blank beats invented. Chris rated it in the Google Sheet and it was pulled into the vault 2026-10-04: Chris 4.6. Pixie left blank; he rated alone. Genre and Lane filled by SAGE 2026-10-04 from a strong pattern (director Adam McKay).",PG-13,
I Am Mother,2019,Sci-fi,,,Household,"Seen, unrated",Sci-fi Canon,Netflix,2026-10-04,,,,505948,posters/505948.jpg,113,"A teenage girl is raised underground by a robot ""Mother"", designed to repopulate the earth following an extinction event. But their unique bond is threatened when an inexplicable stranger arrives with alarming news.","From the Netflix viewing history on Chris’s own profile, exported 2026-10-04. Last watched 7/8/21. Netflix listed it as ""I Am Mother""; TMDB confirms it as a film, which is the only reason it is here. No rating given; blank beats invented. Genre and Lane filled by SAGE 2026-10-04 by rule of thumb (sci-fi), not Chris’s own call. Worth a glance.",PG-13,
The Saint,1997,Romance,4,4,Household,Rated,Mind-Bender,,2026-10-04,,,,10003,posters/10003.jpg,116,"Simon Templar (The Saint), is a thief for hire, whose latest job to steal the secret process for cold fusion puts him at odds with a traitor bent on toppling the Russian government, as well as the woman who holds its secret.","From the Netflix viewing history on Chris’s own profile, exported 2026-10-04. Last watched 7/8/21. Netflix listed it as ""The Saint""; TMDB confirms it as a film, which is the only reason it is here. No rating given; blank beats invented. Genre and Lane filled by SAGE 2026-10-04 by rule of thumb (sci-fi romance), not Chris’s own call. Worth a glance.",PG-13,
Fools Rush In,1997,Rom-com,4.3,,Household,Rated,Modern Rom-com,Sony One Amazon Channel,2026-10-04,,,,1968,posters/1968.jpg,109,"After a one night stand with Alex, Isabel realizes that she is pregnant and they decide to get married. However, along with the marriage comes compromise of one's own cultural traditions.","From the Netflix viewing history on Chris’s own profile, exported 2026-10-04. Last watched 6/28/21. Netflix listed it as ""Fools Rush In""; TMDB confirms it as a film, which is the only reason it is here. No rating given; blank beats invented. Chris rated it in the Google Sheet and it was pulled into the vault 2026-10-04: Chris 4.3. Pixie left blank; he rated alone. Genre and Lane filled by SAGE 2026-10-04 by rule of thumb (rom-com era), not Chris’s own call. Worth a glance.",PG-13,
The Big Lebowski,1998,Action-comedy,4.8,,Household,Rated,Classic Comedy,"Rent: Apple TV Store, Google Play Movies",2026-10-04,,,,115,posters/115.jpg,117,"Jeffrey 'The Dude' Lebowski, a Los Angeles slacker who only wants to bowl and drink White Russians, is mistaken for another Jeffrey Lebowski, a wheelchair-bound millionaire, and finds himself dragged into a strange series of events involving nihilists, adult film producers, ferrets, errant toes, and large sums of money.","From the Netflix viewing history on Chris’s own profile, exported 2026-10-04. Last watched 6/22/21. Netflix listed it as ""The Big Lebowski""; TMDB confirms it as a film, which is the only reason it is here. No rating given; blank beats invented. Chris rated it in the Google Sheet and it was pulled into the vault 2026-10-04: Chris 4.8. Pixie left blank; he rated alone. Genre and Lane filled by SAGE 2026-10-04 by rule of thumb (pre-2000 comedy), not Chris’s own call. Worth a glance.",R,
Beverly Hills Ninja,1997,Action-comedy,4.1,,Household,Rated,Classic Comedy,Buy: Apple TV Store,2026-10-04,,,,9622,posters/9622.jpg,88,"Haru, an orphaned American who washes ashore in Japan and is mistaken for the great White Ninja of legend. Raised among the finest Ninjas, Haru grows strong and big - very big. With the grace of all Three Stooges rolled into one body, Haru is an embarrassment to his clan. But when a beautiful blonde pleads for his help, Haru is given one dangerous, disastrously funny chance to prove himself.","From the Netflix viewing history on Chris’s own profile, exported 2026-10-04. Last watched 6/5/21. Netflix listed it as ""Beverly Hills Ninja""; TMDB confirms it as a film, which is the only reason it is here. No rating given; blank beats invented. Chris rated it in the Google Sheet and it was pulled into the vault 2026-10-04: Chris 4.1. Pixie left blank; he rated alone. Genre and Lane filled by SAGE 2026-10-04 by rule of thumb (pre-2000 comedy), not Chris’s own call. Worth a glance.",PG-13,
Army of the Dead,2021,Action,4,,Household,Rated,Horror,Netflix,2026-10-04,,,,503736,posters/503736.jpg,148,"Following a zombie outbreak in Las Vegas, a group of mercenaries take the ultimate gamble: venturing into the quarantine zone to pull off the greatest heist ever attempted.","From the Netflix viewing history on Chris’s own profile, exported 2026-10-04. Last watched 5/29/21. Netflix listed it as ""Army of the Dead""; TMDB confirms it as a film, which is the only reason it is here. No rating given; blank beats invented. Chris rated it in the Google Sheet and it was pulled into the vault 2026-10-04: Chris 4. Pixie left blank; he rated alone. Genre and Lane filled by SAGE 2026-10-04 by rule of thumb (horror), not Chris’s own call. Worth a glance.",R,
The Little Rascals,1994,Rom-com,3.9,,Household,Rated,Classic Canon,Netflix,2026-10-04,,,,10897,posters/10897.jpg,82,"When nine-year-old Alfalfa falls for Darla, his ""He-Man-Woman-Hating"" friends attempt to sabotage their relationship.","From the Netflix viewing history on Chris’s own profile, exported 2026-10-04. Last watched 5/23/21. Netflix listed it as ""The Little Rascals""; TMDB confirms it as a film, which is the only reason it is here. No rating given; blank beats invented. Chris rated it in the Google Sheet and it was pulled into the vault 2026-10-04: Chris 3.9. Pixie left blank; he rated alone. Genre and Lane filled by SAGE 2026-10-04 by rule of thumb (rom-com era), not Chris’s own call. Worth a glance.",PG,
Secret Magic Control Agency,2021,Animated / family,,,Household,"Seen, unrated",Animated Family,Netflix,2026-10-04,,,,797394,posters/797394.jpg,104,"The Secret Magic Control Agency sends its two best agents, Hansel and Gretel, to fight against the witch of the Gingerbread House.","From the Netflix viewing history on Chris’s own profile, exported 2026-10-04. Last watched 5/13/21. Netflix listed it as ""Secret Magic Control Agency""; TMDB confirms it as a film, which is the only reason it is here. No rating given; blank beats invented. Genre and Lane filled by SAGE 2026-10-04 from a strong pattern (animation).",NR,
Stowaway,2022,Action,,,Household,"Seen, unrated",Action,Amazon Prime Video,2026-10-04,,,,999205,posters/999205.jpg,94,"A tenacious party girl fights to survive after three thieves commandeer her luxury yacht. Unable to escape and trapped on the yacht at high seas, the prey becomes the hunter as she turns the tables on the intruders and takes matters into her own hands.","From the Netflix viewing history on Chris’s own profile, exported 2026-10-04. Last watched 4/29/21. Netflix listed it as ""Stowaway""; TMDB confirms it as a film, which is the only reason it is here. No rating given; blank beats invented. Genre and Lane filled by SAGE 2026-10-04 by rule of thumb (action), not Chris’s own call. Worth a glance.",,
Rush,2013,Action,4,4,Household,Rated,Prestige,Adrenalina Pura Amazon channel,2026-10-04,,,,96721,posters/96721.jpg,123,"In the 1970s, a rivalry propels race car drivers Niki Lauda and James Hunt to fame and glory — until a horrible accident threatens to end it all.","From the Netflix viewing history on Chris’s own profile, exported 2026-10-04. Last watched 4/23/21. Netflix listed it as ""Rush""; TMDB confirms it as a film, which is the only reason it is here. No rating given; blank beats invented. Genre and Lane filled by SAGE 2026-10-04 by rule of thumb (acclaimed drama), not Chris’s own call. Worth a glance. Pulled from the Google Sheet 2026-10-04: Chris (blank) -> 4; Pixie (blank) -> 4; Status Seen, unrated -> Rated.",R,
Our Idiot Brother,2011,Comedy,4.1,,Household,Rated,Frat Pack,,2026-10-04,,,,59968,posters/59968.jpg,90,"Everybody has one—the sibling who is always just a little bit behind the curve when it comes to getting his life together. For sisters Liz, Miranda and Natalie, that person is their perennially upbeat brother, Ned. But as each of their lives begins to unravel, Ned's family comes to realise that Ned isn't such an idiot after all.","From the Netflix viewing history on Chris’s own profile, exported 2026-10-04. Last watched 4/13/21. Netflix listed it as ""Our Idiot Brother""; TMDB confirms it as a film, which is the only reason it is here. No rating given; blank beats invented. Chris rated it in the Google Sheet and it was pulled into the vault 2026-10-04: Chris 4.1. Pixie left blank; he rated alone. Genre and Lane filled by SAGE 2026-10-04 from a strong pattern (Frat Pack cast).",R,
Thunder Force,2021,Action-comedy,2,,Household,Rated,Superhero,Netflix,2026-10-04,,,,615678,posters/615678.jpg,107,"In a world where supervillains are commonplace, two estranged childhood best friends reunite after one devises a treatment that gives them powers to protect their city.","From the Netflix viewing history on Chris’s own profile, exported 2026-10-04. Last watched 4/11/21. Netflix listed it as ""Thunder Force""; TMDB confirms it as a film, which is the only reason it is here. No rating given; blank beats invented. Chris rated it in the Google Sheet and it was pulled into the vault 2026-10-04: Chris 2. Pixie left blank; he rated alone. Genre and Lane filled by SAGE 2026-10-04 from a strong pattern (comics).",PG-13,
Biggie: I Got a Story to Tell,2021,Drama,3.9,,Household,Rated,Documentary,Netflix,2026-10-04,,,,797309,posters/797309.jpg,97,"Christopher Wallace, AKA The Notorious B.I.G., remains one of Hip-Hop’s icons, renowned for his distinctive flow and autobiographical lyrics. This documentary celebrates his life via rare behind-the-scenes footage and the testimonies of his closest friends and family.","From the Netflix viewing history on Chris’s own profile, exported 2026-10-04. Last watched 4/5/21. Netflix listed it as ""Biggie: I Got a Story to Tell""; TMDB confirms it as a film, which is the only reason it is here. No rating given; blank beats invented. Chris rated it in the Google Sheet and it was pulled into the vault 2026-10-04: Chris 3.9. Pixie left blank; he rated alone. Genre and Lane filled by SAGE 2026-10-04 from a TMDB fact (documentary).",R,
The Search for Life in Space,2016,Drama,,,Household,"Seen, unrated",Documentary,,2026-10-04,,,,515793,posters/515793.jpg,32,"Journey from the depths of the Pacific Ocean into the far reaches of space on a quest to find something that changes everything...signs of life, somewhere else in the universe. With cutting-edge imagery from the world's most powerful telescopes, The Search for Life in Space takes audiences from the surface of Mars and the icy moons of Jupiter and Saturn, to the extreme lava fields of Hawaii and thermal vents deep beneath the sea. In these harsh environments, astrobiologists look for clues to how life takes hold. As this immersive adventure into the universe reveals the possibility of planets like ours, The Search for Life in Space will make you re-examine such fundamental questions as: ""Where did we come from?"", ""How did we get here?"" and ""Are we alone?""","From the Netflix viewing history on Chris’s own profile, exported 2026-10-04. Last watched 3/22/21. Netflix listed it as ""The Search for Life in Space""; TMDB confirms it as a film, which is the only reason it is here. No rating given; blank beats invented. Genre and Lane filled by SAGE 2026-10-04 from a TMDB fact (documentary).",NR,
Finding ʻOhana,2021,Action-comedy,,,Household,"Seen, unrated",Family Adventure,Netflix,2026-10-04,,,,644092,posters/644092.jpg,123,"Two Brooklyn siblings' summer in a rural Oahu town takes an exciting turn when a journal pointing to long-lost treasure sets them on an adventure, leading them to reconnect with their Hawaiian heritage.","From the Netflix viewing history on Chris’s own profile, exported 2026-10-04. Last watched 2/15/21. Netflix listed it as ""Finding ‘Ohana""; TMDB confirms it as a film, which is the only reason it is here. No rating given; blank beats invented. Genre and Lane filled by SAGE 2026-10-04 by rule of thumb (family adventure), not Chris’s own call. Worth a glance.",PG,
Can't Hardly Wait,1998,Rom-com,3.9,,Household,Rated,Modern Rom-com,,2026-10-04,,,,15037,posters/15037.jpg,100,"It's graduation day at Huntington Hills High, and you know what that means - time to party. And not just any party, either. This one will be a night to remember, as the nerds become studs, the jocks are humiliated, and freshman crushes blossom into grown-up romance.","From the Netflix viewing history on Chris’s own profile, exported 2026-10-04. Last watched 2/8/21. Netflix listed it as ""Can't Hardly Wait""; TMDB confirms it as a film, which is the only reason it is here. No rating given; blank beats invented. Chris rated it in the Google Sheet and it was pulled into the vault 2026-10-04: Chris 3.9. Pixie left blank; he rated alone. Genre and Lane filled by SAGE 2026-10-04 by rule of thumb (rom-com era), not Chris’s own call. Worth a glance.",PG-13,
Outside the Wire,2021,Sci-fi,,,Household,"Seen, unrated",Sci-fi Canon,Netflix,2026-10-04,,,,775996,posters/775996.jpg,116,"In the near future, a drone pilot is sent into a deadly militarized zone and must work with an android officer to locate a doomsday device.","From the Netflix viewing history on Chris’s own profile, exported 2026-10-04. Last watched 2/2/21. Netflix listed it as ""Outside the Wire""; TMDB confirms it as a film, which is the only reason it is here. No rating given; blank beats invented. Genre and Lane filled by SAGE 2026-10-04 by rule of thumb (sci-fi), not Chris’s own call. Worth a glance.",R,
Easy A,2010,Comedy,4.5,,Household,Rated,Modern Comedy,HBO Max,2026-10-04,,,,37735,posters/37735.jpg,93,"Olive, an average high school student, sees her below-the-radar existence turn around overnight once she decides to use the school's gossip grapevine to advance her social standing. Now her classmates are turning against her and the school board is becoming concerned, including her favorite teacher and the distracted guidance counselor. With the support of her hilariously idiosyncratic parents and a little help from a long-time crush, Olive attempts to take on her notorious new identity and crush the rumor mill once and for all.","From the Netflix viewing history on Chris’s own profile, exported 2026-10-04. Last watched 2/1/21. Netflix listed it as ""Easy A""; TMDB confirms it as a film, which is the only reason it is here. No rating given; blank beats invented. Chris rated it in the Google Sheet and it was pulled into the vault 2026-10-04: Chris 4.5. Pixie left blank; he rated alone. Genre and Lane filled by SAGE 2026-10-04 by rule of thumb (post-2000 comedy), not Chris’s own call. Worth a glance.",PG-13,
17 Again,2009,Comedy,4,,Household,Rated,Time & Second Chances,HBO Max,2026-10-04,,,,16996,posters/16996.jpg,102,"On the brink of a midlife crisis, 30-something Mike O'Donnell wishes he could have a ""do-over."" And that's exactly what he gets when he wakes up one morning to find he's 17 years old again. With his adult mind stuck inside the body of a teenager, Mike actually has the chance to reverse some decisions he wishes he'd never made. But maybe they weren't so bad after all.","From the Netflix viewing history on Chris’s own profile, exported 2026-10-04. Last watched 1/31/21. Netflix listed it as ""17 Again""; TMDB confirms it as a film, which is the only reason it is here. No rating given; blank beats invented. Chris rated it in the Google Sheet and it was pulled into the vault 2026-10-04: Chris 4. Pixie left blank; he rated alone. Genre and Lane filled by SAGE 2026-10-04 from a strong pattern (time travel).",PG-13,
Pineapple Express,2008,Action-comedy,4.3,,Household,Rated,Modern Comedy,Buy: Google Play Movies,2026-10-04,,,,10189,posters/10189.jpg,112,A stoner and his dealer are forced to go on the run from the police after the pothead witnesses a cop commit a murder.,"From the Netflix viewing history on Chris’s own profile, exported 2026-10-04. Last watched 1/15/21. Netflix listed it as ""Pineapple Express""; TMDB confirms it as a film, which is the only reason it is here. No rating given; blank beats invented. Chris rated it in the Google Sheet and it was pulled into the vault 2026-10-04: Chris 4.3. Pixie left blank; he rated alone. Genre and Lane filled by SAGE 2026-10-04 by rule of thumb (post-2000 comedy), not Chris’s own call. Worth a glance.",R,
Searching for Bobby Fischer,1993,Drama,4.4,,Household,Rated,Unsorted,,2026-10-04,,,,14291,posters/14291.jpg,110,A seven-year-old chess prodigy refuses to harden himself in order to become a champion like the famous but unlikable Bobby Fischer.,"From the Netflix viewing history on Chris’s own profile, exported 2026-10-04. Last watched 1/10/21. Netflix listed it as ""Searching for Bobby Fischer""; TMDB confirms it as a film, which is the only reason it is here. No rating given; blank beats invented. Chris rated it in the Google Sheet and it was pulled into the vault 2026-10-04: Chris 4.4. Pixie left blank; he rated alone.",PG,
National Parks Adventure,2016,Drama,4.6,,Household,Rated,Documentary,"Curiosity Stream, Magellan TV",2026-10-04,,,,384043,posters/384043.jpg,43,"Narrated by Academy Award winner Robert Redford, National Parks Adventure takes audiences on the ultimate off-trail adventure into the nation’s awe-inspiring great outdoors and untamed wilderness. Immersive IMAX 3D cinematography takes viewers soaring over red rock canyons, hurtling up craggy mountain peaks and into other-worldly realms found within America’s most legendary outdoor playgrounds, including Yellowstone, Glacier National Park, Yosemite, and Arches. Celebrate the 100-year anniversary of the national parks with world-class mountaineer Conrad Anker, adventure photographer Max Lowe and artist Rachel Pohl as they hike, climb and explore their way across America’s majestic parks in an action-packed expedition that will inspire the adventurer in us all.","From the Netflix viewing history on Chris’s own profile, exported 2026-10-04. Last watched 11/26/20. Netflix listed it as ""National Parks Adventure""; TMDB confirms it as a film, which is the only reason it is here. No rating given; blank beats invented. Chris rated it in the Google Sheet and it was pulled into the vault 2026-10-04: Chris 4.6. Pixie left blank; he rated alone. Genre and Lane filled by SAGE 2026-10-04 from a TMDB fact (documentary).",,
Hunt for the Wilderpeople,2016,Action-comedy,,,Household,"Seen, unrated",Modern Comedy,Rent: Google Play Movies,2026-10-04,,,,371645,posters/371645.jpg,101,"Ricky is a defiant young city kid who finds himself on the run with his cantankerous foster uncle in the wild New Zealand bush. A national manhunt ensues, and the two are forced to put aside their differences and work together to survive.","From the Netflix viewing history on Chris’s own profile, exported 2026-10-04. Last watched 11/8/20. Netflix listed it as ""Hunt for the Wilderpeople""; TMDB confirms it as a film, which is the only reason it is here. No rating given; blank beats invented. Genre and Lane filled by SAGE 2026-10-04 by rule of thumb (post-2000 comedy), not Chris’s own call. Worth a glance.",PG-13,
Brave Blue World: Racing to Solve Our Water Crisis,2019,Drama,,,Household,"Seen, unrated",Documentary,,2026-10-04,,,,755688,posters/755688.jpg,50,"From reuse to energy generation, new innovations across five continents are explored in this documentary about building a future for sustainable water.","From the Netflix viewing history on Chris’s own profile, exported 2026-10-04. Last watched 10/30/20. Netflix listed it as ""Brave Blue World: Racing to Solve Our Water Crisis""; TMDB confirms it as a film, which is the only reason it is here. No rating given; blank beats invented. Genre and Lane filled by SAGE 2026-10-04 from a TMDB fact (documentary).",,
Secrets of the Saqqara Tomb,2020,Drama,,,Household,"Seen, unrated",Documentary,Netflix,2026-10-04,,,,753583,posters/753583.jpg,113,"This documentary follows a team of local archaeologists excavating never before explored passageways, shafts, and tombs, piecing together the secrets of Egypt’s most significant find in almost 50 years in Saqqara.","From the Netflix viewing history on Chris’s own profile, exported 2026-10-04. Last watched 10/29/20. Netflix listed it as ""Secrets of the Saqqara Tomb""; TMDB confirms it as a film, which is the only reason it is here. No rating given; blank beats invented. Genre and Lane filled by SAGE 2026-10-04 from a TMDB fact (documentary).",,
Arthur,2011,Rom-com,4.1,,Household,Rated,Modern Rom-com,"Rent: Apple TV Store, Google Play Movies",2026-10-04,,,,49012,posters/49012.jpg,110,A drunken playboy stands to lose a wealthy inheritance when he falls for a woman that his family doesn't like.,"From the Netflix viewing history on Chris’s own profile, exported 2026-10-04. Last watched 10/26/20. Netflix listed it as ""Arthur""; TMDB confirms it as a film, which is the only reason it is here. No rating given; blank beats invented. Chris rated it in the Google Sheet and it was pulled into the vault 2026-10-04: Chris 4.1. Pixie left blank; he rated alone. Genre and Lane filled by SAGE 2026-10-04 by rule of thumb (rom-com era), not Chris’s own call. Worth a glance.",PG-13,
Magnetic,2019,Drama,,,Household,Dropped,Unsorted,,2026-10-04,,,,605496,,14,"Bella walks the fine line between mental illness, creativity and identity, as her road to diagnosis jumps from cured to complicated.","From the Netflix viewing history on Chris’s own profile, exported 2026-10-04. Last watched 10/13/20. Netflix listed it as ""Magnetic""; TMDB confirms it as a film, which is the only reason it is here. No rating given; blank beats invented. Pulled from the Google Sheet 2026-10-04: Status Seen, unrated -> Dropped.",,
Big Daddy,1999,Comedy,4.3,,Household,Rated,Classic Comedy,HBO Max,2026-10-04,,,,9032,posters/9032.jpg,93,"A lazy law school grad adopts a kid to impress his girlfriend, but everything doesn't go as planned. Now he's forced to grow up while navigating the challenges of fatherhood.","From the Netflix viewing history on Chris’s own profile, exported 2026-10-04. Last watched 10/11/20. Netflix listed it as ""Big Daddy""; TMDB confirms it as a film, which is the only reason it is here. No rating given; blank beats invented. Chris rated it in the Google Sheet and it was pulled into the vault 2026-10-04: Chris 4.3. Pixie left blank; he rated alone. Genre and Lane filled by SAGE 2026-10-04 by rule of thumb (pre-2000 comedy), not Chris’s own call. Worth a glance.",PG-13,
Selfless,2025,Comedy,,,Household,"Seen, unrated",Modern Comedy,,2026-10-04,,,,1553398,posters/1553398.jpg,17,"After regaining control of his mental health, Damien is eager to reconnect with Liana, his girlfriend of three years, minus a two-month break. But just as he's ready to make his triumphant return, something stops him. Something not quite human.","From the Netflix viewing history on Chris’s own profile, exported 2026-10-04. Last watched 10/7/20. Netflix listed it as ""Selfless""; TMDB confirms it as a film, which is the only reason it is here. No rating given; blank beats invented. Genre and Lane filled by SAGE 2026-10-04 by rule of thumb (post-2000 comedy), not Chris’s own call. Worth a glance.",,
Casa de Mi Padre,2012,Comedy,,,Household,"Seen, unrated",Frat Pack,,2026-10-04,,,,80304,posters/80304.jpg,84,"Scheming of a way to save their father's ranch, the Alvarez brothers find themselves in a war with Mexico's most feared drug lord.","From the Netflix viewing history on Chris’s own profile, exported 2026-10-04. Last watched 10/3/20. Netflix listed it as ""Casa de mi Padre""; TMDB confirms it as a film, which is the only reason it is here. No rating given; blank beats invented. Genre and Lane filled by SAGE 2026-10-04 from a strong pattern (Frat Pack cast).",R,
Untamed Romania,2018,Drama,,,Household,"Seen, unrated",Documentary,,2026-10-04,,,,521772,posters/521772.jpg,93,"Untamed Romania provides insight into the stunning natural wonders of Romania, with the Carpathian Mountains, the Danube Delta, and Transylvania as its major areas of interest.","From the Netflix viewing history on Chris’s own profile, exported 2026-10-04. Last watched 10/1/20. Netflix listed it as ""Untamed Romania""; TMDB confirms it as a film, which is the only reason it is here. No rating given; blank beats invented. Genre and Lane filled by SAGE 2026-10-04 from a TMDB fact (documentary).",,
Dancing with the Birds,2019,Drama,,,Household,"Seen, unrated",Documentary,Netflix,2026-10-04,,,,634541,posters/634541.jpg,51,"Some of the world's most majestic birds display delightfully captivating mating rituals, from flashy dancing to flaunting their colorful feathers.","From the Netflix viewing history on Chris’s own profile, exported 2026-10-04. Last watched 9/25/20. Netflix listed it as ""Dancing with the Birds""; TMDB confirms it as a film, which is the only reason it is here. No rating given; blank beats invented. Genre and Lane filled by SAGE 2026-10-04 from a TMDB fact (documentary).",,
Chasing Coral,2017,Drama,,,Household,"Seen, unrated",Documentary,Netflix,2026-10-04,,,,432615,posters/432615.jpg,93,"Coral reefs are the nursery for all life in the oceans, a remarkable ecosystem that sustains us. Yet with carbon emissions warming the seas, a phenomenon called ""coral bleaching"" -- a sign of mass coral death -- has been accelerating around the world, and the public has no idea of the scale or implication of the catastrophe silently raging underwater.","From the Netflix viewing history on Chris’s own profile, exported 2026-10-04. Last watched 9/25/20. Netflix listed it as ""Chasing Coral""; TMDB confirms it as a film, which is the only reason it is here. No rating given; blank beats invented. Genre and Lane filled by SAGE 2026-10-04 from a TMDB fact (documentary).",,
Project Power,2020,Sci-fi,,,Household,"Seen, unrated",Sci-fi Canon,Netflix,2026-10-04,,,,605116,posters/605116.jpg,113,"An ex-soldier, a teen and a cop collide in New Orleans as they hunt for the source behind a dangerous new pill that grants users temporary superpowers.","From the Netflix viewing history on Chris’s own profile, exported 2026-10-04. Last watched 9/21/20. Netflix listed it as ""Project Power""; TMDB confirms it as a film, which is the only reason it is here. No rating given; blank beats invented. Genre and Lane filled by SAGE 2026-10-04 by rule of thumb (sci-fi), not Chris’s own call. Worth a glance.",R,
What We Started,2018,Drama,,,Household,"Seen, unrated",Documentary,Rent: Apple TV Store,2026-10-04,,,,461118,posters/461118.jpg,70,"Bert Marcus and Cyrus Saidi present an informed and absorbing exploration of the history of EDM, boosted by an energetic soundtrack and anchored by the personal stories of legendary DJ Carl Cox and superstar newcomer Martin Garrix. Insights from numerous other DJs and musical talents like Moby, David Guetta, Paul Oakenfold and Usher help tell the often oppositional tales of old school vs. new school and mainstream vs. underground.","From the Netflix viewing history on Chris’s own profile, exported 2026-10-04. Last watched 9/4/20. Netflix listed it as ""What We Started""; TMDB confirms it as a film, which is the only reason it is here. No rating given; blank beats invented. Genre and Lane filled by SAGE 2026-10-04 from a TMDB fact (documentary).",,
Stars in the Sky: A Hunting Story,2018,Drama,,,Household,"Seen, unrated",Documentary,,2026-10-04,,,,585714,posters/585714.jpg,69,"This documentary focuses on the lives of American hunters, presented as an honest exploration of the controversies, emotions, and traditions inherent to this most primal human activity.","From the Netflix viewing history on Chris’s own profile, exported 2026-10-04. Last watched 9/3/20. Netflix listed it as ""Stars in the Sky: A Hunting Story""; TMDB confirms it as a film, which is the only reason it is here. No rating given; blank beats invented. Genre and Lane filled by SAGE 2026-10-04 from a TMDB fact (documentary).",NR,
John Was Trying to Contact Aliens,2020,Drama,,,Household,"Seen, unrated",Documentary,Netflix,2026-10-04,,,,656353,posters/656353.jpg,16,"John Shepherd spent 30 years trying to contact extraterrestrials by broadcasting music millions of miles into space. After giving up the search, he makes a different connection here on earth.","From the Netflix viewing history on Chris’s own profile, exported 2026-10-04. Last watched 9/1/20. Netflix listed it as ""John Was Trying to Contact Aliens""; TMDB confirms it as a film, which is the only reason it is here. No rating given; blank beats invented. Genre and Lane filled by SAGE 2026-10-04 from a TMDB fact (documentary).",,
ReMastered: Who Shot the Sheriff,2018,Drama,4.3,4.3,Household,Rated,Documentary,Netflix,2026-10-04,,,,553539,posters/553539.jpg,57,"In 1976, reggae icon Bob Marley survived an assassination attempt as rival political groups battled in Jamaica. But who exactly was responsible?","From the Netflix viewing history on Chris’s own profile, exported 2026-10-04. Last watched 8/26/20. Netflix listed it as ""ReMastered: Who Shot the Sheriff""; TMDB confirms it as a film, which is the only reason it is here. No rating given; blank beats invented. Genre and Lane filled by SAGE 2026-10-04 from a TMDB fact (documentary). Pulled from the Google Sheet 2026-10-04: Chris (blank) -> 4.3; Pixie (blank) -> 4.3; Status Seen, unrated -> Rated.",,
The Legend of Cocaine Island,2018,Drama,,,Household,"Seen, unrated",Documentary,Netflix,2026-10-04,,,,509903,posters/509903.jpg,83,"Rodney is an American dreamer. His glass is not only half full, but it's half full of the finest wine you've ever tasted. But when the great recession wipes out his construction business in Central Florida, his family faces a nightmare of debt. One evening around a campfire, Rodney hears a story from an old, bare-footed hippy that just might solve his family's problems. There's an island. There's a map. And there's buried treasure...$2 million dollars just waiting for someone to dig it up. Rodney is hooked. But there's just one slight, itty-bitty problem...he doesn't have a shovel. Oh, and the $2 million dollars just happens to be in cocaine form.","From the Netflix viewing history on Chris’s own profile, exported 2026-10-04. Last watched 8/25/20. Netflix listed it as ""The Legend of Cocaine Island""; TMDB confirms it as a film, which is the only reason it is here. No rating given; blank beats invented. Genre and Lane filled by SAGE 2026-10-04 from a TMDB fact (documentary).",,
Addicted to Life,2014,Drama,,,Household,"Seen, unrated",Documentary,,2026-10-04,,,,323658,posters/323658.jpg,90,"To the four corners of the globe, from Chamonix Mont-Blanc to French Polynesia via Châtel, the Swiss Alps, the Pyrenees and the Spanish desert of Almeria, the La Nuit de la Glisse film “Addicted to Life” showcases extraordinary feats from passionate athletes within wild, threatening natural environments. A unique encounter of the close kind with men and women who continually push their limits in extreme situations. In search of new challenges and unique sensations, they spend their lives studying their respective environment in detail. Across mountains and oceans, they bear witness to climate changes that affect the landscape and nature’s elements. From the melting snow caps to the dying coral reefs, pollution threatens to changes the backdrop of our global ecosystem.","From the Netflix viewing history on Chris’s own profile, exported 2026-10-04. Last watched 8/24/20. Netflix listed it as ""Addicted to Life""; TMDB confirms it as a film, which is the only reason it is here. No rating given; blank beats invented. Genre and Lane filled by SAGE 2026-10-04 from a TMDB fact (documentary).",,
"Rob Schneider: Asian Momma, Mexican Kids",2020,Comedy,,,Household,"Seen, unrated",Modern Comedy,Netflix,2026-10-04,,,,725082,posters/725082.jpg,44,"Former ""Saturday Night Live"" star Rob Schneider returns to the stage and shares his take on life, love and dinosaur dreams in this stand-up special. Ending with a surprise duet performance with his daughter, singer-songwriter Elle King, Rob talks about potty training his young daughters and his own pig potential.","From the Netflix viewing history on Chris’s own profile, exported 2026-10-04. Last watched 8/21/20. Netflix listed it as ""Rob Schneider: Asian Momma, Mexican Kids""; TMDB confirms it as a film, which is the only reason it is here. No rating given; blank beats invented. Genre and Lane filled by SAGE 2026-10-04 by rule of thumb (post-2000 comedy), not Chris’s own call. Worth a glance.",,
The Last Shaman,2017,Drama,,,Household,"Seen, unrated",Documentary,,2026-10-04,,,,451474,posters/451474.jpg,83,"James, giving himself 12 months before he has ""a license to kill himself,"" sets off to the Amazon rainforest with hopes of finding a shaman who can save his life.","From the Netflix viewing history on Chris’s own profile, exported 2026-10-04. Last watched 8/20/20. Netflix listed it as ""The Last Shaman""; TMDB confirms it as a film, which is the only reason it is here. No rating given; blank beats invented. Genre and Lane filled by SAGE 2026-10-04 from a TMDB fact (documentary).",,
George Lopez: We'll Do It for Half,2020,Drama,,,Household,"Seen, unrated",Documentary,Netflix,2026-10-04,,,,710451,posters/710451.jpg,51,"Comedian George Lopez tackles the future and the past of Latinx culture in America, touching on immigration, his tough relatives, aging and much more.","From the Netflix viewing history on Chris’s own profile, exported 2026-10-04. Last watched 7/19/20. Netflix listed it as ""George Lopez: We'll Do It For Half""; TMDB confirms it as a film, which is the only reason it is here. No rating given; blank beats invented. Genre and Lane filled by SAGE 2026-10-04 from a TMDB fact (documentary).",,
Eurovision Song Contest: The Story of Fire Saga,2020,Comedy,,,Household,"Seen, unrated",Frat Pack,Netflix,2026-10-04,,,,531454,posters/531454.jpg,121,"Two small-town singers chase their pop star dreams at a global music competition, where high stakes, scheming rivals and onstage mishaps test their bond.","From the Netflix viewing history on Chris’s own profile, exported 2026-10-04. Last watched 7/18/20. Netflix listed it as ""Eurovision Song Contest: The Story of Fire Saga""; TMDB confirms it as a film, which is the only reason it is here. No rating given; blank beats invented. Genre and Lane filled by SAGE 2026-10-04 from a strong pattern (Frat Pack cast).",PG-13,
Don't Crack Under Pressure,2015,Drama,,,Household,"Seen, unrated",Documentary,,2026-10-04,,,,426351,posters/426351.jpg,90,"Adrenaline can be addicting. Athletes around the world push their limits in death defying acts to get the feeling of it. Extreme sports, extreme climates.","From the Netflix viewing history on Chris’s own profile, exported 2026-10-04. Last watched 7/18/20. Netflix listed it as ""Don't Crack Under Pressure""; TMDB confirms it as a film, which is the only reason it is here. No rating given; blank beats invented. Genre and Lane filled by SAGE 2026-10-04 from a TMDB fact (documentary).",,
The Old Guard,2020,Action,4.5,,Household,Rated,Superhero,Netflix,2026-10-04,,,,547016,posters/547016.jpg,125,Four undying warriors who've secretly protected humanity for centuries become targeted for their mysterious powers just as they discover a new immortal.,"From the Netflix viewing history on Chris’s own profile, exported 2026-10-04. Last watched 7/11/20. Netflix listed it as ""The Old Guard""; TMDB confirms it as a film, which is the only reason it is here. No rating given; blank beats invented. Chris rated it in the Google Sheet and it was pulled into the vault 2026-10-04: Chris 4.5. Pixie left blank; he rated alone. Genre and Lane filled by SAGE 2026-10-04 from a strong pattern (comics).",R,
LA Originals,2020,Drama,,,Household,"Seen, unrated",Documentary,,2026-10-04,,,,688848,posters/688848.jpg,92,"Photographer Estevan Oriol and artist Mister Cartoon turned their Chicano roots into gritty art, impacting street culture, hip hop and beyond.","From the Netflix viewing history on Chris’s own profile, exported 2026-10-04. Last watched 6/22/20. Netflix listed it as ""LA Originals""; TMDB confirms it as a film, which is the only reason it is here. No rating given; blank beats invented. Genre and Lane filled by SAGE 2026-10-04 from a TMDB fact (documentary).",,
Code 8,2019,Sci-fi,,,Household,"Seen, unrated",Superhero,Netflix,2026-10-04,,,,461130,posters/461130.jpg,99,"In Lincoln City, some inhabitants have extraordinary abilities. Most live below the poverty line, under the close surveillance of a heavily militarized police force. Connor, a construction worker with powers, involves with a criminal gang to help his ailing mother. (Based on the short film “Code 8,” 2016.)","From the Netflix viewing history on Chris’s own profile, exported 2026-10-04. Last watched 6/13/20. Netflix listed it as ""Code 8""; TMDB confirms it as a film, which is the only reason it is here. No rating given; blank beats invented. Genre and Lane filled by SAGE 2026-10-04 from a strong pattern (comics).",NR,
Uncut Gems,2019,Drama,3.8,,Household,Rated,Unsorted,Netflix,2026-10-04,,,,473033,posters/473033.jpg,136,"A charismatic New York City jeweler always on the lookout for the next big score makes a series of high-stakes bets that could lead to the windfall of a lifetime. Howard must perform a precarious high-wire act, balancing business, family, and encroaching adversaries on all sides in his relentless pursuit of the ultimate win.","From the Netflix viewing history on Chris’s own profile, exported 2026-10-04. Last watched 6/1/20. Netflix listed it as ""Uncut Gems""; TMDB confirms it as a film, which is the only reason it is here. No rating given; blank beats invented. Chris rated it in the Google Sheet and it was pulled into the vault 2026-10-04: Chris 3.8. Pixie left blank; he rated alone.",R,
Have a Good Trip: Adventures in Psychedelics,2020,Drama,,,Household,"Seen, unrated",Documentary,Netflix,2026-10-04,,,,673175,posters/673175.jpg,85,"Celebrities recall their most mind-bending trips via animations, reenactments and more in this comedic documentary exploring the story of psychedelics.","From the Netflix viewing history on Chris’s own profile, exported 2026-10-04. Last watched 5/16/20. Netflix listed it as ""Have a Good Trip: Adventures in Psychedelics""; TMDB confirms it as a film, which is the only reason it is here. No rating given; blank beats invented. Genre and Lane filled by SAGE 2026-10-04 from a TMDB fact (documentary).",,
TJPW Becoming,2026,Action-comedy,,,Household,Dropped,Modern Comedy,,2026-10-04,,,,1755434,posters/1755434.jpg,87,"Becoming was a professional wrestling event produced by Tokyo Joshi Pro-Wrestling (TJPW), held on August 29, 2026 at TOKYOSQUARE in Itabashi in Tokyo, Japan. It featured only wrestlers who made their in-ring debuts in or later than 2023.","From the Netflix viewing history on Chris’s own profile, exported 2026-10-04. Last watched 5/9/20. Netflix listed it as ""Becoming""; TMDB confirms it as a film, which is the only reason it is here. No rating given; blank beats invented. Genre and Lane filled by SAGE 2026-10-04 by rule of thumb (post-2000 comedy), not Chris’s own call. Worth a glance. Pulled from the Google Sheet 2026-10-04 (second pass): Status Seen, unrated -> Dropped.",,
Jerry Seinfeld: 23 Hours to Kill,2020,Comedy,,,Household,"Seen, unrated",Modern Comedy,Netflix,2026-10-04,,,,696000,posters/696000.jpg,60,"Jerry Seinfeld takes the stage in New York and tackles talking vs. texting, bad buffets vs. so-called ""great"" restaurants and the magic of Pop Tarts.","From the Netflix viewing history on Chris’s own profile, exported 2026-10-04. Last watched 5/7/20. Netflix listed it as ""Jerry Seinfeld: 23 Hours To Kill""; TMDB confirms it as a film, which is the only reason it is here. No rating given; blank beats invented. Genre and Lane filled by SAGE 2026-10-04 by rule of thumb (post-2000 comedy), not Chris’s own call. Worth a glance.",,
"Yours Sincerely, Kanan Gill",2020,Comedy,,,Household,"Seen, unrated",Modern Comedy,Netflix,2026-10-04,,,,693860,posters/693860.jpg,72,"Revisiting life goals set in a letter written as a teen to his future self, comedian Kanan Gill reports back on if he's lived up to his own expectations.","From the Netflix viewing history on Chris’s own profile, exported 2026-10-04. Last watched 5/2/20. Netflix listed it as ""Yours Sincerely, Kanan Gill""; TMDB confirms it as a film, which is the only reason it is here. No rating given; blank beats invented. Genre and Lane filled by SAGE 2026-10-04 by rule of thumb (post-2000 comedy), not Chris’s own call. Worth a glance.",,
Extraction,2020,Action,,,Household,"Seen, unrated",Blockbuster,Netflix,2026-10-04,,,,545609,posters/545609.jpg,116,A hardened gun-for-hire's latest mission becomes a soul-searching race to survive when he's sent into Bangladesh to rescue a drug lord's kidnapped son.,"From the Netflix viewing history on Chris’s own profile, exported 2026-10-04. Last watched 5/2/20. Netflix listed it as ""Extraction""; TMDB confirms it as a film, which is the only reason it is here. No rating given; blank beats invented. Genre and Lane filled by SAGE 2026-10-04 by rule of thumb (big-budget spectacle), not Chris’s own call. Worth a glance.",R,
Jeff Dunham: Beside Himself,2019,Comedy,,,Household,"Seen, unrated",Modern Comedy,Netflix,2026-10-04,,,,633517,posters/633517.jpg,58,"The ventriloquist, Jeff Dunham, taped his second Netflix special in his hometown of Dallas, TX in the American Airlines Center. He returns with his normal cast of characters including Walter, Bubba J, Peanut, José Jalapeño on a Stick, Achmed the Dead Terrorist, and one of his newest additions Larry, a high strung, chain-smoking, on-again, off-again personal adviser to the President.","From the Netflix viewing history on Chris’s own profile, exported 2026-10-04. Last watched 3/21/20. Netflix listed it as ""Jeff Dunham: Beside Himself""; TMDB confirms it as a film, which is the only reason it is here. No rating given; blank beats invented. Genre and Lane filled by SAGE 2026-10-04 by rule of thumb (post-2000 comedy), not Chris’s own call. Worth a glance.",,
"Gabriel ""Fluffy"" Iglesias: One Show Fits All",2019,Comedy,4.1,,Household,Rated,Modern Comedy,Netflix,2026-10-04,,,,573911,posters/573911.jpg,90,"Gabriel ""Fluffy"" Iglesias discusses his teenage son and encounters with Snoop Dogg, Chris Rock and Vicente Fernández in this stand-up special for 2019.","From the Netflix viewing history on Chris’s own profile, exported 2026-10-04. Last watched 3/16/20. Netflix listed it as ""Gabriel Fluffy Iglesias: One Show Fits All""; TMDB confirms it as a film, which is the only reason it is here. No rating given; blank beats invented. Chris rated it in the Google Sheet and it was pulled into the vault 2026-10-04: Chris 4.1. Pixie left blank; he rated alone. Genre and Lane filled by SAGE 2026-10-04 by rule of thumb (post-2000 comedy), not Chris’s own call. Worth a glance.",PG-13,
Ralphie May: Unruly,2015,Comedy,,,Household,"Seen, unrated",Modern Comedy,Netflix,2026-10-04,,,,327953,posters/327953.jpg,83,"Very little is off-limits in comedian Ralphie May’s very first Netflix original stand-up comedy special, Unruly. Filmed live in front of a raucous, fist-pumping crowd at Cobb Energy Performing Arts Centre in Atlanta, May unleashes his hilariously raunchy, no-holds-barred perspective on everything from airline travel and the news media, to Chick-fil-A and everybody being a little racist when they drive.","From the Netflix viewing history on Chris’s own profile, exported 2026-10-04. Last watched 3/16/20. Netflix listed it as ""Ralphie May: Unruly""; TMDB confirms it as a film, which is the only reason it is here. No rating given; blank beats invented. Genre and Lane filled by SAGE 2026-10-04 by rule of thumb (post-2000 comedy), not Chris’s own call. Worth a glance.",,
Semi-Pro,2008,Comedy,3.5,3.5,Household,Rated,Frat Pack,"Rent: Apple TV Store, Google Play Movies",2026-10-04,,,,13260,posters/13260.jpg,91,"Jackie Moon is the owner, promoter, coach, and star player of the Flint Michigan Tropics of the American Basketball Association (ABA), the worst team in the league. In 1976 before the ABA collapses, the NBA plans to merge with the best teams of the ABA at the end of the season. Only the top four teams will make the move and the worst teams will fold. If the Tropics want to make it to the NBA, Jackie Moon must rally his team and start winning.","From the Netflix viewing history on Chris’s own profile, exported 2026-10-04. Last watched 3/10/20. Netflix listed it as ""Semi-Pro""; TMDB confirms it as a film, which is the only reason it is here. No rating given; blank beats invented. Genre and Lane filled by SAGE 2026-10-04 from a strong pattern (Frat Pack cast). Pulled from the Google Sheet 2026-10-04: Chris (blank) -> 3.5; Pixie (blank) -> 3.5; Status Seen, unrated -> Rated.",R,
Ronny Chieng: Asian Comedian Destroys America!,2019,Comedy,,,Household,"Seen, unrated",Modern Comedy,Netflix,2026-10-04,,,,649802,posters/649802.jpg,63,"Comedian Ronny Chieng shares his unapologetic perspective about his journey to America, and what he thinks really makes America great.","From the Netflix viewing history on Chris’s own profile, exported 2026-10-04. Last watched 3/8/20. Netflix listed it as ""Ronny Chieng: Asian Comedian Destroys America!""; TMDB confirms it as a film, which is the only reason it is here. No rating given; blank beats invented. Genre and Lane filled by SAGE 2026-10-04 by rule of thumb (post-2000 comedy), not Chris’s own call. Worth a glance.",,
Pete Davidson: Alive from New York,2020,Comedy,,,Household,"Seen, unrated",Modern Comedy,Netflix,2026-10-04,,,,673768,posters/673768.jpg,49,"Comedian and ""SNL"" star Pete Davidson drops a candid and intimate stand-up special shot live in New York City.","From the Netflix viewing history on Chris’s own profile, exported 2026-10-04. Last watched 2/29/20. Netflix listed it as ""Pete Davidson: Alive From New York""; TMDB confirms it as a film, which is the only reason it is here. No rating given; blank beats invented. Genre and Lane filled by SAGE 2026-10-04 by rule of thumb (post-2000 comedy), not Chris’s own call. Worth a glance.",,
Icarus,2010,Action,,,Household,"Seen, unrated",Action,,2026-10-04,,,,35402,posters/35402.jpg,88,"Trained KGB assassin, Edward Genn (code name ICARUS), worked years ago as a sleeper agent in America. But when the Soviet Union collapsed, he quickly found himself in a foreign country with no one to trust. Determined to escape his muddled existence, Edward tries to start over. He assumes a new identity, starts a family and tries to start his own legitimate business that could potentially pull him out of his world of being a hitman.","From the Netflix viewing history on Chris’s own profile, exported 2026-10-04. Last watched 2/18/20. Netflix listed it as ""Icarus""; TMDB confirms it as a film, which is the only reason it is here. No rating given; blank beats invented. Genre and Lane filled by SAGE 2026-10-04 by rule of thumb (action), not Chris’s own call. Worth a glance.",R,
Get Him to the Greek,2010,Action-comedy,,,Household,"Seen, unrated",Music & Musicals,"Rent: Apple TV Store, Google Play Movies",2026-10-04,,,,32823,posters/32823.jpg,109,"Pinnacle records has the perfect plan to get their sinking company back on track: a comeback concert in LA featuring Aldous Snow, a fading rockstar who has dropped off the radar in recent years. Record company intern Aaron Green is faced with the monumental task of bringing his idol, out of control rock star Aldous Snow, back to LA for his comeback show.","From the Netflix viewing history on Chris’s own profile, exported 2026-10-04. Last watched 1/27/20. Netflix listed it as ""Get Him to the Greek""; TMDB confirms it as a film, which is the only reason it is here. No rating given; blank beats invented. Genre and Lane filled by SAGE 2026-10-04 by rule of thumb (music), not Chris’s own call. Worth a glance.",R,
Our Planet: Behind the Scenes,2019,Drama,4.8,4.8,Household,Rated,Documentary,Netflix,2026-10-04,,,,621561,posters/621561.jpg,63,Years spent recording footage of creatures from every corner of the globe is bound to produce a bit of drama. Here's a behind-the-scenes look.,"From the Netflix viewing history on Chris’s own profile, exported 2026-10-04. Last watched 1/27/20. Netflix listed it as ""Our Planet - Behind The Scenes""; TMDB confirms it as a film, which is the only reason it is here. No rating given; blank beats invented. Genre and Lane filled by SAGE 2026-10-04 from a TMDB fact (documentary). Pulled from the Google Sheet 2026-10-04: Chris (blank) -> 4.8; Pixie (blank) -> 4.8; Status Seen, unrated -> Rated.",,
The Waterboy,1998,Comedy,4.5,,Household,Rated,Kid Sport,Disney Plus,2026-10-04,,,,10663,posters/10663.jpg,90,Bobby Boucher is a water boy for a struggling college football team. The coach discovers Boucher's hidden rage makes him a tackling machine whose bone-crushing power might vault his team into the playoffs.,"From the Netflix viewing history on Chris’s own profile, exported 2026-10-04. Last watched 1/25/20. Netflix listed it as ""The Waterboy""; TMDB confirms it as a film, which is the only reason it is here. No rating given; blank beats invented. Chris rated it in the Google Sheet and it was pulled into the vault 2026-10-04: Chris 4.5. Pixie left blank; he rated alone. Genre and Lane filled by SAGE 2026-10-04 from a strong pattern (sport).",PG-13,
You Don't Mess with the Zohan,2008,Action-comedy,4.5,,Household,Rated,Modern Comedy,"Netflix, HBO Max, Sony One Amazon Channel",2026-10-04,,,,10661,posters/10661.jpg,113,An Israeli counterterrorism soldier with a secretly fabulous ambition to become a Manhattan hairstylist. Zohan's desire runs so deep that he'll do anything -- including faking his own death and going head-to-head with an Arab cab driver -- to make his dreams come true.,"From the Netflix viewing history on Chris’s own profile, exported 2026-10-04. Last watched 1/25/20. Netflix listed it as ""You Don't Mess with the Zohan""; TMDB confirms it as a film, which is the only reason it is here. No rating given; blank beats invented. Chris rated it in the Google Sheet and it was pulled into the vault 2026-10-04: Chris 4.5. Pixie left blank; he rated alone. Genre and Lane filled by SAGE 2026-10-04 by rule of thumb (post-2000 comedy), not Chris’s own call. Worth a glance.",PG-13,
Seth Meyers: Lobby Baby,2019,Comedy,4,,Household,Rated,Modern Comedy,Netflix,2026-10-04,,,,642203,posters/642203.jpg,61,SNL alumnus and subversive master of late-night Seth Meyers comes out from behind the desk to share some lighthearted stories from his own life.,"From the Netflix viewing history on Chris’s own profile, exported 2026-10-04. Last watched 11/14/19. Netflix listed it as ""Seth Meyers: Lobby Baby""; TMDB confirms it as a film, which is the only reason it is here. No rating given; blank beats invented. Chris rated it in the Google Sheet and it was pulled into the vault 2026-10-04: Chris 4. Pixie left blank; he rated alone. Genre and Lane filled by SAGE 2026-10-04 by rule of thumb (post-2000 comedy), not Chris’s own call. Worth a glance.",,
Nikki Glaser: Bangin',2019,Comedy,3.9,,Household,Rated,Modern Comedy,Netflix,2026-10-04,,,,635769,posters/635769.jpg,63,"Nikki Glaser bares all in a blistering stand-up special about sex, sobriety and getting over her own insecurities. And she won't spare you the details.","From the Netflix viewing history on Chris’s own profile, exported 2026-10-04. Last watched 10/2/19. Netflix listed it as ""Nikki Glaser: Bangin’""; TMDB confirms it as a film, which is the only reason it is here. No rating given; blank beats invented. Chris rated it in the Google Sheet and it was pulled into the vault 2026-10-04: Chris 3.9. Pixie left blank; he rated alone. Genre and Lane filled by SAGE 2026-10-04 by rule of thumb (post-2000 comedy), not Chris’s own call. Worth a glance.",,
Derren Brown: Sacrifice,2018,Drama,,,Household,"Seen, unrated",Documentary,Netflix,2026-10-04,,,,554175,posters/554175.jpg,49,Illusionist Derren Brown concocts a psychological experiment in which he tries to manipulate an ordinary person into taking a bullet for a stranger.,"From the Netflix viewing history on Chris’s own profile, exported 2026-10-04. Last watched 9/14/19. Netflix listed it as ""Derren Brown: Sacrifice""; TMDB confirms it as a film, which is the only reason it is here. No rating given; blank beats invented. Genre and Lane filled by SAGE 2026-10-04 from a TMDB fact (documentary).",,
Simon Amstell: Set Free,2019,Comedy,,,Household,"Seen, unrated",Modern Comedy,Netflix,2026-10-04,,,,624078,posters/624078.jpg,51,"Honest, introspective comic Simon Amstell digs deep and delivers a uniquely vulnerable stand-up set on love, ego, intimacy and ayahuasca.","From the Netflix viewing history on Chris’s own profile, exported 2026-10-04. Last watched 8/24/19. Netflix listed it as ""Simon Amstell: Set Free""; TMDB confirms it as a film, which is the only reason it is here. No rating given; blank beats invented. Genre and Lane filled by SAGE 2026-10-04 by rule of thumb (post-2000 comedy), not Chris’s own call. Worth a glance.",,
Ricky Gervais: Humanity,2018,Comedy,4.5,,Household,Rated,Modern Comedy,Netflix,2026-10-04,,,,508933,posters/508933.jpg,79,"In his first special in seven years, Ricky Gervais slings his trademark snark at celebrity, mortality and a society that takes everything personally.","From the Netflix viewing history on Chris’s own profile, exported 2026-10-04. Last watched 8/17/19. Netflix listed it as ""Ricky Gervais: Humanity""; TMDB confirms it as a film, which is the only reason it is here. No rating given; blank beats invented. Chris rated it in the Google Sheet and it was pulled into the vault 2026-10-04: Chris 4.5. Pixie left blank; he rated alone. Genre and Lane filled by SAGE 2026-10-04 by rule of thumb (post-2000 comedy), not Chris’s own call. Worth a glance.",R,
Whitney Cummings: Can I Touch It?,2019,Comedy,3.9,,Household,Rated,Modern Comedy,Netflix,2026-10-04,,,,616700,posters/616700.jpg,59,"In her fourth stand-up special, Whitney Cummings returns to her hometown of Washington, D.C., and riffs on modern feminism, technology and more.","From the Netflix viewing history on Chris’s own profile, exported 2026-10-04. Last watched 8/3/19. Netflix listed it as ""Whitney Cummings: Can I Touch It?""; TMDB confirms it as a film, which is the only reason it is here. No rating given; blank beats invented. Chris rated it in the Google Sheet and it was pulled into the vault 2026-10-04: Chris 3.9. Pixie left blank; he rated alone. Genre and Lane filled by SAGE 2026-10-04 by rule of thumb (post-2000 comedy), not Chris’s own call. Worth a glance.",,
Adam Devine: Best Time of Our Lives,2019,Comedy,,,Household,"Seen, unrated",Modern Comedy,Netflix,2026-10-04,,,,609660,posters/609660.jpg,58,"Critically acclaimed comedian, Adam Devine, knows that growing up sucks and is here to tell you why. Filmed in front of a packed house at The Orpheum Theater in his hometown of Omaha, Nebraska, Devine's new Netflix comedy special will give a comedic take on the worst parts of growing up including puberty, parental judgment, and almost dying on your 21st birthday.","From the Netflix viewing history on Chris’s own profile, exported 2026-10-04. Last watched 6/23/19. Netflix listed it as ""Adam Devine: Best Time of Our Lives""; TMDB confirms it as a film, which is the only reason it is here. No rating given; blank beats invented. Genre and Lane filled by SAGE 2026-10-04 by rule of thumb (post-2000 comedy), not Chris’s own call. Worth a glance.",PG-13,
Lion,2016,Drama,,,Household,"Seen, unrated",Prestige,Amazon Prime Video,2026-10-04,,,,334543,posters/334543.jpg,118,"A five-year-old Indian boy gets lost on the streets of Calcutta, thousands of kilometers from home. He survives many challenges before being adopted by a couple in Australia; 25 years later, he sets out to find his lost family.","From the Netflix viewing history on Chris’s own profile, exported 2026-10-04. Last watched 6/2/19. Netflix listed it as ""Lion""; TMDB confirms it as a film, which is the only reason it is here. No rating given; blank beats invented. Genre and Lane filled by SAGE 2026-10-04 by rule of thumb (acclaimed drama), not Chris’s own call. Worth a glance.",PG-13,
The Dirt,2019,Comedy,,,Household,"Seen, unrated",Music & Musicals,Netflix,2026-10-04,,,,327331,posters/327331.jpg,108,The story of Mötley Crüe and their rise from the Sunset Strip club scene of the early 1980s to superstardom.,"From the Netflix viewing history on Chris’s own profile, exported 2026-10-04. Last watched 4/11/19. Netflix listed it as ""The Dirt""; TMDB confirms it as a film, which is the only reason it is here. No rating given; blank beats invented. Genre and Lane filled by SAGE 2026-10-04 by rule of thumb (music), not Chris’s own call. Worth a glance.",R,
Amy Schumer: Growing,2019,Comedy,,,Household,"Seen, unrated",Modern Comedy,Netflix,2026-10-04,,,,581958,posters/581958.jpg,61,"Amy Schumer's live stand-up set performed in Chicago where she jokes about marriage, pregnancy and personal growth.","From the Netflix viewing history on Chris’s own profile, exported 2026-10-04. Last watched 3/27/19. Netflix listed it as ""Amy Schumer Growing""; TMDB confirms it as a film, which is the only reason it is here. No rating given; blank beats invented. Genre and Lane filled by SAGE 2026-10-04 by rule of thumb (post-2000 comedy), not Chris’s own call. Worth a glance.",,
"Ken Jeong: You Complete Me, Ho",2019,Drama,,,Household,"Seen, unrated",Documentary,Netflix,2026-10-04,,,,573917,posters/573917.jpg,62,"In his first-ever stand-up special, Ken Jeong shares hilarious stories from his Hollywood career -- and reveals how ""The Hangover"" saved his life.","From the Netflix viewing history on Chris’s own profile, exported 2026-10-04. Last watched 2/16/19. Netflix listed it as ""Ken Jeong: You Complete Me, Ho""; TMDB confirms it as a film, which is the only reason it is here. No rating given; blank beats invented. Genre and Lane filled by SAGE 2026-10-04 from a TMDB fact (documentary).",,
RUSSELL BRAND: RE:BIRTH,2018,Comedy,,,Household,"Seen, unrated",Modern Comedy,Netflix,2026-10-04,,,,566674,posters/566674.jpg,63,Russell ruminates on the state of the world and reflects how life has changed since he became a father.,"From the Netflix viewing history on Chris’s own profile, exported 2026-10-04. Last watched 12/15/18. Netflix listed it as ""RUSSELL BRAND: RE:BIRTH""; TMDB confirms it as a film, which is the only reason it is here. No rating given; blank beats invented. Genre and Lane filled by SAGE 2026-10-04 by rule of thumb (post-2000 comedy), not Chris’s own call. Worth a glance.",,
Russell Peters: Almost Famous,2016,Comedy,,,Household,"Seen, unrated",Modern Comedy,Netflix,2026-10-04,,,,417026,posters/417026.jpg,73,"The comic comes home to Toronto to sound off on cultural quirks, furniture building and bathroom visits, revelling in all things ridiculously human.","From the Netflix viewing history on Chris’s own profile, exported 2026-10-04. Last watched 11/25/18. Netflix listed it as ""Russell Peters: Almost Famous""; TMDB confirms it as a film, which is the only reason it is here. No rating given; blank beats invented. Genre and Lane filled by SAGE 2026-10-04 by rule of thumb (post-2000 comedy), not Chris’s own call. Worth a glance.",,
John Leguizamo's Latin History for Morons,2018,Comedy,,,Household,"Seen, unrated",Modern Comedy,Netflix,2026-10-04,,,,557606,posters/557606.jpg,89,"In this one-man Broadway show, John Leguizamo finds humor and heartbreak as he traces 3,000 years of Latin history in an effort to help his bullied son.","From the Netflix viewing history on Chris’s own profile, exported 2026-10-04. Last watched 11/7/18. Netflix listed it as ""John Leguizamo's Latin History for Morons""; TMDB confirms it as a film, which is the only reason it is here. No rating given; blank beats invented. Genre and Lane filled by SAGE 2026-10-04 by rule of thumb (post-2000 comedy), not Chris’s own call. Worth a glance.",,
Adam Sandler: 100% Fresh,2018,Comedy,3.9,,Household,Rated,Music & Musicals,Netflix,2026-10-04,,,,517596,posters/517596.jpg,73,"Adam Sandler takes his comical musical musings back out on the road, from comedy clubs to concert halls to one very unsuspecting subway station.","From the Netflix viewing history on Chris’s own profile, exported 2026-10-04. Last watched 10/24/18. Netflix listed it as ""ADAM SANDLER 100% FRESH""; TMDB confirms it as a film, which is the only reason it is here. No rating given; blank beats invented. Chris rated it in the Google Sheet and it was pulled into the vault 2026-10-04: Chris 3.9. Pixie left blank; he rated alone. Genre and Lane filled by SAGE 2026-10-04 by rule of thumb (music), not Chris’s own call. Worth a glance.",R,
Russell Howard: Recalibrate,2017,Comedy,,,Household,"Seen, unrated",Modern Comedy,Netflix,2026-10-04,,,,492166,posters/492166.jpg,69,"Self-deprecating comic Russell Howard plows ahead through politics, porn, social media and his own shortcomings. Yet he somehow keeps it positive.","From the Netflix viewing history on Chris’s own profile, exported 2026-10-04. Last watched 10/23/18. Netflix listed it as ""Russell Howard: Recalibrate""; TMDB confirms it as a film, which is the only reason it is here. No rating given; blank beats invented. Genre and Lane filled by SAGE 2026-10-04 by rule of thumb (post-2000 comedy), not Chris’s own call. Worth a glance.",,
"Ron White: If You Quit Listening, I'll Shut Up",2018,Comedy,,,Household,"Seen, unrated",Modern Comedy,Netflix,2026-10-04,,,,550302,posters/550302.jpg,63,"Ron ""Tater Salad"" White dishes out his signature brand of cynicism, riffing on sex, celebrity and the sinister habits of wild geese.","From the Netflix viewing history on Chris’s own profile, exported 2026-10-04. Last watched 10/22/18. Netflix listed it as ""Ron White: If You Quit Listening, I'll Shut Up""; TMDB confirms it as a film, which is the only reason it is here. No rating given; blank beats invented. Genre and Lane filled by SAGE 2026-10-04 by rule of thumb (post-2000 comedy), not Chris’s own call. Worth a glance.",,
Joe Mande's Award-Winning Comedy Special,2017,Drama,,,Household,"Seen, unrated",Documentary,Netflix,2026-10-04,,,,466987,posters/466987.jpg,66,"Stand-up comic Joe Mande aims for critical adulation with this special that covers dating shows, ""Shark Tank,"" Jewish summer camp and much more.","From the Netflix viewing history on Chris’s own profile, exported 2026-10-04. Last watched 10/11/18. Netflix listed it as ""Joe Mande’s Award-Winning Comedy Special""; TMDB confirms it as a film, which is the only reason it is here. No rating given; blank beats invented. Genre and Lane filled by SAGE 2026-10-04 from a TMDB fact (documentary).",,
Mo Amer: The Vagabond,2018,Comedy,,,Household,"Seen, unrated",Modern Comedy,Netflix,2026-10-04,,,,550294,posters/550294.jpg,56,"Arab-American comedian Mo Amer recounts his life as a refugee comic, from traveling with the name Mohammed to his long path to citizenship.","From the Netflix viewing history on Chris’s own profile, exported 2026-10-04. Last watched 10/11/18. Netflix listed it as ""Mo Amer: The Vagabond""; TMDB confirms it as a film, which is the only reason it is here. No rating given; blank beats invented. Genre and Lane filled by SAGE 2026-10-04 by rule of thumb (post-2000 comedy), not Chris’s own call. Worth a glance.",,
Justin Timberlake + The Tennessee Kids,2016,Drama,4,4,Household,Rated,Documentary,Netflix,2026-10-04,,,,408619,posters/408619.jpg,90,"In January 2015, at the MGM Grand Garden Arena in Las Vegas, the final nights of the ""20/20 Experience World Tour"", director Jonathan Demme captures what makes the show soar: gifted musicians, deft dancers and a magnetic star.","From the Netflix viewing history on Chris’s own profile, exported 2026-10-04. Last watched 9/9/18. Netflix listed it as ""Justin Timberlake + the Tennessee Kids""; TMDB confirms it as a film, which is the only reason it is here. No rating given; blank beats invented. Genre and Lane filled by SAGE 2026-10-04 from a TMDB fact (documentary). Pulled from the Google Sheet 2026-10-04: Chris (blank) -> 4; Pixie (blank) -> 4; Status Seen, unrated -> Rated.",,
"Game Over, Man!",2018,Action-comedy,,,Household,"Seen, unrated",Modern Comedy,Netflix,2026-10-04,,,,456750,posters/456750.jpg,101,Three friends are on the verge of getting their video game financed when their benefactor is taken hostage by terrorists.,"From the Netflix viewing history on Chris’s own profile, exported 2026-10-04. Last watched 9/9/18. Netflix listed it as ""Game Over, Man!""; TMDB confirms it as a film, which is the only reason it is here. No rating given; blank beats invented. Genre and Lane filled by SAGE 2026-10-04 by rule of thumb (post-2000 comedy), not Chris’s own call. Worth a glance.",R,
The Legacy of a Whitetail Deer Hunter,2018,Comedy,,,Household,"Seen, unrated",Modern Comedy,Netflix,2026-10-04,,,,311307,posters/311307.jpg,83,A star of hunting videos strives to bond with his 12-year-old son on a wilderness trip but learns familial connections can't be forced.,"From the Netflix viewing history on Chris’s own profile, exported 2026-10-04. Last watched 9/8/18. Netflix listed it as ""The Legacy of a Whitetail Deer Hunter""; TMDB confirms it as a film, which is the only reason it is here. No rating given; blank beats invented. Genre and Lane filled by SAGE 2026-10-04 by rule of thumb (post-2000 comedy), not Chris’s own call. Worth a glance.",,
Father of the Year,2018,Comedy,,,Household,"Seen, unrated",Modern Comedy,Netflix,2026-10-04,,,,531949,posters/531949.jpg,94,"Two college grads return to their hometown, where a hypothetical question -- whose dad would win in a fight? -- leads to mass mayhem.","From the Netflix viewing history on Chris’s own profile, exported 2026-10-04. Last watched 8/4/18. Netflix listed it as ""Father of the Year""; TMDB confirms it as a film, which is the only reason it is here. No rating given; blank beats invented. Genre and Lane filled by SAGE 2026-10-04 by rule of thumb (post-2000 comedy), not Chris’s own call. Worth a glance.",,
Operation Odessa,2018,Drama,4.5,4.5,Household,Rated,Documentary,,2026-10-04,,,,502164,posters/502164.jpg,92,"The stranger-than-fiction true story of a Russian mobster, a Miami playboy, and a Cuban spy who teamed up in the early '90s to sell a Soviet submarine to the Cali Cartel.","From the Netflix viewing history on Chris’s own profile, exported 2026-10-04. Last watched 6/27/18. Netflix listed it as ""Operation Odessa""; TMDB confirms it as a film, which is the only reason it is here. No rating given; blank beats invented. Genre and Lane filled by SAGE 2026-10-04 from a TMDB fact (documentary). Pulled from the Google Sheet 2026-10-04: Chris (blank) -> 4.5; Pixie (blank) -> 4.5; Status Seen, unrated -> Rated.",,
The Gift,2015,Drama,,,Household,"Seen, unrated",Unsorted,Rent: Google Play Movies,2026-10-04,,,,328425,posters/328425.jpg,108,Simon and Robyn are a young married couple whose life is going as planned until a chance run-in with Simon's high school acquaintance sends their world into a tailspin.,"From the Netflix viewing history on Chris’s own profile, exported 2026-10-04. Last watched 6/25/18. Netflix listed it as ""The Gift""; TMDB confirms it as a film, which is the only reason it is here. No rating given; blank beats invented.",R,
Hannah Gadsby: Nanette,2018,Comedy,,,Household,"Seen, unrated",Modern Comedy,Netflix,2026-10-04,,,,529531,posters/529531.jpg,69,The Australian comedian Hannah Gadsby is taking an anti-comedy stance in her newest special.,"From the Netflix viewing history on Chris’s own profile, exported 2026-10-04. Last watched 6/21/18. Netflix listed it as ""Hannah Gadsby: Nanette""; TMDB confirms it as a film, which is the only reason it is here. No rating given; blank beats invented. Genre and Lane filled by SAGE 2026-10-04 by rule of thumb (post-2000 comedy), not Chris’s own call. Worth a glance.",,
Tig Notaro: Happy to Be Here,2018,Comedy,,,Household,"Seen, unrated",Modern Comedy,Netflix,2026-10-04,,,,521512,posters/521512.jpg,58,"Comedian Tig Notaro unleashes her inner prankster in a playful stand-up special packed with funny anecdotes, parenting confessions and more.","From the Netflix viewing history on Chris’s own profile, exported 2026-10-04. Last watched 5/24/18. Netflix listed it as ""Tig Notaro Happy To Be Here""; TMDB confirms it as a film, which is the only reason it is here. No rating given; blank beats invented. Genre and Lane filled by SAGE 2026-10-04 by rule of thumb (post-2000 comedy), not Chris’s own call. Worth a glance.",,
Hari Kondabolu: Warn Your Relatives,2018,Comedy,,,Household,"Seen, unrated",Modern Comedy,Netflix,2026-10-04,,,,521041,posters/521041.jpg,67,"Hari Kondabolu breaks down identity politics, celebrity encounters, his mango obsession and more in an unpredictable stand-up comedy special.","From the Netflix viewing history on Chris’s own profile, exported 2026-10-04. Last watched 5/11/18. Netflix listed it as ""Hari Kondabolu: Warn Your Relatives""; TMDB confirms it as a film, which is the only reason it is here. No rating given; blank beats invented. Genre and Lane filled by SAGE 2026-10-04 by rule of thumb (post-2000 comedy), not Chris’s own call. Worth a glance.",,
Daniel Sosa: Sosafado,2017,Comedy,,,Household,"Seen, unrated",Modern Comedy,Netflix,2026-10-04,,,,439031,posters/439031.jpg,77,His limitless imagination and effortless transformations add up to a night of unpredictable character-driven comedy.,"From the Netflix viewing history on Chris’s own profile, exported 2026-10-04. Last watched 5/9/18. Netflix listed it as ""Daniel Sosa: Sosafado""; TMDB confirms it as a film, which is the only reason it is here. No rating given; blank beats invented. Genre and Lane filled by SAGE 2026-10-04 by rule of thumb (post-2000 comedy), not Chris’s own call. Worth a glance.",,
Aziz Ansari: Live at Madison Square Garden,2015,Comedy,,,Household,"Seen, unrated",Modern Comedy,Netflix,2026-10-04,,,,326665,posters/326665.jpg,58,"Ansari headlines the iconic Madison Square Garden and delivers his most hilarious and insightful stand-up yet. Filmed in front of a sold-out audience, Ansari's latest special is an uproarious document of the comic in top form -- covering topics ranging from the struggle of American immigrants to the food industry to relationships to gender inequality.","From the Netflix viewing history on Chris’s own profile, exported 2026-10-04. Last watched 5/8/18. Netflix listed it as ""Aziz Ansari Live at Madison Square Garden""; TMDB confirms it as a film, which is the only reason it is here. No rating given; blank beats invented. Genre and Lane filled by SAGE 2026-10-04 by rule of thumb (post-2000 comedy), not Chris’s own call. Worth a glance.",,
Smurfs: The Lost Village,2017,Animated / family,,,Household,"Seen, unrated",Animated Family,HBO Max,2026-10-04,,,,137116,posters/137116.jpg,89,"In this fully animated, all-new take on the Smurfs, a mysterious map sets Smurfette and her friends Brainy, Clumsy and Hefty on an exciting race through the Forbidden Forest leading to the discovery of the biggest secret in Smurf history.","From the Netflix viewing history on Chris’s own profile, exported 2026-10-04. Last watched 5/2/18. Netflix listed it as ""Smurfs: The Lost Village""; TMDB confirms it as a film, which is the only reason it is here. No rating given; blank beats invented. Genre and Lane filled by SAGE 2026-10-04 from a strong pattern (animation).",PG,
Captain Underpants: The First Epic Movie,2017,Animated / family,,,Household,"Seen, unrated",Animated Family,Amazon Prime Video,2026-10-04,,,,268531,posters/268531.jpg,89,"Based on the bestselling book series, this outrageous comedy tells the story of George and Harold,  two overly imaginative pranksters who hypnotize their principal into thinking he’s an enthusiastic, yet dimwitted, superhero named Captain Underpants.","From the Netflix viewing history on Chris’s own profile, exported 2026-10-04. Last watched 4/28/18. Netflix listed it as ""Captain Underpants: The First Epic Movie""; TMDB confirms it as a film, which is the only reason it is here. No rating given; blank beats invented. Genre and Lane filled by SAGE 2026-10-04 from a strong pattern (animation).",PG,
Greg Davies: You Magnificent Beast,2018,Comedy,,,Household,"Seen, unrated",Modern Comedy,Netflix,2026-10-04,,,,516341,posters/516341.jpg,66,"Greg is back with his first stand up show in four years, and biggest ever tour, You Magnificent Beast.","From the Netflix viewing history on Chris’s own profile, exported 2026-10-04. Last watched 4/28/18. Netflix listed it as ""Greg Davies: You Magnificent Beast""; TMDB confirms it as a film, which is the only reason it is here. No rating given; blank beats invented. Genre and Lane filled by SAGE 2026-10-04 by rule of thumb (post-2000 comedy), not Chris’s own call. Worth a glance.",,
Kevin James: Never Don't Give Up,2018,Comedy,,,Household,"Seen, unrated",Modern Comedy,Netflix,2026-10-04,,,,519804,posters/519804.jpg,62,"Kevin James makes his long-awaited return to stand-up in this family-friendly special, dishing on fatherhood, fans, his disdain for allergies and more.","From the Netflix viewing history on Chris’s own profile, exported 2026-10-04. Last watched 4/27/18. Netflix listed it as ""Kevin James: Never Don't Give Up""; TMDB confirms it as a film, which is the only reason it is here. No rating given; blank beats invented. Genre and Lane filled by SAGE 2026-10-04 by rule of thumb (post-2000 comedy), not Chris’s own call. Worth a glance.",,
The Emoji Movie,2017,Animated / family,3.5,3.5,Household,Rated,Animated Family,HBO Max,2026-10-04,,,,378236,posters/378236.jpg,86,"Gene, a multi-expressional emoji, sets out on a journey to become a normal emoji.","From the Netflix viewing history on Chris’s own profile, exported 2026-10-04. Last watched 4/22/18. Netflix listed it as ""The Emoji Movie""; TMDB confirms it as a film, which is the only reason it is here. No rating given; blank beats invented. Genre and Lane filled by SAGE 2026-10-04 from a strong pattern (animation). Pulled from the Google Sheet 2026-10-04: Chris (blank) -> 3.5; Pixie (blank) -> 3.5; Status Seen, unrated -> Rated.",PG,
The Polka King,2017,Comedy,,,Household,"Seen, unrated",Frat Pack,Netflix,2026-10-04,,,,419472,posters/419472.jpg,95,Local Pennsylvania polka legend Jan Lewan develops a plan to get rich that shocks his fans and lands him in jail.,"From the Netflix viewing history on Chris’s own profile, exported 2026-10-04. Last watched 4/19/18. Netflix listed it as ""The Polka King""; TMDB confirms it as a film, which is the only reason it is here. No rating given; blank beats invented. Genre and Lane filled by SAGE 2026-10-04 from a strong pattern (Frat Pack cast).",,
Curious George,2006,Animated / family,,,Household,"Seen, unrated",Animated Family,Amazon Prime Video,2026-10-04,,,,9975,posters/9975.jpg,87,"When The Man in the Yellow Hat befriends Curious George in the jungle, they set off on a non-stop, fun-filled journey through the wonders of the big city toward the warmth of true friendship.","From the Netflix viewing history on Chris’s own profile, exported 2026-10-04. Last watched 4/17/18. Netflix listed it as ""Curious George""; TMDB confirms it as a film, which is the only reason it is here. No rating given; blank beats invented. Genre and Lane filled by SAGE 2026-10-04 from a strong pattern (animation).",G,
Curious George: A Very Monkey Christmas,2009,Animated / family,,,Household,"Seen, unrated",Christmas,"Rent: Apple TV Store, Google Play Movies",2026-10-04,,,,263945,posters/263945.jpg,58,George and The Man In The Yellow Hat are having a merry time counting down to Christmas. But neither can decide what to give each other. Will they find the answers before Christmas morning?,"From the Netflix viewing history on Chris’s own profile, exported 2026-10-04. Last watched 4/16/18. Netflix listed it as ""Curious George: A Very Monkey Christmas""; TMDB confirms it as a film, which is the only reason it is here. No rating given; blank beats invented. Genre and Lane filled by SAGE 2026-10-04 from a strong pattern (christmas).",NR,
Seth Rogen's Hilarity for Charity,2018,Drama,,,Household,"Seen, unrated",Documentary,Netflix,2026-10-04,,,,516525,posters/516525.jpg,70,"Seth Rogen and friends combine stand-up, sketches and music for an outrageous comedy special that could only come from the mind of Seth. Guests include Tiffany Haddish, Sarah Silverman, Michelle Wolf, John Mulaney, Michael Che, David Chang, Ike Barinholtz, Chelsea Peretti, Kumail Nanjiani, Jon Lovitz, Jeff Goldblum, Sacha Baron Cohen, Nick Kroll, Post Malone, Chris Hardwick, and Craig Robinson & The Nasty Delicious.","From the Netflix viewing history on Chris’s own profile, exported 2026-10-04. Last watched 4/9/18. Netflix listed it as ""Seth Rogen's Hilarity for Charity""; TMDB confirms it as a film, which is the only reason it is here. No rating given; blank beats invented. Genre and Lane filled by SAGE 2026-10-04 from a TMDB fact (documentary).",,
Marlon Wayans: Woke-ish,2018,Comedy,,,Household,"Seen, unrated",Modern Comedy,Netflix,2026-10-04,,,,507729,posters/507729.jpg,68,"An American stand-up comedy special starring Marlon Wayans who jokes about racism, hip-hop, gay rights, and raising kids.","From the Netflix viewing history on Chris’s own profile, exported 2026-10-04. Last watched 4/1/18. Netflix listed it as ""Marlon Wayans: Woke-ish""; TMDB confirms it as a film, which is the only reason it is here. No rating given; blank beats invented. Genre and Lane filled by SAGE 2026-10-04 by rule of thumb (post-2000 comedy), not Chris’s own call. Worth a glance.",,
Hannibal Buress: Comedy Camisado,2016,Comedy,,,Household,"Seen, unrated",Modern Comedy,Netflix,2026-10-04,,,,378137,posters/378137.jpg,67,"He's a kamikaze gambler. A one-arm cuddler. And if his fly is down, so be it. A night of sly riffs and slow burns.","From the Netflix viewing history on Chris’s own profile, exported 2026-10-04. Last watched 3/15/18. Netflix listed it as ""Hannibal Buress: Comedy Camisado""; TMDB confirms it as a film, which is the only reason it is here. No rating given; blank beats invented. Genre and Lane filled by SAGE 2026-10-04 by rule of thumb (post-2000 comedy), not Chris’s own call. Worth a glance.",R,
Felipe Neto: My Life Makes No Sense,2017,Comedy,,,Household,"Seen, unrated",Modern Comedy,Netflix,2026-10-04,,,,448723,posters/448723.jpg,90,YouTube sensation Felipe Neto brings the stories from his autobiographical book 'Não Faz Sentido!' to the stage in this comedy special.,"From the Netflix viewing history on Chris’s own profile, exported 2026-10-04. Last watched 3/15/18. Netflix listed it as ""Felipe Neto: My Life Makes No Sense""; TMDB confirms it as a film, which is the only reason it is here. No rating given; blank beats invented. Genre and Lane filled by SAGE 2026-10-04 by rule of thumb (post-2000 comedy), not Chris’s own call. Worth a glance.",,
Corpse Bride,2005,Animated / family,,,Household,"Seen, unrated",Animated Family,"HBO Max, Universal+ Amazon Channel",2026-10-04,,,,3933,posters/3933.jpg,77,"In a 19th-century European village, a young man about to be married is whisked away to the underworld and wed to a mysterious corpse bride, while his real bride waits bereft in the land of the living.","From the Netflix viewing history on Chris’s own profile, exported 2026-10-04. Last watched 1/27/18. Netflix listed it as ""Corpse Bride""; TMDB confirms it as a film, which is the only reason it is here. No rating given; blank beats invented. Genre and Lane filled by SAGE 2026-10-04 from a strong pattern (animation).",PG,
Todd Glass: Act Happy,2018,Comedy,,,Household,"Seen, unrated",Modern Comedy,Netflix,2026-10-04,,,,493201,posters/493201.jpg,62,Try to keep up as comedian Todd Glass delivers rapid-fire stand-up that bounces from his heart attack to his coming out to how to eat a Kit Kat.,"From the Netflix viewing history on Chris’s own profile, exported 2026-10-04. Last watched 1/25/18. Netflix listed it as ""Todd Glass: Act Happy""; TMDB confirms it as a film, which is the only reason it is here. No rating given; blank beats invented. Genre and Lane filled by SAGE 2026-10-04 by rule of thumb (post-2000 comedy), not Chris’s own call. Worth a glance.",,
Todd Barry: Spicy Honey,2017,Comedy,,,Household,"Seen, unrated",Modern Comedy,Netflix,2026-10-04,,,,488669,posters/488669.jpg,60,"With bone-dry wit, stand-up comic Todd Barry dissects texting emergencies, Hitler's taste in wine, pricey soap, cheap pizza and much more.","From the Netflix viewing history on Chris’s own profile, exported 2026-10-04. Last watched 1/10/18. Netflix listed it as ""Todd Barry: Spicy Honey""; TMDB confirms it as a film, which is the only reason it is here. No rating given; blank beats invented. Genre and Lane filled by SAGE 2026-10-04 by rule of thumb (post-2000 comedy), not Chris’s own call. Worth a glance.",,
Ryan Hamilton: Happy Face,2017,Comedy,,,Household,"Seen, unrated",Modern Comedy,Netflix,2026-10-04,,,,469021,posters/469021.jpg,56,"Small-town import Ryan Hamilton charms New York with folksy comic observations on big-city life, hot-air ballooning and going to Disney World alone.","From the Netflix viewing history on Chris’s own profile, exported 2026-10-04. Last watched 12/24/17. Netflix listed it as ""Ryan Hamilton: Happy Face""; TMDB confirms it as a film, which is the only reason it is here. No rating given; blank beats invented. Genre and Lane filled by SAGE 2026-10-04 by rule of thumb (post-2000 comedy), not Chris’s own call. Worth a glance.",,
Judd Apatow: The Return,2017,Comedy,,,Household,"Seen, unrated",Modern Comedy,Netflix,2026-10-04,,,,487156,posters/487156.jpg,69,"Renowned producer, director and writer Judd Apatow makes his long-awaited return to stand-up comedy with this new special shot in Montreal.","From the Netflix viewing history on Chris’s own profile, exported 2026-10-04. Last watched 12/14/17. Netflix listed it as ""Judd Apatow: The Return""; TMDB confirms it as a film, which is the only reason it is here. No rating given; blank beats invented. Genre and Lane filled by SAGE 2026-10-04 by rule of thumb (post-2000 comedy), not Chris’s own call. Worth a glance.",,
Spectral,2016,Sci-fi,,,Household,"Seen, unrated",Sci-fi Canon,Netflix,2026-10-04,,,,324670,posters/324670.jpg,109,A special-ops team is dispatched to fight supernatural beings that have taken over a European city.,"From the Netflix viewing history on Chris’s own profile, exported 2026-10-04. Last watched 12/14/17. Netflix listed it as ""Spectral""; TMDB confirms it as a film, which is the only reason it is here. No rating given; blank beats invented. Genre and Lane filled by SAGE 2026-10-04 by rule of thumb (sci-fi), not Chris’s own call. Worth a glance.",PG-13,
Donnie Darko,2001,Adventure,4.3,,Household,Rated,Time & Second Chances,Amazon Prime Video,2026-10-04,,,,141,posters/141.jpg,114,"After narrowly escaping a bizarre accident, a troubled teenager is plagued by visions of a large bunny rabbit that manipulates him to commit a series of crimes.","From the Netflix viewing history on Chris’s own profile, exported 2026-10-04. Last watched 12/10/17. Netflix listed it as ""Donnie Darko""; TMDB confirms it as a film, which is the only reason it is here. No rating given; blank beats invented. Chris rated it in the Google Sheet and it was pulled into the vault 2026-10-04: Chris 4.3. Pixie left blank; he rated alone. Genre and Lane filled by SAGE 2026-10-04 from a strong pattern (time travel).",R,
Sarah Silverman: A Speck of Dust,2017,Comedy,4.3,4.3,Household,Rated,Modern Comedy,Netflix,2026-10-04,,,,459295,posters/459295.jpg,71,"In her first comedy special post-health scare, Sarah Silverman shares a mix of fun facts, sad truths and yeah-she-just-went-there moments.","From the Netflix viewing history on Chris’s own profile, exported 2026-10-04. Last watched 12/6/17. Netflix listed it as ""Sarah Silverman A Speck of Dust""; TMDB confirms it as a film, which is the only reason it is here. No rating given; blank beats invented. Genre and Lane filled by SAGE 2026-10-04 by rule of thumb (post-2000 comedy), not Chris’s own call. Worth a glance. Pulled from the Google Sheet 2026-10-04: Chris (blank) -> 4.3; Pixie (blank) -> 4.3; Status Seen, unrated -> Rated.",,
Natalia Valdebenito: Loudmouth,2017,Comedy,,,Household,"Seen, unrated",Modern Comedy,,2026-10-04,,,,486755,posters/486755.jpg,75,"Chile's Natalia Valdebenito hits Santiago's Teatro Caupolicán with a one-woman show steeped in irony, a dash of improv and her own personal style.","From the Netflix viewing history on Chris’s own profile, exported 2026-10-04. Last watched 12/2/17. Netflix listed it as ""Natalia Valdebenito: Gritona""; TMDB confirms it as a film, which is the only reason it is here. No rating given; blank beats invented. Genre and Lane filled by SAGE 2026-10-04 by rule of thumb (post-2000 comedy), not Chris’s own call. Worth a glance.",,
Jack Whitehall: At Large,2017,Comedy,,,Household,"Seen, unrated",Modern Comedy,Netflix,2026-10-04,,,,479269,posters/479269.jpg,67,"Comedian Jack Whitehall takes the stage to tell stories about drinking, drugs, a Google Maps van and his ongoing rivalry with Robert Pattinson.","From the Netflix viewing history on Chris’s own profile, exported 2026-10-04. Last watched 11/26/17. Netflix listed it as ""Jack Whitehall: At Large""; TMDB confirms it as a film, which is the only reason it is here. No rating given; blank beats invented. Genre and Lane filled by SAGE 2026-10-04 by rule of thumb (post-2000 comedy), not Chris’s own call. Worth a glance.",,
Tom Papa: Live in New York City,2011,Comedy,3,3,Household,Rated,Modern Comedy,Netflix,2026-10-04,,,,85944,posters/85944.jpg,57,"From the Union Square Theater in New York City, veteran comic Tom Papa discusses a variety of topics, ranging from living with the worst roommates in the world to the difficulties of keeping up with rapidly changing technology.","From the Netflix viewing history on Chris’s own profile, exported 2026-10-04. Last watched 11/9/17. Netflix listed it as ""Tom Papa Live in New York City""; TMDB confirms it as a film, which is the only reason it is here. No rating given; blank beats invented. Genre and Lane filled by SAGE 2026-10-04 by rule of thumb (post-2000 comedy), not Chris’s own call. Worth a glance.",NR,
Judah Friedlander: America Is the Greatest Country in the United States,2017,Drama,,,Household,"Seen, unrated",Documentary,Netflix,2026-10-04,,,,484413,posters/484413.jpg,84,"Deadpan comic and self-proclaimed world champion Judah Friedlander performs over several nights in New York, explaining why America is No. 1.","From the Netflix viewing history on Chris’s own profile, exported 2026-10-04. Last watched 11/2/17. Netflix listed it as ""Judah Friedlander: America Is the Greatest Country in the United States""; TMDB confirms it as a film, which is the only reason it is here. No rating given; blank beats invented. Genre and Lane filled by SAGE 2026-10-04 from a TMDB fact (documentary).",R,
Jerry Before Seinfeld,2017,Drama,,,Household,"Seen, unrated",Documentary,Netflix,2026-10-04,,,,473812,posters/473812.jpg,62,"Jerry Seinfeld returns to the club that gave him his start in the 1970s, mixing iconic jokes with stories from his childhood and early days in comedy.","From the Netflix viewing history on Chris’s own profile, exported 2026-10-04. Last watched 9/28/17. Netflix listed it as ""Jerry Before Seinfeld""; TMDB confirms it as a film, which is the only reason it is here. No rating given; blank beats invented. Genre and Lane filled by SAGE 2026-10-04 from a TMDB fact (documentary).",,
Def Comedy Jam 25,2017,Drama,,,Household,"Seen, unrated",Documentary,Netflix,2026-10-04,,,,478054,posters/478054.jpg,81,"In this special live event, giants of stand-up come together to commemorate the 25th anniversary of Russell Simmons's groundbreaking ""Def Comedy Jam.""","From the Netflix viewing history on Chris’s own profile, exported 2026-10-04. Last watched 9/27/17. Netflix listed it as ""Def Comedy Jam 25""; TMDB confirms it as a film, which is the only reason it is here. No rating given; blank beats invented. Genre and Lane filled by SAGE 2026-10-04 from a TMDB fact (documentary).",,
Maz Jobrani: Immigrant,2017,Comedy,,,Household,"Seen, unrated",Modern Comedy,Netflix,2026-10-04,,,,468366,posters/468366.jpg,67,"Iranian American comic Maz Jobrani lights up the Kennedy Center with riffs on immigrant life in the Trump era, modern parenting pitfalls and more.","From the Netflix viewing history on Chris’s own profile, exported 2026-10-04. Last watched 9/11/17. Netflix listed it as ""Maz Jobrani: Immigrant""; TMDB confirms it as a film, which is the only reason it is here. No rating given; blank beats invented. Genre and Lane filled by SAGE 2026-10-04 by rule of thumb (post-2000 comedy), not Chris’s own call. Worth a glance.",,
Death Note,2017,Adventure,,,Household,"Seen, unrated",Horror,Netflix,2026-10-04,,,,351460,posters/351460.jpg,101,"Light Turner finds a supernatural notebook and uses it to mete out death, attracting the attention of a detective, a demon and a girl in his class.","From the Netflix viewing history on Chris’s own profile, exported 2026-10-04. Last watched 8/26/17. Netflix listed it as ""Death Note""; TMDB confirms it as a film, which is the only reason it is here. No rating given; blank beats invented. Genre and Lane filled by SAGE 2026-10-04 by rule of thumb (horror), not Chris’s own call. Worth a glance.",R,
Alan Saldaña: mi vida de pobre,2017,Comedy,,,Household,"Seen, unrated",Modern Comedy,Netflix,2026-10-04,,,,469814,posters/469814.jpg,53,Mexican comic Alan Saldaña has fun with everything from the pressure of sitting in an exit row to maxing out his credit card in this stand-up special.,"From the Netflix viewing history on Chris’s own profile, exported 2026-10-04. Last watched 8/6/17. Netflix listed it as ""Alan Saldaña: Mi vida de pobre""; TMDB confirms it as a film, which is the only reason it is here. No rating given; blank beats invented. Genre and Lane filled by SAGE 2026-10-04 by rule of thumb (post-2000 comedy), not Chris’s own call. Worth a glance.",,
John Caparulo: Come Inside Me,2013,Comedy,,,Household,"Seen, unrated",Modern Comedy,,2026-10-04,,,,246722,posters/246722.jpg,71,"Honest, entertaining and hilarious, John Caparulo invites everyone to come inside his world as he sees it, trading in his bachelorhood and T-shirts for a wedding band and buttons in this stand-up comedy special.","From the Netflix viewing history on Chris’s own profile, exported 2026-10-04. Last watched 8/3/17. Netflix listed it as ""John Caparulo: Come Inside Me""; TMDB confirms it as a film, which is the only reason it is here. No rating given; blank beats invented. Genre and Lane filled by SAGE 2026-10-04 by rule of thumb (post-2000 comedy), not Chris’s own call. Worth a glance.",,
Rory Scovel Tries Stand-Up for the First Time,2017,Comedy,,,Household,"Seen, unrated",Modern Comedy,Netflix,2026-10-04,,,,461634,posters/461634.jpg,66,"Comedian Rory Scovel storms the stage in Atlanta, where he shares unfocused thoughts about things that mystify him, relationships and the ""Thong Song.""","From the Netflix viewing history on Chris’s own profile, exported 2026-10-04. Last watched 7/4/17. Netflix listed it as ""Rory Scovel Tries Stand-Up for the First Time""; TMDB confirms it as a film, which is the only reason it is here. No rating given; blank beats invented. Genre and Lane filled by SAGE 2026-10-04 by rule of thumb (post-2000 comedy), not Chris’s own call. Worth a glance.",,
Marco Luque - We are together,2017,Comedy,,,Household,"Seen, unrated",Modern Comedy,Netflix,2026-10-04,,,,461980,posters/461980.jpg,73,"Eclectic character comedian Marco Luque plays himself in this stand-up special about relationships, regional differences and his own love of movies.","From the Netflix viewing history on Chris’s own profile, exported 2026-10-04. Last watched 6/15/17. Netflix listed it as ""Marco Luque: Tamo Junto""; TMDB confirms it as a film, which is the only reason it is here. No rating given; blank beats invented. Genre and Lane filled by SAGE 2026-10-04 by rule of thumb (post-2000 comedy), not Chris’s own call. Worth a glance.",,
Lucas Brothers: On Drugs,2017,Comedy,4,4,Household,Rated,Modern Comedy,Netflix,2026-10-04,,,,451709,posters/451709.jpg,49,"Deadpan twin comics Keith and Kenny Lucas take the stage in Brooklyn with a set that touches on drugs, race, Deion Sanders, teachers and O.J. Simpson.","From the Netflix viewing history on Chris’s own profile, exported 2026-10-04. Last watched 5/18/17. Netflix listed it as ""Lucas Brothers: On Drugs""; TMDB confirms it as a film, which is the only reason it is here. No rating given; blank beats invented. Genre and Lane filled by SAGE 2026-10-04 by rule of thumb (post-2000 comedy), not Chris’s own call. Worth a glance. Pulled from the Google Sheet 2026-10-04: Chris (blank) -> 4; Pixie (blank) -> 4; Status Seen, unrated -> Rated.",,
Tracy Morgan: Staying Alive,2017,Drama,,,Household,"Seen, unrated",Documentary,Netflix,2026-10-04,,,,456210,posters/456210.jpg,60,"In his first special since his serious car accident, Tracy Morgan cracks jokes about life in a coma, his second marriage and his family's dark side.","From the Netflix viewing history on Chris’s own profile, exported 2026-10-04. Last watched 5/18/17. Netflix listed it as ""Tracy Morgan: Staying Alive""; TMDB confirms it as a film, which is the only reason it is here. No rating given; blank beats invented. Genre and Lane filled by SAGE 2026-10-04 from a TMDB fact (documentary).",,
Louis C.K. 2017,2017,Comedy,4.5,4.5,Household,Rated,Modern Comedy,,2026-10-04,,,,449674,posters/449674.jpg,74,"Louis C.K. muses on religion, eternal love, giving dogs drugs, email fights, teachers and more in a live performance from Washington, D.C.","From the Netflix viewing history on Chris’s own profile, exported 2026-10-04. Last watched 5/11/17. Netflix listed it as ""Louis C.K. 2017""; TMDB confirms it as a film, which is the only reason it is here. No rating given; blank beats invented. Genre and Lane filled by SAGE 2026-10-04 by rule of thumb (post-2000 comedy), not Chris’s own call. Worth a glance. Pulled from the Google Sheet 2026-10-04: Chris (blank) -> 4.5; Pixie (blank) -> 4.5; Status Seen, unrated -> Rated.",,
The Last Five Years,2022,Romance,,,Household,"Seen, unrated",Unsorted,,2026-10-04,,,,945532,posters/945532.jpg,136,"Being together for almost five years, Joan expects William to pop the question. They love each other. They live together. Marriage is the only thing that's missing. But for William, it's the hardest to give.","From the Netflix viewing history on Chris’s own profile, exported 2026-10-04. Last watched 5/9/17. Netflix listed it as ""The Last Five Years""; TMDB confirms it as a film, which is the only reason it is here. No rating given; blank beats invented.",,
Barney: Let's Make Music,2006,Drama,,,Household,"Seen, unrated",Unsorted,,2026-10-04,,,,16341,,51,"It's time for a musical adventure! Barney, BJ and Baby Bop have a new dino friend RIFF who knows how to find music everywhere! When a little girl named Melanie dreams of playing her violin in a tlent show, Barney and his friend help her raise her dreams and they discover that some dreams are even bigger than they imagine. So come on everyone Let's Go To The Fair!","From the Netflix viewing history on Chris’s own profile, exported 2026-10-04. Last watched 4/16/17. Netflix listed it as ""Barney: Let's Make Music""; TMDB confirms it as a film, which is the only reason it is here. No rating given; blank beats invented.",NR,
Amy Schumer: The Leather Special,2017,Comedy,,,Household,"Seen, unrated",Modern Comedy,Netflix,2026-10-04,,,,444513,posters/444513.jpg,57,"Comic sensation Amy Schumer riffs on sex, dating and the absurdities of fame in a bold and uncensored stand-up set at Denver's Bellco Theater.","From the Netflix viewing history on Chris’s own profile, exported 2026-10-04. Last watched 3/17/17. Netflix listed it as ""Amy Schumer: The Leather Special""; TMDB confirms it as a film, which is the only reason it is here. No rating given; blank beats invented. Genre and Lane filled by SAGE 2026-10-04 by rule of thumb (post-2000 comedy), not Chris’s own call. Worth a glance.",NR,
Tallulah,2016,Comedy,,,Household,"Seen, unrated",Modern Comedy,,2026-10-04,,,,353571,posters/353571.jpg,111,"Desperate to be rid of her toddler, a dissatisfied Beverly Hills housewife hires a stranger to babysit and ends up getting much more than she bargained for.","From the Netflix viewing history on Chris’s own profile, exported 2026-10-04. Last watched 3/1/17. Netflix listed it as ""Tallulah""; TMDB confirms it as a film, which is the only reason it is here. No rating given; blank beats invented. Genre and Lane filled by SAGE 2026-10-04 by rule of thumb (post-2000 comedy), not Chris’s own call. Worth a glance.",NR,
"Michael Bolton's Big, Sexy Valentine's Day Special",2017,Comedy,,,Household,"Seen, unrated",Music & Musicals,Netflix,2026-10-04,,,,430780,posters/430780.jpg,54,"After Santa tells Michael Bolton that he needs 75,000 new babies by Christmas to meet toy supply, he hosts a sexy telethon to get the world to start making love.","From the Netflix viewing history on Chris’s own profile, exported 2026-10-04. Last watched 2/15/17. Netflix listed it as ""Michael Bolton's Big, Sexy Valentine's Day Special""; TMDB confirms it as a film, which is the only reason it is here. No rating given; blank beats invented. Genre and Lane filled by SAGE 2026-10-04 by rule of thumb (music), not Chris’s own call. Worth a glance.",,
Cristela Alonzo: Lower Classy,2017,Comedy,,,Household,"Seen, unrated",Modern Comedy,Netflix,2026-10-04,,,,437013,posters/437013.jpg,66,"The irrepressible Alonzo skewers Latino stereotypes, pricey luxuries and her mother's tough-love parenting in a night of sly and infectious comedy.","From the Netflix viewing history on Chris’s own profile, exported 2026-10-04. Last watched 2/12/17. Netflix listed it as ""Cristela Alonzo: Lower Classy""; TMDB confirms it as a film, which is the only reason it is here. No rating given; blank beats invented. Genre and Lane filled by SAGE 2026-10-04 by rule of thumb (post-2000 comedy), not Chris’s own call. Worth a glance.",,
Chicken Little,2005,Animated / family,,,Household,"Seen, unrated",Animated Family,Disney Plus,2026-10-04,,,,9982,posters/9982.jpg,81,"When the sky really is falling and sanity has flown the coop, who will rise to save the day? Together with his hysterical band of misfit friends, Chicken Little must hatch a plan to save the planet from alien invasion and prove that the world's biggest hero is a little chicken.","From the Netflix viewing history on Chris’s own profile, exported 2026-10-04. Last watched 2/11/17. Netflix listed it as ""Chicken Little""; TMDB confirms it as a film, which is the only reason it is here. No rating given; blank beats invented. Genre and Lane filled by SAGE 2026-10-04 from a strong pattern (animation).",G,
Ultimate Avengers: The Movie,2006,Animated / family,,,Household,"Seen, unrated",Animated Family,,2026-10-04,,,,14609,posters/14609.jpg,72,"When a nuclear missile was fired at Washington in 1945, Captain America managed to detonate it in the upper atmosphere. But then he fell miles into the icy depths of the North Atlantic, where he remained lost for over sixty years. But now, with the world facing the very same evil, Captain America must rise again as our last hope for survival.","From the Netflix viewing history on Chris’s own profile, exported 2026-10-04. Last watched 2/11/17. Netflix listed it as ""Ultimate Avengers: The Movie""; TMDB confirms it as a film, which is the only reason it is here. No rating given; blank beats invented. Genre and Lane filled by SAGE 2026-10-04 from a strong pattern (animation).",PG-13,
Planet Hulk,2010,Animated / family,,,Household,"Seen, unrated",Animated Family,,2026-10-04,,,,30675,posters/30675.jpg,81,"When the Hulk's presence on Earth becomes too great a risk, the Illuminati trick him to board a shuttle destined for a planet where he will be able to live in peace, and launch it into space. The Hulk's struggle to escape causes the shuttle to malfunction and crash land on the planet Sakaar, however, where he is sold into slavery and trained as a gladiator.","From the Netflix viewing history on Chris’s own profile, exported 2026-10-04. Last watched 2/5/17. Netflix listed it as ""Planet Hulk""; TMDB confirms it as a film, which is the only reason it is here. No rating given; blank beats invented. Genre and Lane filled by SAGE 2026-10-04 from a strong pattern (animation).",PG-13,
13th,2016,Drama,,,Household,Dropped,Documentary,Netflix,2026-10-04,,,,407806,posters/407806.jpg,100,An in-depth look at the prison system in the United States and how it reveals the nation's history of racial inequality.,"From the Netflix viewing history on Chris’s own profile, exported 2026-10-04. Last watched 1/27/17. Netflix listed it as ""13TH""; TMDB confirms it as a film, which is the only reason it is here. No rating given; blank beats invented. Genre and Lane filled by SAGE 2026-10-04 from a TMDB fact (documentary). Pulled from the Google Sheet 2026-10-04: Status Seen, unrated -> Dropped.",,
Charlie St. Cloud,2010,Romance,,,Household,"Seen, unrated",Unsorted,"Rent: Apple TV Store, Google Play Movies",2026-10-04,,,,37950,posters/37950.jpg,99,"Accomplished sailor Charlie St. Cloud has the adoration of his mother Claire and his little brother Sam, as well as a college scholarship that will lead him far from his sleepy Pacific Northwest hometown. But his bright future is cut short when tragedy strikes and takes his dreams with it. After high school classmate Tess returns home unexpectedly, Charlie grows torn between honoring a promise he made four years earlier and moving forward with newfound love. As he finds the courage to let go of the past for good, Charlie discovers the soul most worth saving is his own.","From the Netflix viewing history on Chris’s own profile, exported 2026-10-04. Last watched 1/22/17. Netflix listed it as ""Charlie St. Cloud""; TMDB confirms it as a film, which is the only reason it is here. No rating given; blank beats invented.",PG-13,
Reggie Watts: Spatial,2016,Comedy,,,Household,"Seen, unrated",Modern Comedy,Netflix,2026-10-04,,,,429126,posters/429126.jpg,61,"The comic innovator delivers a surreal set blending experimental songs, jokes about grits, guns and drugs, and other improvised comedy adventures.","From the Netflix viewing history on Chris’s own profile, exported 2026-10-04. Last watched 12/27/16. Netflix listed it as ""Reggie Watts: Spatial""; TMDB confirms it as a film, which is the only reason it is here. No rating given; blank beats invented. Genre and Lane filled by SAGE 2026-10-04 by rule of thumb (post-2000 comedy), not Chris’s own call. Worth a glance.",NR,
David Blaine: Real or Magic,2013,Drama,,,Household,"Seen, unrated",Documentary,,2026-10-04,,,,238466,posters/238466.jpg,63,"David Blaine's signature brand of street magic mystifies the most recognisable celebrities in the world, such as Jamie Foxx, Bryan Cranston, Aaron Paul, Ricky Gervais, Katy Perry, Woody Allen, and Robert DeNiro, to name a few. He goes to the homes of Kanye West and Harrison Ford, Will Smith and Olivia Wilde. He pays a visit to Stephen Hawking at his office in Cambridge University. Blaine also travels the world, astonishing people from all walks of life with never-before seen, inconceivable magic.","From the Netflix viewing history on Chris’s own profile, exported 2026-10-04. Last watched 12/14/16. Netflix listed it as ""David Blaine: Real or Magic?""; TMDB confirms it as a film, which is the only reason it is here. No rating given; blank beats invented. Genre and Lane filled by SAGE 2026-10-04 from a TMDB fact (documentary).",,
Michael Che Matters,2016,Comedy,,,Household,"Seen, unrated",Modern Comedy,Netflix,2026-10-04,,,,425498,posters/425498.jpg,60,"""SNL"" star Michael Che takes on hot-button topics like inequality, homophobia and gentrification in this stand-up set filmed live in Brooklyn.","From the Netflix viewing history on Chris’s own profile, exported 2026-10-04. Last watched 11/27/16. Netflix listed it as ""Michael Che Matters""; TMDB confirms it as a film, which is the only reason it is here. No rating given; blank beats invented. Genre and Lane filled by SAGE 2026-10-04 by rule of thumb (post-2000 comedy), not Chris’s own call. Worth a glance.",,
Saving Santa,2013,Animated / family,,,Household,"Seen, unrated",Christmas,,2026-10-04,,,,238302,posters/238302.jpg,83,"A lowly stable elf finds that he is the only one who can stop an invasion of the North Pole by using the secret of Santa's Sleigh, a TimeGlobe, to travel back in time to Save Santa - twice.","From the Netflix viewing history on Chris’s own profile, exported 2026-10-04. Last watched 11/26/16. Netflix listed it as ""Saving Santa""; TMDB confirms it as a film, which is the only reason it is here. No rating given; blank beats invented. Genre and Lane filled by SAGE 2026-10-04 from a strong pattern (christmas).",G,
Justin Bieber's Believe,2013,Drama,,,Household,"Seen, unrated",Documentary,,2026-10-04,,,,229296,posters/229296.jpg,92,A backstage and on-stage look at Justin Bieber during his rise to super stardom.,"From the Netflix viewing history on Chris’s own profile, exported 2026-10-04. Last watched 11/25/16. Netflix listed it as ""Justin Bieber's Believe""; TMDB confirms it as a film, which is the only reason it is here. No rating given; blank beats invented. Genre and Lane filled by SAGE 2026-10-04 from a TMDB fact (documentary).",PG,
Carlos Ballarta: el amor es de putos,2016,Unsorted,,,Household,"Seen, unrated",Unsorted,Netflix,2026-10-04,,,,427298,,67,"Carlos Ballarta mocks daily life in Mexico, including public transit, the education system and the corn seller who betrays your confidence","From the Netflix viewing history on Chris’s own profile, exported 2026-10-04. Last watched 11/24/16. Netflix listed it as ""Carlos Ballarta: El amor es de putos""; TMDB confirms it as a film, which is the only reason it is here. No rating given; blank beats invented.",,
Colin Quinn: The New York Story,2016,Comedy,,,Household,"Seen, unrated",Modern Comedy,Netflix,2026-10-04,,,,425003,posters/425003.jpg,62,"The ""SNL"" veteran performs his off-Broadway show about the history of New York and the people who shape its personality.","From the Netflix viewing history on Chris’s own profile, exported 2026-10-04. Last watched 11/20/16. Netflix listed it as ""Colin Quinn: The New York Story""; TMDB confirms it as a film, which is the only reason it is here. No rating given; blank beats invented. Genre and Lane filled by SAGE 2026-10-04 by rule of thumb (post-2000 comedy), not Chris’s own call. Worth a glance.",,
The Nut Job,2014,Animated / family,,,Household,"Seen, unrated",Animated Family,Rent: Google Play Movies,2026-10-04,,,,227783,posters/227783.jpg,85,"Surly, a curmudgeon, independent squirrel is banished from his park and forced to survive in the city. Lucky for him, he stumbles on the one thing that may be able to save his life, and the rest of park community, as they gear up for winter - Maury's Nut Store.","From the Netflix viewing history on Chris’s own profile, exported 2026-10-04. Last watched 11/12/16. Netflix listed it as ""The Nut Job""; TMDB confirms it as a film, which is the only reason it is here. No rating given; blank beats invented. Genre and Lane filled by SAGE 2026-10-04 from a strong pattern (animation).",PG,
"Dana Carvey: Straight White Male, 60",2016,Drama,,,Household,"Seen, unrated",Documentary,Netflix,2026-10-04,,,,423122,posters/423122.jpg,64,Emmy-winning comedian Dana Carvey blends pitch-perfect tales on big personalities with so-true-it-hurts stories from his life as a dad of millennials.,"From the Netflix viewing history on Chris’s own profile, exported 2026-10-04. Last watched 11/5/16. Netflix listed it as ""Dana Carvey: Straight White Male, 60""; TMDB confirms it as a film, which is the only reason it is here. No rating given; blank beats invented. Genre and Lane filled by SAGE 2026-10-04 from a TMDB fact (documentary).",,
Amanda Knox,2016,Drama,,,Household,"Seen, unrated",Documentary,Netflix,2026-10-04,,,,411009,posters/411009.jpg,92,"This gripping, atmospheric documentary recounts the infamous trial, conviction and eventual acquittal of Seattle native Amanda Knox for the 2007 murder of a British exchange student in Italy.","From the Netflix viewing history on Chris’s own profile, exported 2026-10-04. Last watched 10/28/16. Netflix listed it as ""Amanda Knox""; TMDB confirms it as a film, which is the only reason it is here. No rating given; blank beats invented. Genre and Lane filled by SAGE 2026-10-04 from a TMDB fact (documentary).",,
David Cross: Making America Great Again,2016,Comedy,,,Household,"Seen, unrated",Modern Comedy,Netflix,2026-10-04,,,,408546,posters/408546.jpg,74,"With nothing off-limits, David Cross is unapologetic, insightful, and biting in his Netflix original stand-up comedy special, MAKING AMERICA GREAT AGAIN. Filmed live at The Paramount Theatre in Austin, TX, Cross takes aim the current political landscape.","From the Netflix viewing history on Chris’s own profile, exported 2026-10-04. Last watched 10/23/16. Netflix listed it as ""David Cross: Making America Great Again!""; TMDB confirms it as a film, which is the only reason it is here. No rating given; blank beats invented. Genre and Lane filled by SAGE 2026-10-04 by rule of thumb (post-2000 comedy), not Chris’s own call. Worth a glance.",,
The Boxtrolls,2014,Animated / family,,,Household,"Seen, unrated",Animated Family,Universal+ Amazon Channel,2026-10-04,,,,170687,posters/170687.jpg,97,"An orphaned boy raised by underground creatures called Boxtrolls comes up from the sewers and out of his box to save his family and the town from the evil exterminator, Archibald Snatcher.","From the Netflix viewing history on Chris’s own profile, exported 2026-10-04. Last watched 8/28/16. Netflix listed it as ""The Boxtrolls""; TMDB confirms it as a film, which is the only reason it is here. No rating given; blank beats invented. Genre and Lane filled by SAGE 2026-10-04 from a strong pattern (animation).",PG,
Tony Robbins: I Am Not Your Guru,2016,Drama,4.3,4.3,Household,Rated,Documentary,Netflix,2026-10-04,,,,376426,posters/376426.jpg,115,"Granted unprecedented access, director Berlinger captures renowned life and business strategist Tony Robbins behind the scenes of his mega seminar Date with Destiny, pulling back the curtain on this life-altering and controversial event, the zealous participants and the man himself.","From the Netflix viewing history on Chris’s own profile, exported 2026-10-04. Last watched 8/26/16. Netflix listed it as ""Tony Robbins: I Am Not Your Guru""; TMDB confirms it as a film, which is the only reason it is here. No rating given; blank beats invented. Genre and Lane filled by SAGE 2026-10-04 from a TMDB fact (documentary).",R,
Chris Tucker: Live,2015,Comedy,4.3,4.3,Household,Rated,Modern Comedy,Netflix,2026-10-04,,,,348035,posters/348035.jpg,92,Comedian Chris Tucker performs live.,"From the Netflix viewing history on Chris’s own profile, exported 2026-10-04. Last watched 8/2/16. Netflix listed it as ""Chris Tucker Live""; TMDB confirms it as a film, which is the only reason it is here. No rating given; blank beats invented. Genre and Lane filled by SAGE 2026-10-04 by rule of thumb (post-2000 comedy), not Chris’s own call. Worth a glance. Pulled from the Google Sheet 2026-10-04: Chris (blank) -> 4.3; Pixie (blank) -> 4.3; Status Seen, unrated -> Rated.",,
I'm Brent Morin,2015,Comedy,,,Household,"Seen, unrated",Modern Comedy,Netflix,2026-10-04,,,,369820,posters/369820.jpg,67,"In a witty solo show, Brent Morin serves up infectious laughs on the agony of puberty, hot guy problems and the time a girl dumped him for a magician.","From the Netflix viewing history on Chris’s own profile, exported 2026-10-04. Last watched 7/25/16. Netflix listed it as ""I'm Brent Morin""; TMDB confirms it as a film, which is the only reason it is here. No rating given; blank beats invented. Genre and Lane filled by SAGE 2026-10-04 by rule of thumb (post-2000 comedy), not Chris’s own call. Worth a glance.",R,
Chelsea Peretti: One of the Greats,2014,Comedy,,,Household,"Seen, unrated",Modern Comedy,,2026-10-04,,,,289339,posters/289339.jpg,74,Standup special filmed live at the Palace of Fine Arts in San Francisco.,"From the Netflix viewing history on Chris’s own profile, exported 2026-10-04. Last watched 7/25/16. Netflix listed it as ""Chelsea Peretti: One of the Greats""; TMDB confirms it as a film, which is the only reason it is here. No rating given; blank beats invented. Genre and Lane filled by SAGE 2026-10-04 by rule of thumb (post-2000 comedy), not Chris’s own call. Worth a glance.",,
Sofía Niño de Rivera: Exposed,2016,Comedy,,,Household,"Seen, unrated",Modern Comedy,Netflix,2026-10-04,,,,403911,posters/403911.jpg,80,Self-deprecating comic Sofía Niño de Rivera puts her sarcasm on full display in this stand-up special filmed live at Guadalajara's Degollado Theater.,"From the Netflix viewing history on Chris’s own profile, exported 2026-10-04. Last watched 7/1/16. Netflix listed it as ""Sofía Niño de Rivera: Exposed""; TMDB confirms it as a film, which is the only reason it is here. No rating given; blank beats invented. Genre and Lane filled by SAGE 2026-10-04 by rule of thumb (post-2000 comedy), not Chris’s own call. Worth a glance.",,
The Interview,2014,Action-comedy,4.1,,Household,Rated,Modern Comedy,Netflix,2026-10-04,,,,228967,posters/228967.jpg,112,"Dave Skylark and his producer Aaron Rapaport run the celebrity tabloid show ""Skylark Tonight"". When they land an interview with a surprise fan, North Korean dictator Kim Jong-un, they are recruited by the CIA to turn their trip to Pyongyang into an assassination mission.","From the Netflix viewing history on Chris’s own profile, exported 2026-10-04. Last watched 7/11/15. Netflix listed it as ""The Interview""; TMDB confirms it as a film, which is the only reason it is here. No rating given; blank beats invented. Chris rated it in the Google Sheet and it was pulled into the vault 2026-10-04: Chris 4.1. Pixie left blank; he rated alone. Genre and Lane filled by SAGE 2026-10-04 by rule of thumb (post-2000 comedy), not Chris’s own call. Worth a glance.",R,
Grandma's Boy,2006,Comedy,4.3,,Household,Rated,Modern Comedy,Rent: Apple TV Store,2026-10-04,,,,9900,posters/9900.jpg,95,"Even though he's 35, Alex acts more like he's 13, spending his days as the world's oldest video game tester and his evenings developing the next big Xbox game. But when he gets kicked out of his apartment, he's forced to move in with his grandmother.","From the Netflix viewing history on Chris’s own profile, exported 2026-10-04. Last watched 7/5/15. Netflix listed it as ""Grandma's Boy""; TMDB confirms it as a film, which is the only reason it is here. No rating given; blank beats invented. Chris rated it in the Google Sheet and it was pulled into the vault 2026-10-04: Chris 4.3. Pixie left blank; he rated alone. Genre and Lane filled by SAGE 2026-10-04 by rule of thumb (post-2000 comedy), not Chris’s own call. Worth a glance.",R,
20 Feet from Stardom,2013,Drama,,,Household,Dropped,Documentary,Buy: Apple TV Store,2026-10-04,,,,159014,posters/159014.jpg,89,"Backup singers live in a world that lies just beyond the spotlight. Their voices bring harmony to the biggest bands in popular music, but we've had no idea who these singers are or what lives they lead, until now.","From the Netflix viewing history on Chris’s own profile, exported 2026-10-04. Last watched 9/11/14. Netflix listed it as ""20 Feet From Stardom""; TMDB confirms it as a film, which is the only reason it is here. No rating given; blank beats invented. Genre and Lane filled by SAGE 2026-10-04 from a TMDB fact (documentary). Dropped by Chris in the Google Sheet 2026-10-04. Row kept; nothing is deleted.",NR,
Pain & Gain,2013,Action-comedy,3.5,3.5,Household,Rated,Modern Comedy,Universal+ Amazon Channel,2026-10-04,,,,134374,posters/134374.jpg,130,"Daniel Lugo, manager of the Sun Gym in 1990s Miami, decides that there is only one way to achieve his version of the American dream: extortion. To achieve his goal, he recruits musclemen Paul and Adrian as accomplices. After several failed attempts, they abduct rich businessman Victor Kershaw and convince him to sign over all his assets to them. But when Kershaw makes it out alive, authorities are reluctant to believe his story.","From the Netflix viewing history on Chris’s own profile, exported 2026-10-04. Last watched 6/3/14. Netflix listed it as ""Pain & Gain""; TMDB confirms it as a film, which is the only reason it is here. No rating given; blank beats invented. Genre and Lane filled by SAGE 2026-10-04 by rule of thumb (post-2000 comedy), not Chris’s own call. Worth a glance. Pulled from the Google Sheet 2026-10-04: Chris (blank) -> 3.5; Pixie (blank) -> 3.5; Status Seen, unrated -> Rated.",R,
Drinking Buddies,2013,Rom-com,,,Household,"Seen, unrated",Modern Rom-com,Rent: Google Play Movies,2026-10-04,,,,172533,posters/172533.jpg,90,"Weekend trips, office parties, late night conversations, drinking on the job, marriage pressure, biological clocks, holding eye contact a second too long… you know what makes the line between “friends” and “more than friends” really blurry? Beer.","From the Netflix viewing history on Chris’s own profile, exported 2026-10-04. Last watched 2/24/14. Netflix listed it as ""Drinking Buddies""; TMDB confirms it as a film, which is the only reason it is here. No rating given; blank beats invented. Genre and Lane filled by SAGE 2026-10-04 by rule of thumb (rom-com era), not Chris’s own call. Worth a glance.",R,
Like Crazy,2011,Romance,,,Household,"Seen, unrated",Unsorted,"Rent: Apple TV Store, Google Play Movies",2026-10-04,,,,60420,posters/60420.jpg,90,"A British college student falls for an American student, only to be separated from him when she's banned from the U.S. after overstaying her visa.","From the Netflix viewing history on Chris’s own profile, exported 2026-10-04. Last watched 11/25/13. Netflix listed it as ""Like Crazy""; TMDB confirms it as a film, which is the only reason it is here. No rating given; blank beats invented.",PG-13,
The Other Woman,2014,Rom-com,,,Household,"Seen, unrated",Modern Rom-com,Disney Plus,2026-10-04,,,,193610,posters/193610.jpg,109,"After discovering her boyfriend is married, Carly soon meets the wife he's been cheating on. And when yet another affair is discovered, all three women team up to plot mutual revenge on the three-timing SOB.","From the Netflix viewing history on Chris’s own profile, exported 2026-10-04. Last watched 11/24/13. Netflix listed it as ""The Other Woman""; TMDB confirms it as a film, which is the only reason it is here. No rating given; blank beats invented. Genre and Lane filled by SAGE 2026-10-04 by rule of thumb (rom-com era), not Chris’s own call. Worth a glance.",PG-13,
What's Eating Gilbert Grape,1993,Romance,4.5,,Household,Rated,Prestige,,2026-10-04,,,,1587,posters/1587.jpg,118,"Gilbert Grape is a small-town young man with a lot of responsibility. Chief among his concerns are his mother, who is so overweight that she can't leave the house, and his mentally impaired younger brother, Arnie, who has a knack for finding trouble. Settled into a job at a grocery store and an ongoing affair with local woman Betty Carver, Gilbert finally has his life shaken up by the free-spirited Becky.","From the Netflix viewing history on Chris’s own profile, exported 2026-10-04. Last watched 11/10/13. Netflix listed it as ""What's Eating Gilbert Grape""; TMDB confirms it as a film, which is the only reason it is here. No rating given; blank beats invented. Chris rated it in the Google Sheet and it was pulled into the vault 2026-10-04: Chris 4.5. Pixie left blank; he rated alone. Genre and Lane filled by SAGE 2026-10-04 by rule of thumb (acclaimed drama), not Chris’s own call. Worth a glance.",PG-13,
A Little Bit of Heaven,2011,Rom-com,,,Household,"Seen, unrated",Modern Rom-com,,2026-10-04,,,,45156,posters/45156.jpg,106,"A guarded woman finds out she's dying of cancer but, when she meets her match, the threat of falling in love is scarier than death.","From the Netflix viewing history on Chris’s own profile, exported 2026-10-04. Last watched 10/26/13. Netflix listed it as ""A Little Bit of Heaven""; TMDB confirms it as a film, which is the only reason it is here. No rating given; blank beats invented. Genre and Lane filled by SAGE 2026-10-04 by rule of thumb (rom-com era), not Chris’s own call. Worth a glance.",PG-13,
Friends with Kids,2012,Rom-com,,,Household,"Seen, unrated",Modern Rom-com,Rent: Apple TV Store,2026-10-04,,,,80038,posters/80038.jpg,100,"In the wake of their friends' marriages and eventual offspring, longtime pals Julie and Jason decide to have a child together without becoming a couple. By becoming ""time-share"" parents, they reason, they can experience the joys of parenthood without significantly curbing their personal freedom. However, when Julie and Jason both become involved with others, they discover that they secretly harbor romantic feelings for each other.","From the Netflix viewing history on Chris’s own profile, exported 2026-10-04. Last watched 10/20/13. Netflix listed it as ""Friends with Kids""; TMDB confirms it as a film, which is the only reason it is here. No rating given; blank beats invented. Genre and Lane filled by SAGE 2026-10-04 by rule of thumb (rom-com era), not Chris’s own call. Worth a glance.",R,
Breakfast at Tiffany's,1961,Rom-com,,,Household,"Seen, unrated",Classic Canon,"Rent: Apple TV Store, Google Play Movies",2026-10-04,,,,164,posters/164.jpg,115,"Holly Golightly is an eccentric New York City playgirl determined to marry a Brazilian millionaire. But when young writer Paul Varjak moves into her apartment building, her past threatens to get in their way.","From the Netflix viewing history on Chris’s own profile, exported 2026-10-04. Last watched 7/13/12. Netflix listed it as ""Breakfast at Tiffany's""; TMDB confirms it as a film, which is the only reason it is here. No rating given; blank beats invented. Genre and Lane filled by SAGE 2026-10-04 by rule of thumb (rom-com era), not Chris’s own call. Worth a glance.",NR,
Don't Be Afraid of the Dark,2010,Adventure,,,Household,"Seen, unrated",Horror,"Rent: Apple TV Store, Google Play Movies",2026-10-04,,,,46261,posters/46261.jpg,99,A young girl sent to live with her father and his new girlfriend discovers creatures in her new home who want to claim her as one of their own.,"From the Netflix viewing history on Chris’s own profile, exported 2026-10-04. Last watched 7/12/12. Netflix listed it as ""Don't Be Afraid of the Dark""; TMDB confirms it as a film, which is the only reason it is here. No rating given; blank beats invented. Genre and Lane filled by SAGE 2026-10-04 by rule of thumb (horror), not Chris’s own call. Worth a glance.",R,
Immortals,2011,Action,3.8,,Household,Rated,Blockbuster,,2026-10-04,,,,37958,posters/37958.jpg,110,"Theseus is a mortal man chosen by Zeus to lead the fight against the ruthless King Hyperion, who is on a rampage across Greece to obtain a weapon that can destroy humanity.","From the Netflix viewing history on Chris’s own profile, exported 2026-10-04. Last watched 7/8/12. Netflix listed it as ""Immortals""; TMDB confirms it as a film, which is the only reason it is here. No rating given; blank beats invented. Genre and Lane filled by SAGE 2026-10-04 by rule of thumb (big-budget spectacle), not Chris’s own call. Worth a glance. Rated in the Google Sheet and pulled into the vault 2026-10-04: Chris 3.8. A rating on a queued film means it was watched, so Status moved to Rated. Pixie left blank; not invented.",R,
Insidious,2011,Drama,,,Household,"Seen, unrated",Horror,,2026-10-04,,,,49018,posters/49018.jpg,102,"A family discovers that dark spirits have invaded their home after their son inexplicably falls into an endless sleep. When they reach out to a professional for help, they learn things are a lot more personal than they thought.","From the Netflix viewing history on Chris’s own profile, exported 2026-10-04. Last watched 3/22/12. Netflix listed it as ""Insidious""; TMDB confirms it as a film, which is the only reason it is here. No rating given; blank beats invented. Genre and Lane filled by SAGE 2026-10-04 by rule of thumb (horror), not Chris’s own call. Worth a glance.",PG-13,
The Fighter,2010,Drama,4.5,4.5,Household,Rated,Unsorted,,2026-10-04,,,,45317,posters/45317.jpg,116,"Boxer ""Irish"" Micky Ward's unlikely road to the world light welterweight title. His Rocky-like rise was shepherded by half-brother Dicky, a boxer-turned-trainer who rebounded in life after nearly being KO'd by drugs and crime.","From the Netflix viewing history on Chris’s own profile, exported 2026-10-04. Last watched 8/13/11. Netflix listed it as ""The Fighter""; TMDB confirms it as a film, which is the only reason it is here. No rating given; blank beats invented.",R,
La Bamba,1987,Drama,4.6,,Household,Rated,Music & Musicals,Netflix,2026-10-04,,,,16620,posters/16620.jpg,108,"Los Angeles teenager Ritchie Valens becomes an overnight rock 'n' roll success in 1958, thanks to a love ballad called ""Donna"" that he wrote for his girlfriend. But as his star rises, Valens has conflicts with his jealous brother, Bob, and becomes haunted by a recurring nightmare of a plane crash just as he begins his first national tour alongside Buddy Holly.","From the Netflix viewing history on Chris’s own profile, exported 2026-10-04. Last watched 8/12/11. Netflix listed it as ""La Bamba""; TMDB confirms it as a film, which is the only reason it is here. No rating given; blank beats invented. Chris rated it in the Google Sheet and it was pulled into the vault 2026-10-04: Chris 4.6. Pixie left blank; he rated alone. Genre and Lane filled by SAGE 2026-10-04 by rule of thumb (music), not Chris’s own call. Worth a glance.",PG-13,
The Joneses,2010,Comedy,,,Household,"Seen, unrated",Modern Comedy,,2026-10-04,,,,41479,posters/41479.jpg,96,"A seemingly perfect family moves into a suburban neighborhood, but when it comes to the truth as to why they're living there, they don't exactly come clean with their neighbors.","From the Netflix viewing history on Chris’s own profile, exported 2026-10-04. Last watched 8/10/11. Netflix listed it as ""The Joneses""; TMDB confirms it as a film, which is the only reason it is here. No rating given; blank beats invented. Genre and Lane filled by SAGE 2026-10-04 by rule of thumb (post-2000 comedy), not Chris’s own call. Worth a glance.",R,
White Chicks,2004,Action-comedy,3.8,,Household,Rated,Modern Comedy,HBO Max,2026-10-04,,,,12153,posters/12153.jpg,109,"Two FBI agent brothers, Marcus and Kevin Copeland, accidentally foil a drug bust. To avoid being fired they accept a mission escorting a pair of socialites to the Hamptons--but when the girls are disfigured in a car accident, they refuse to go. Left without options, Marcus and Kevin decide to pose as the sisters, transforming themselves from black men into rich white women.","From the Netflix viewing history on Chris’s own profile, exported 2026-10-04. Last watched 8/10/11. Netflix listed it as ""White Chicks""; TMDB confirms it as a film, which is the only reason it is here. No rating given; blank beats invented. Genre and Lane filled by SAGE 2026-10-04 by rule of thumb (post-2000 comedy), not Chris’s own call. Worth a glance. Rated in the Google Sheet and pulled into the vault 2026-10-04: Chris 3.8. A rating on a queued film means it was watched, so Status moved to Rated. Pixie left blank; not invented.",PG-13,
When in Rome,2002,Romance,,,Household,"Seen, unrated",Family Adventure,,2026-10-04,,,,39227,posters/39227.jpg,94,"Teenage sisters Charli and Leila are on the verge of an experience beyond their wildest dreams! Pack your bags and jet off to Rome as the girls start their summer internship working for the legendary Derek Hanson - the totally cool international tycoon whose empire reaches from airlines to cutting-edge fashion. Amid the fabulous sights of this exciting city, the girls do their best to impress their boss, while still finding time to design their own line of very hip clothing, meet some very cute guys and turn their summer abroad into one awesome adventure they - and you - will never forget!","From the Netflix viewing history on Chris’s own profile, exported 2026-10-04. Last watched 8/10/11. Netflix listed it as ""When in Rome""; TMDB confirms it as a film, which is the only reason it is here. No rating given; blank beats invented. Genre and Lane filled by SAGE 2026-10-04 by rule of thumb (family adventure), not Chris’s own call. Worth a glance.",G,
The Last Airbender,2010,Action,,,Household,"Seen, unrated",Blockbuster,Paramount Plus,2026-10-04,,,,10196,posters/10196.jpg,103,"A century has passed since the Fire Nation declared war on the other three nations of air, water, and earth in its attempt for global domination. Aang, the long-lost Avatar, is found by Water Tribe siblings Katara and Sokka and must learn to master water, earth, and fire bending to defeat the Fire Nation and restore balance to the world.","From the Netflix viewing history on Chris’s own profile, exported 2026-10-04. Last watched 8/1/11. Netflix listed it as ""The Last Airbender""; TMDB confirms it as a film, which is the only reason it is here. No rating given; blank beats invented. Genre and Lane filled by SAGE 2026-10-04 by rule of thumb (big-budget spectacle), not Chris’s own call. Worth a glance.",PG,
Like Water for Chocolate,1992,Romance,3.9,,Household,Rated,Unsorted,HBO Max,2026-10-04,,,,18183,posters/18183.jpg,105,"Tita is passionately in love with Pedro, but her controlling mother forbids her from marrying him. When Pedro marries her sister, Tita throws herself into her cooking and discovers she can transfer her emotions through the food she prepares, infecting all who eat it with her intense heartbreak.","From the Netflix viewing history on Chris’s own profile, exported 2026-10-04. Last watched 7/28/11. Netflix listed it as ""Like Water for Chocolate""; TMDB confirms it as a film, which is the only reason it is here. No rating given; blank beats invented. Rated in the Google Sheet and pulled into the vault 2026-10-04: Chris 3.9. A rating on a queued film means it was watched, so Status moved to Rated. Pixie left blank; not invented.",R,
Old Dogs,2009,Comedy,3.4,,Household,Rated,Kid Sport,Disney Plus,2026-10-04,,,,22949,posters/22949.jpg,88,"Charlie and Dan have been best friends and business partners for thirty years; their Manhattan public relations firm is on the verge of a huge business deal with a Japanese company. With two weeks to sew up the contract, Dan gets a surprise: a woman he married on a drunken impulse nearly nine years before (annulled the next day) shows up to tell him he's the father of her twins, now seven, and she'll be in jail for 14 days for a political protest. Dan volunteers to keep the tykes, although he's uptight and clueless. With Charlie's help is there any way they can be dad and uncle, meet the kids' expectations, and still land the account?","From the Netflix viewing history on Chris’s own profile, exported 2026-10-04. Last watched 6/18/11. Netflix listed it as ""Old Dogs""; TMDB confirms it as a film, which is the only reason it is here. No rating given; blank beats invented. Genre and Lane filled by SAGE 2026-10-04 from a strong pattern (sport). Rated in the Google Sheet and pulled into the vault 2026-10-04: Chris 3.4. A rating on a queued film means it was watched, so Status moved to Rated. Pixie left blank; not invented.",PG,
Brokeback Mountain,2005,Romance,4.2,,Household,Rated,Prestige,Rent: Apple TV Store,2026-10-04,,,,142,posters/142.jpg,134,"In 1960s Wyoming, two men develop a strong emotional and sexual relationship that endures as a lifelong connection complicating their lives as they get married and start families of their own.","From the Netflix viewing history on Chris’s own profile, exported 2026-10-04. Last watched 6/18/11. Netflix listed it as ""Brokeback Mountain""; TMDB confirms it as a film, which is the only reason it is here. No rating given; blank beats invented. Chris rated it in the Google Sheet and it was pulled into the vault 2026-10-04: Chris 4.2. Pixie left blank; he rated alone. Genre and Lane filled by SAGE 2026-10-04 by rule of thumb (acclaimed drama), not Chris’s own call. Worth a glance.",R,
Wall Street,1987,Drama,4.3,,Household,Rated,Unsorted,Disney Plus,2026-10-04,,,,10673,posters/10673.jpg,126,"A young and impatient stockbroker is willing to do anything to get to the top, including trading on illegal inside information taken through a ruthless and greedy corporate raider, who takes the youth under his wing.","From the Netflix viewing history on Chris’s own profile, exported 2026-10-04. Last watched 3/22/11. Netflix listed it as ""Wall Street""; TMDB confirms it as a film, which is the only reason it is here. No rating given; blank beats invented. Chris rated it in the Google Sheet and it was pulled into the vault 2026-10-04: Chris 4.3. Pixie left blank; he rated alone.",R,
Ponyo,2008,Animated / family,4.6,,Household,Rated,Animated Family,Netflix,2026-10-04,,,,12429,posters/12429.jpg,100,"When Sosuke, a young boy who lives on a clifftop overlooking the sea, rescues a stranded goldfish named Ponyo, he discovers more than he bargained for. Ponyo is a curious, energetic young creature who yearns to be human, but even as she causes chaos around the house, her father, a powerful sorcerer, schemes to return Ponyo to the sea.","From the Netflix viewing history on Chris’s own profile, exported 2026-10-04. Last watched 3/12/11. Netflix listed it as ""Ponyo""; TMDB confirms it as a film, which is the only reason it is here. No rating given; blank beats invented. Chris rated it in the Google Sheet and it was pulled into the vault 2026-10-04: Chris 4.6. Pixie left blank; he rated alone. Genre and Lane filled by SAGE 2026-10-04 from a strong pattern (animation).",G,
Alice in Wonderland,2010,Adventure,4.8,4.8,Household,Rated,Family Adventure,Disney Plus,2026-10-04,,,,12155,posters/12155.jpg,108,"Alice, now 19 years old, returns to the whimsical world she first entered as a child and embarks on a journey to discover her true destiny.","From the Netflix viewing history on Chris’s own profile, exported 2026-10-04. Last watched 3/10/11. Netflix listed it as ""Alice in Wonderland""; TMDB confirms it as a film, which is the only reason it is here. No rating given; blank beats invented. Genre and Lane filled by SAGE 2026-10-04 by rule of thumb (family adventure), not Chris’s own call. Worth a glance. Pulled from the Google Sheet 2026-10-04: Chris (blank) -> 4.8; Pixie (blank) -> 4.8; Status Seen, unrated -> Rated.",PG,
Precious: Based on the Novel 'Push' by Sapphire,2009,Drama,,,Household,"Seen, unrated",Unsorted,"Amazon Prime Video, MUBI",2026-10-04,,,,25793,posters/25793.jpg,110,"In Harlem in 1987, Claireece ""Precious"" Jones is a 16-year-old African American girl born into a life no one would want. She's pregnant for the second time by her absent father, and at home she must wait hand and foot on her mother, an angry woman who abuses her emotionally and physically. School is chaotic and Precious has reached the ninth grade with good marks and a secret – she can't read.","From the Netflix viewing history on Chris’s own profile, exported 2026-10-04. Last watched 3/10/11. Netflix listed it as ""Precious: Based on the Novel Push by Sapphire""; TMDB confirms it as a film, which is the only reason it is here. No rating given; blank beats invented.",R,
Nine Months,1995,Rom-com,,,Household,"Seen, unrated",Christmas,,2026-10-04,,,,11472,posters/11472.jpg,103,"When he finds out his longtime girlfriend is pregnant, a commitment-phobe realizes he might have to change his lifestyle for better or much, much worse.","From the Netflix viewing history on Chris’s own profile, exported 2026-10-04. Last watched 10/23/10. Netflix listed it as ""Nine Months""; TMDB confirms it as a film, which is the only reason it is here. No rating given; blank beats invented. Genre and Lane filled by SAGE 2026-10-04 from a strong pattern (director Chris Columbus).",PG-13,
Jack,1996,Comedy,4.3,,Household,Rated,Classic Comedy,Disney Plus,2026-10-04,,,,7095,posters/7095.jpg,113,"Born with a rare condition that makes him age four times faster than normal, ten-year-old Jack Powell looks like a forty-year-old man. After years of homeschooling, he enters public school for the first time, eager to make friends and live like any other kid—only to discover that growing up too fast means learning some of life’s hardest lessons early.","From the Netflix viewing history on Chris’s own profile, exported 2026-10-04. Last watched 10/22/10. Netflix listed it as ""Jack""; TMDB confirms it as a film, which is the only reason it is here. No rating given; blank beats invented. Chris rated it in the Google Sheet and it was pulled into the vault 2026-10-04: Chris 4.3. Pixie left blank; he rated alone. Genre and Lane filled by SAGE 2026-10-04 by rule of thumb (pre-2000 comedy), not Chris’s own call. Worth a glance.",PG-13,
Did You Hear About the Morgans?,2009,Rom-com,,,Household,"Seen, unrated",Modern Rom-com,Sony One Amazon Channel,2026-10-04,,,,24438,posters/24438.jpg,103,"New Yorkers Paul and Meryl Morgan seem to have it all -- except that their marriage is crumbling around them. But their romantic woes are small compared to the trouble they find themselves in after witnessing a murder. To protect them from an assassin, federal agents whisk away Paul and Meryl to a small town in Wyoming, where their marriage will crash and burn, or their passion will reignite.","From the Netflix viewing history on Chris’s own profile, exported 2026-10-04. Last watched 10/20/10. Netflix listed it as ""Did You Hear About the Morgans?""; TMDB confirms it as a film, which is the only reason it is here. No rating given; blank beats invented. Genre and Lane filled by SAGE 2026-10-04 from a strong pattern (director Marc Lawrence).",PG-13,
Steel Magnolias,1989,Comedy,,,Household,"Seen, unrated",Classic Comedy,"Buy: Apple TV Store, Google Play Movies",2026-10-04,,,,10860,posters/10860.jpg,117,"A young beautician, newly arrived in a small Louisiana town, finds work at the local salon, where a small group of women share a close bond of friendship and welcome her into the fold.","From the Netflix viewing history on Chris’s own profile, exported 2026-10-04. Last watched 8/27/10. Netflix listed it as ""Steel Magnolias""; TMDB confirms it as a film, which is the only reason it is here. No rating given; blank beats invented. Genre and Lane filled by SAGE 2026-10-04 by rule of thumb (pre-2000 comedy), not Chris’s own call. Worth a glance.",PG,
Of Mice and Men,1992,Drama,4.5,4.5,Household,Rated,Unsorted,Amazon Prime Video,2026-10-04,,,,9609,posters/9609.jpg,111,"Two drifters, one a gentle but slow giant, try to make money working the fields during the Depression so they can fulfill their dreams.","From the Netflix viewing history on Chris’s own profile, exported 2026-10-04. Last watched 8/23/10. Netflix listed it as ""Of Mice and Men""; TMDB confirms it as a film, which is the only reason it is here. No rating given; blank beats invented. Pulled from the Google Sheet 2026-10-04: Chris (blank) -> 4.5; Pixie (blank) -> 4.5; Status Seen, unrated -> Rated.",PG-13,
Cloudy with a Chance of Meatballs,2009,Animated / family,3.9,,Household,Rated,Animated Family,Netflix,2026-10-04,,,,22794,posters/22794.jpg,90,"Inventor Flint Lockwood creates a machine that makes clouds rain food, enabling the down-and-out citizens of Chewandswallow to feed themselves. But when the falling food reaches gargantuan proportions, Flint must scramble to avert disaster. Can he regain control of the machine and put an end to the wild weather before the town is destroyed?","From the Netflix viewing history on Chris’s own profile, exported 2026-10-04. Last watched 8/17/10. Netflix listed it as ""Cloudy with a Chance of Meatballs""; TMDB confirms it as a film, which is the only reason it is here. No rating given; blank beats invented. Chris rated it in the Google Sheet and it was pulled into the vault 2026-10-04: Chris 3.9. Pixie left blank; he rated alone. Genre and Lane filled by SAGE 2026-10-04 from a strong pattern (animation).",PG,
Planet 51,2009,Animated / family,,,Household,"Seen, unrated",Animated Family,Amazon Prime Video,2026-10-04,,,,16866,posters/16866.jpg,91,"When Earth astronaut Capt. Chuck Baker arrives on Planet 51 -- a world reminiscent of American suburbia circa 1950 -- he tries to avoid capture, recover his spaceship and make it home safely, all with the help of an empathetic little green being.","From the Netflix viewing history on Chris’s own profile, exported 2026-10-04. Last watched 8/12/10. Netflix listed it as ""Planet 51""; TMDB confirms it as a film, which is the only reason it is here. No rating given; blank beats invented. Genre and Lane filled by SAGE 2026-10-04 from a strong pattern (animation).",PG,
Reign of Fire,2002,Action,,,Household,"Seen, unrated",Blockbuster,Disney Plus,2026-10-04,,,,6278,posters/6278.jpg,101,"In post-apocalyptic England, an American volunteer and a British survivor team up to fight off a brood of fire-breathing dragons seeking to return to global dominance after centuries of rest underground. The Brit—leading a clan of survivors to hunt down the King of the Dragons—has much at stake: his mother was killed by a dragon, but his love is still alive.","From the Netflix viewing history on Chris’s own profile, exported 2026-10-04. Last watched 8/12/10. Netflix listed it as ""Reign of Fire""; TMDB confirms it as a film, which is the only reason it is here. No rating given; blank beats invented. Genre and Lane filled by SAGE 2026-10-04 by rule of thumb (big-budget spectacle), not Chris’s own call. Worth a glance.",PG-13,
Spread,2009,Rom-com,,,Household,"Seen, unrated",Modern Rom-com,Amazon Prime Video,2026-10-04,,,,19918,posters/19918.jpg,98,A gigolo must contend with the prospect that he has found true love.,"From the Netflix viewing history on Chris’s own profile, exported 2026-10-04. Last watched 8/2/10. Netflix listed it as ""Spread""; TMDB confirms it as a film, which is the only reason it is here. No rating given; blank beats invented. Genre and Lane filled by SAGE 2026-10-04 by rule of thumb (rom-com era), not Chris’s own call. Worth a glance.",R,
The Constant Gardener,2005,Drama,,,Household,"Seen, unrated",Unsorted,"Rent: Apple TV Store, Google Play Movies",2026-10-04,,,,1985,posters/1985.jpg,129,"Justin Quayle is a low-level British diplomat who has always gone about his work very quietly, not causing any problems. But after his radical wife Tessa is killed he becomes determined to find out why, thrusting himself into the middle of a very dangerous conspiracy.","From the Netflix viewing history on Chris’s own profile, exported 2026-10-04. Last watched 7/31/10. Netflix listed it as ""The Constant Gardener""; TMDB confirms it as a film, which is the only reason it is here. No rating given; blank beats invented.",R,
Zombieland,2009,Comedy,4,,Household,Rated,Modern Comedy,"HBO Max, Universal+ Amazon Channel",2026-10-04,,,,19908,posters/19908.jpg,88,"Columbus has made a habit of running from what scares him. Tallahassee doesn't have fears. If he did, he'd kick their ever-living ass. In a world overrun by zombies, these two are perfectly evolved survivors. But now, they're about to stare down the most terrifying prospect of all: each other.","From the Netflix viewing history on Chris’s own profile, exported 2026-10-04. Last watched 7/26/10. Netflix listed it as ""Zombieland""; TMDB confirms it as a film, which is the only reason it is here. No rating given; blank beats invented. Chris rated it in the Google Sheet and it was pulled into the vault 2026-10-04: Chris 4. Pixie left blank; he rated alone. Genre and Lane filled by SAGE 2026-10-04 by rule of thumb (post-2000 comedy), not Chris’s own call. Worth a glance.",R,
Sin Nombre,2009,Action,,,Household,"Seen, unrated",Action,Rent: Apple TV Store,2026-10-04,,,,21191,posters/21191.jpg,96,"Sayra, an Indigenous Latina American teenage girl from Honduras, Central America, hungers for a better life. Her chance for one comes when she is reunited with her long-estranged father, who intends to emigrate to Mexico and then enter the United States. Sayra's life collides with a pair of Indigenous Latino American gang members from Mexico, North America who have boarded the same USA-bound train.","From the Netflix viewing history on Chris’s own profile, exported 2026-10-04. Last watched 7/24/10. Netflix listed it as ""Sin Nombre""; TMDB confirms it as a film, which is the only reason it is here. No rating given; blank beats invented. Genre and Lane filled by SAGE 2026-10-04 by rule of thumb (action), not Chris’s own call. Worth a glance.",R,
Serious Moonlight,2009,Rom-com,,,Household,"Seen, unrated",Modern Rom-com,Amazon Prime Video,2026-10-04,,,,27989,posters/27989.jpg,84,"After her adulterous husband asks for a divorce, a high-powered attorney takes him captive, refusing to release him until he commits to working on their marriage together. When his impatient mistress shows up, not to mention an opportunistic gardener, things start to get seriously complicated.","From the Netflix viewing history on Chris’s own profile, exported 2026-10-04. Last watched 7/19/10. Netflix listed it as ""Serious Moonlight""; TMDB confirms it as a film, which is the only reason it is here. No rating given; blank beats invented. Genre and Lane filled by SAGE 2026-10-04 by rule of thumb (rom-com era), not Chris’s own call. Worth a glance.",R,
Buena Vista Social Club,1999,Drama,4,,Household,Rated,Documentary,Amazon Prime Video,2026-10-04,,,,11779,posters/11779.jpg,105,"In this fascinating Oscar-nominated documentary, American guitarist Ry Cooder brings together a group of legendary Cuban folk musicians (some in their 90s) to record a Grammy-winning CD in their native city of Havana. The result is a spectacular compilation of concert footage from the group's gigs in Amsterdam and New York City's famed Carnegie Hall, with director Wim Wenders capturing not only the music -- but also the musicians' life stories.","From the Netflix viewing history on Chris’s own profile, exported 2026-10-04. Last watched 7/19/10. Netflix listed it as ""Buena Vista Social Club""; TMDB confirms it as a film, which is the only reason it is here. No rating given; blank beats invented. Chris rated it in the Google Sheet and it was pulled into the vault 2026-10-04: Chris 4. Pixie left blank; he rated alone. Genre and Lane filled by SAGE 2026-10-04 from a TMDB fact (documentary).",G,
"New York, I Love You",2008,Rom-com,,,Household,"Seen, unrated",Frat Pack,,2026-10-04,,,,12572,posters/12572.jpg,103,"New York, I Love You delves into the intimate lives of New Yorkers as they grapple with, delight in and search for love. Journey from the Diamond District in the heart of Manhattan, through Chinatown and the Upper East Side, towards the Village, into Tribeca, and Brooklyn as lovers of all ages try to find romance in the Big Apple.","From the Netflix viewing history on Chris’s own profile, exported 2026-10-04. Last watched 7/10/10. Netflix listed it as ""New York, I Love You""; TMDB confirms it as a film, which is the only reason it is here. No rating given; blank beats invented. Genre and Lane filled by SAGE 2026-10-04 from a strong pattern (director Brett Ratner).",R,
Anastasia,1997,Animated / family,,,Household,"Seen, unrated",Animated Family,Disney Plus,2026-10-04,,,,9444,posters/9444.jpg,94,"Ten years after she was separated from her family, an eighteen-year-old orphan with vague memories of the past sets out to Paris in hopes of reuniting with her grandmother. She is accompanied by two con men, who intend to pass her off as the Grand Duchess Anastasia to the Dowager Empress for a reward.","From the Netflix viewing history on Chris’s own profile, exported 2026-10-04. Last watched 7/9/10. Netflix listed it as ""Anastasia""; TMDB confirms it as a film, which is the only reason it is here. No rating given; blank beats invented. Genre and Lane filled by SAGE 2026-10-04 from a strong pattern (animation).",G,
Tuck Everlasting,2002,Romance,3.9,,Household,Rated,Family Adventure,Disney Plus,2026-10-04,,,,13768,posters/13768.jpg,90,"Teenager Winnie Foster is growing up in a small rural town in 1914 with her loving but overprotective parents, but Winnie longs for a life of greater freedom and adventure.","From the Netflix viewing history on Chris’s own profile, exported 2026-10-04. Last watched 7/9/10. Netflix listed it as ""Tuck Everlasting""; TMDB confirms it as a film, which is the only reason it is here. No rating given; blank beats invented. Genre and Lane filled by SAGE 2026-10-04 by rule of thumb (family adventure), not Chris’s own call. Worth a glance. Rated in the Google Sheet and pulled into the vault 2026-10-04: Chris 3.9. A rating on a queued film means it was watched, so Status moved to Rated. Pixie left blank; not invented.",PG,
The Babysitters,2008,Drama,,,Household,"Seen, unrated",Unsorted,Amazon Prime Video,2026-10-04,,,,13078,posters/13078.jpg,88,"Seventeen-year-old Shirley is a good student who works as a babysitter in order to make money for college. One night Michael, a father Shirley works for, confesses he's unhappy with married life. Shirley has a crush on Michael, and seizes this moment to kiss him. Michael is so happy he presents Shirley with a big tip, which gives her an idea. Shirley plans to make extra money by setting up her teenage friends with other unhappy fathers.","From the Netflix viewing history on Chris’s own profile, exported 2026-10-04. Last watched 7/6/10. Netflix listed it as ""The Babysitters""; TMDB confirms it as a film, which is the only reason it is here. No rating given; blank beats invented.",R,
Brief Interviews with Hideous Men,2009,Comedy,,,Household,"Seen, unrated",Modern Comedy,,2026-10-04,,,,29151,posters/29151.jpg,80,"After her boyfriend mysteriously leaves her with little explanation, a doctoral candidate in anthropology at a prestigious East Coast university is left looking for answers as to what went wrong.","From the Netflix viewing history on Chris’s own profile, exported 2026-10-04. Last watched 7/1/10. Netflix listed it as ""Brief Interviews with Hideous Men""; TMDB confirms it as a film, which is the only reason it is here. No rating given; blank beats invented. Genre and Lane filled by SAGE 2026-10-04 by rule of thumb (post-2000 comedy), not Chris’s own call. Worth a glance.",NR,
Havoc,2025,Action,,,Household,"Seen, unrated",Blockbuster,Netflix,2026-10-04,,,,668489,posters/668489.jpg,107,"When a drug heist swerves lethally out of control, a jaded cop fights his way through a corrupt city's criminal underworld to save a politician's son.","From the Netflix viewing history on Chris’s own profile, exported 2026-10-04. Last watched 6/28/10. Netflix listed it as ""Havoc""; TMDB confirms it as a film, which is the only reason it is here. No rating given; blank beats invented. Genre and Lane filled by SAGE 2026-10-04 by rule of thumb (big-budget spectacle), not Chris’s own call. Worth a glance.",R,
Rachel Getting Married,2008,Romance,,,Household,"Seen, unrated",Unsorted,"Netflix, HBO Max, Sony One Amazon Channel",2026-10-04,,,,14976,posters/14976.jpg,113,A young woman who has been in and out from rehab for the past 10 years returns home for the weekend for her sister's wedding.,"From the Netflix viewing history on Chris’s own profile, exported 2026-10-04. Last watched 6/15/10. Netflix listed it as ""Rachel Getting Married""; TMDB confirms it as a film, which is the only reason it is here. No rating given; blank beats invented.",R,
The Open Road,1935,Drama,,,Household,"Seen, unrated",Unsorted,,2026-10-04,,,,449332,posters/449332.jpg,85,"A vagabond arrives in a village where he works for a rich landowner, Master Pierre; he seduces one of the girls, gets her pregnant and hits the road again.","From the Netflix viewing history on Chris’s own profile, exported 2026-10-04. Last watched 6/14/10. Netflix listed it as ""The Open Road""; TMDB confirms it as a film, which is the only reason it is here. No rating given; blank beats invented.",,
Underworld: Rise of the Lycans,2009,Action,3.9,,Household,Rated,Action,HBO Max,2026-10-04,,,,12437,posters/12437.jpg,92,"A prequel to the first two Underworld films, this fantasy explains the origins of the feud between the Vampires and the Lycans. Aided by his secret love, Sonja, courageous Lucian leads the Lycans in battle against brutal Vampire king Viktor. Determined to break the king's enslavement of his people, Lucian faces off against the Death Dealer army in a bid for Lycan independence.","From the Netflix viewing history on Chris’s own profile, exported 2026-10-04. Last watched 6/12/10. Netflix listed it as ""Underworld: Rise of the Lycans""; TMDB confirms it as a film, which is the only reason it is here. No rating given; blank beats invented. Genre and Lane filled by SAGE 2026-10-04 by rule of thumb (action), not Chris’s own call. Worth a glance. Rated in the Google Sheet and pulled into the vault 2026-10-04: Chris 3.9. A rating on a queued film means it was watched, so Status moved to Rated. Pixie left blank; not invented.",R,
Cocaine Cowboys,1979,Drama,4.2,,Household,Rated,Unsorted,,2026-10-04,,,,170696,posters/170696.jpg,83,"A rock band is on the brink of super-stardom. Until now they've juggled their music career with cocaine smuggling. The musicians and their manager wish to sever ties with organized-crime, leave the drug world behind and concentrate on music. They are coerced into doing one last job for the Mob. They lose the $2 million of cocaine and find themselves marked men unless they can fulfill their obligations.","From the Netflix viewing history on Chris’s own profile, exported 2026-10-04. Last watched 6/8/10. Netflix listed it as ""Cocaine Cowboys""; TMDB confirms it as a film, which is the only reason it is here. No rating given; blank beats invented. Chris rated it in the Google Sheet and it was pulled into the vault 2026-10-04: Chris 4.2. Pixie left blank; he rated alone.",R,
Wal-Mart: The High Cost of Low Price,2005,Drama,,,Household,"Seen, unrated",Documentary,,2026-10-04,,,,29595,posters/29595.jpg,98,"This documentary takes the viewer on a deeply personal journey into the everyday lives of families struggling to fight Goliath. From a family business owner in the Midwest to a preacher in California, from workers in Florida to a poet in Mexico, dozens of film crews on three continents bring the intensely personal stories of an assault on families and American values.","From the Netflix viewing history on Chris’s own profile, exported 2026-10-04. Last watched 6/6/10. Netflix listed it as ""Wal-Mart: The High Cost of Low Price""; TMDB confirms it as a film, which is the only reason it is here. No rating given; blank beats invented. Genre and Lane filled by SAGE 2026-10-04 from a TMDB fact (documentary).",,
Seven Pounds,2008,Drama,,,Household,"Seen, unrated",Prestige,HBO Max,2026-10-04,,,,11321,posters/11321.jpg,123,An IRS agent with a fateful secret embarks on an extraordinary journey of redemption by forever changing the lives of seven strangers.,"From the Netflix viewing history on Chris’s own profile, exported 2026-10-04. Last watched 5/30/10. Netflix listed it as ""Seven Pounds""; TMDB confirms it as a film, which is the only reason it is here. No rating given; blank beats invented. Genre and Lane filled by SAGE 2026-10-04 by rule of thumb (acclaimed drama), not Chris’s own call. Worth a glance.",PG-13,
Moon,2009,Sci-fi,,,Household,"Seen, unrated",Sci-fi Canon,Sony One Amazon Channel,2026-10-04,,,,17431,posters/17431.jpg,97,"With only three weeks left in his three-year contract, Sam Bell is eager to return to Earth. Stationed alone at a Moon-based facility with his computer assistant GERTY, an unexpected accident sets off a series of unsettling events that shake his isolation.","From the Netflix viewing history on Chris’s own profile, exported 2026-10-04. Last watched 5/25/10. Netflix listed it as ""Moon""; TMDB confirms it as a film, which is the only reason it is here. No rating given; blank beats invented. Genre and Lane filled by SAGE 2026-10-04 by rule of thumb (sci-fi), not Chris’s own call. Worth a glance.",R,
Pandorum,2009,Sci-fi,,,Household,"Seen, unrated",Space & Science,,2026-10-04,,,,19898,posters/19898.jpg,108,"Two crew members wake up on an abandoned spacecraft with no idea who they are, how long they've been asleep, or what their mission is. The two soon discover they're actually not alone – and the reality of their situation is more horrifying than they could have imagined.","From the Netflix viewing history on Chris’s own profile, exported 2026-10-04. Last watched 5/24/10. Netflix listed it as ""Pandorum""; TMDB confirms it as a film, which is the only reason it is here. No rating given; blank beats invented. Genre and Lane filled by SAGE 2026-10-04 from a strong pattern (space).",R,
G-Force,2009,Action-comedy,,,Household,"Seen, unrated",Family Adventure,Disney Plus,2026-10-04,,,,19585,posters/19585.jpg,88,"A team of trained secret agent animals, guinea pigs Darwin, Hurley, Juarez, Blaster, mole Speckles, and fly Mooch takes on a mission for the US government to stop evil Leonard Saber, who plans to destroy the world with household appliances. But the government shuts them down and they are sentenced to a pet shop. Can they escape to defeat the villain and save the world?","From the Netflix viewing history on Chris’s own profile, exported 2026-10-04. Last watched 5/20/10. Netflix listed it as ""G-Force""; TMDB confirms it as a film, which is the only reason it is here. No rating given; blank beats invented. Genre and Lane filled by SAGE 2026-10-04 by rule of thumb (family adventure), not Chris’s own call. Worth a glance.",PG,
My Best Friend's Wedding,1997,Rom-com,,,Household,"Seen, unrated",Modern Rom-com,HBO Max,2026-10-04,,,,8874,posters/8874.jpg,105,"When she receives word that her longtime platonic pal Michael O'Neal is getting married to debutante Kimberly Wallace, food critic Julianne Potter realizes her true feelings for Michael -- and sets out to sabotage the wedding.","From the Netflix viewing history on Chris’s own profile, exported 2026-10-04. Last watched 5/7/10. Netflix listed it as ""My Best Friend's Wedding""; TMDB confirms it as a film, which is the only reason it is here. No rating given; blank beats invented. Genre and Lane filled by SAGE 2026-10-04 by rule of thumb (rom-com era), not Chris’s own call. Worth a glance.",PG-13,
Penelope,2007,Rom-com,,,Household,"Seen, unrated",Modern Rom-com,Amazon Prime Video,2026-10-04,,,,7985,posters/7985.jpg,104,"Forlorn heiress Penelope Wilhern is cursed, and the only way out is to fall in love with someone of suitable stock. But how can she find her soulmate when she's sequestered inside her family's estate with only her parents to keep her company? This untraditional fairy tale is about a girl who bucks convention to create her own happy ending.","From the Netflix viewing history on Chris’s own profile, exported 2026-10-04. Last watched 4/30/10. Netflix listed it as ""Penelope""; TMDB confirms it as a film, which is the only reason it is here. No rating given; blank beats invented. Genre and Lane filled by SAGE 2026-10-04 by rule of thumb (rom-com era), not Chris’s own call. Worth a glance.",PG,
Head Over Heels,1937,Unsorted,,,Household,"Seen, unrated",Unsorted,,2026-10-04,,,,249798,posters/249798.jpg,84,"Legendary British musical-comedy favorite Jessie Matthews chalks up another winner with Head Over Heels in Love. The ever-charming Matthews plays Jeanne, a Parisian entertainer who manages to get herself in hot water with the French version of Actors' Equity and is forced to take a series of jobs under a series of assumed names. Meanwhile, a romantic triangle involving American film star Norma (Helen Whitney Bourne) and gangsters Pierre (Robert Flemyng) and Marcel (Louis Borrell) spells big trouble for all concerned -- including the plucky Jeanne. Highlighted by six sprightly song numbers, Head Over Heels in Love is our girl Jessie's vehicle all the way, and never mind the ""main"" plot. The film was directed by Sonnie Hale, who just so happened to be the star's husband.","From the Netflix viewing history on Chris’s own profile, exported 2026-10-04. Last watched 4/24/10. Netflix listed it as ""Head Over Heels""; TMDB confirms it as a film, which is the only reason it is here. No rating given; blank beats invented.",,
The Black Dahlia,2006,Drama,,,Household,"Seen, unrated",Unsorted,,2026-10-04,,,,9676,posters/9676.jpg,121,"In 1940s Los Angeles, two former boxers-turned-cops must grapple with corruption, narcissism, stag films and family madness as they pursue the killer of an aspiring young actress.","From the Netflix viewing history on Chris’s own profile, exported 2026-10-04. Last watched 4/16/10. Netflix listed it as ""The Black Dahlia""; TMDB confirms it as a film, which is the only reason it is here. No rating given; blank beats invented.",R,
Year One,2009,Action-comedy,,,Household,"Seen, unrated",Frat Pack,"Netflix, Sony One Amazon Channel",2026-10-04,,,,17610,posters/17610.jpg,97,"When a couple of lazy hunter-gatherers are banished from their primitive village, they set off on an epic journey through the ancient world.","From the Netflix viewing history on Chris’s own profile, exported 2026-10-04. Last watched 4/10/10. Netflix listed it as ""Year One""; TMDB confirms it as a film, which is the only reason it is here. No rating given; blank beats invented. Genre and Lane filled by SAGE 2026-10-04 from a strong pattern (Frat Pack cast).",PG-13,
The September Issue,2009,Drama,,,Household,"Seen, unrated",Documentary,,2026-10-04,,,,23044,posters/23044.jpg,90,A documentary chronicling Vogue editor-in-chief Anna Wintour's preparations for the 2007 fall-fashion issue.,"From the Netflix viewing history on Chris’s own profile, exported 2026-10-04. Last watched 4/7/10. Netflix listed it as ""The September Issue""; TMDB confirms it as a film, which is the only reason it is here. No rating given; blank beats invented. Genre and Lane filled by SAGE 2026-10-04 from a TMDB fact (documentary).",PG-13,
Across the Hall,2009,Drama,,,Household,"Seen, unrated",Unsorted,Amazon Prime Video,2026-10-04,,,,21469,posters/21469.jpg,93,"Convinced that his fiancee is cheating on him, a man follows her to a hotel and calls his best friend to help him avoid a calamity.","From the Netflix viewing history on Chris’s own profile, exported 2026-10-04. Last watched 4/6/10. Netflix listed it as ""Across the Hall""; TMDB confirms it as a film, which is the only reason it is here. No rating given; blank beats invented.",R,
Quarantine,2008,Sci-fi,,,Household,"Seen, unrated",Sci-fi Canon,Universal+ Amazon Channel,2026-10-04,,,,13812,posters/13812.jpg,89,A television reporter and her cameraman are trapped inside a building quarantined by the CDC after the outbreak of a mysterious virus which turns humans into bloodthirsty killers.,"From the Netflix viewing history on Chris’s own profile, exported 2026-10-04. Last watched 4/5/10. Netflix listed it as ""Quarantine""; TMDB confirms it as a film, which is the only reason it is here. No rating given; blank beats invented. Genre and Lane filled by SAGE 2026-10-04 by rule of thumb (sci-fi), not Chris’s own call. Worth a glance.",R,
Bigger Stronger Faster*,2008,Drama,,,Household,"Seen, unrated",Documentary,,2026-10-04,,,,13636,posters/13636.jpg,105,"In America, we define ourselves in the superlative: we are the biggest, strongest, fastest country in the world. Is it any wonder that so many of our heroes are on performance enhancing drugs? Director Christopher Bell explores America's win-at-all-cost culture by examining how his two brothers became members of the steroid-subculture in an effort to realize their American dream.","From the Netflix viewing history on Chris’s own profile, exported 2026-10-04. Last watched 4/3/10. Netflix listed it as ""Bigger, Stronger, Faster""; TMDB confirms it as a film, which is the only reason it is here. No rating given; blank beats invented. Genre and Lane filled by SAGE 2026-10-04 from a TMDB fact (documentary).",PG-13,
Vantage Point,2008,Action,,,Household,"Seen, unrated",Action,Buy: Google Play Movies,2026-10-04,,,,7461,posters/7461.jpg,90,"During an historic counter-terrorism summit in Spain, the President of the United States is struck down by an assassin's bullet. Eight strangers have a perfect view of the kill, but what did they really see? As the minutes leading up to the fatal shot are replayed through the eyes of each eyewitness, the reality of the assassination takes shape.","From the Netflix viewing history on Chris’s own profile, exported 2026-10-04. Last watched 1/19/09. Netflix listed it as ""Vantage Point""; TMDB confirms it as a film, which is the only reason it is here. No rating given; blank beats invented. Genre and Lane filled by SAGE 2026-10-04 by rule of thumb (action), not Chris’s own call. Worth a glance.",PG-13,
Wild Hogs,2007,Action-comedy,3.7,,Household,Rated,Modern Comedy,Disney Plus,2026-10-04,,,,11199,posters/11199.jpg,100,"Restless and ready for an adventure, four suburban bikers leave the safety of their subdivision and head out on the open road. But complications ensue when they cross paths with an intimidating band of New Mexico bikers known as the Del Fuegos.","From the Netflix viewing history on Chris’s own profile, exported 2026-10-04. Last watched 1/11/09. Netflix listed it as ""Wild Hogs""; TMDB confirms it as a film, which is the only reason it is here. No rating given; blank beats invented. Chris rated it in the Google Sheet and it was pulled into the vault 2026-10-04: Chris 3.7. Pixie left blank; he rated alone. Genre and Lane filled by SAGE 2026-10-04 by rule of thumb (post-2000 comedy), not Chris’s own call. Worth a glance.",PG-13,
The Game Plan,2007,Comedy,3.5,3.5,Household,Rated,Kid Sport,Disney Plus,2026-10-04,,,,13680,posters/13680.jpg,110,"Bachelor football star Joe Kingman seems to have it all. He is wealthy and carefree, and his team is on the way to capturing a championship. Suddenly, he is tackled by some unexpected news: He has a young daughter, the result of a last fling with his ex-wife. Joe must learn to balance his personal and professional lives with the needs of his child.","From the Netflix viewing history on Chris’s own profile, exported 2026-10-04. Last watched 1/10/09. Netflix listed it as ""The Game Plan""; TMDB confirms it as a film, which is the only reason it is here. No rating given; blank beats invented. Genre and Lane filled by SAGE 2026-10-04 from a strong pattern (sport).",PG,
Apollo 10½: A Space Age Childhood,2022,Animated / family,3.3,,Household,Rated,Animated Family,Netflix,2026-10-04,,,,664996,posters/664996.jpg,99,"A man narrates stories of his life as a 10-year-old boy in 1969 Houston, weaving tales of nostalgia with a fantastical account of a journey to the moon.","From the Netflix viewing history on Chris’s own profile, exported 2026-10-04. Last watched 2/15/25. Netflix listed it as ""Apollo 10 1/2: A Space Age Childhood""; TMDB confirms it as a film, which is the only reason it is here. No rating given; blank beats invented. Genre and Lane filled by SAGE 2026-10-04 from a strong pattern (animation). Rated in the Google Sheet and pulled into the vault 2026-10-04: Chris 3.3. A rating on a queued film means it was watched, so Status moved to Rated. Pixie left blank; not invented.",PG-13,
Jim & Andy: The Great Beyond,2017,Drama,4.5,,Household,Rated,Documentary,Netflix,2026-10-04,,,,469019,posters/469019.jpg,93,Offbeat documentarian Chris Smith provides a behind-the-scenes look at how Jim Carrey adopted the persona of idiosyncratic comedian Andy Kaufman on the set of Man on the Moon.,"From the Netflix viewing history on Chris’s own profile, exported 2026-10-04. Last watched 7/22/24. Netflix listed it as ""Jim & Andy: The Great Beyond - Featuring a Very Special, Contractually Obligated Mention of Tony Clifton""; TMDB confirms it as a film, which is the only reason it is here. No rating given; blank beats invented. Chris rated it in the Google Sheet and it was pulled into the vault 2026-10-04: Chris 4.5. Pixie left blank; he rated alone. Genre and Lane filled by SAGE 2026-10-04 from a TMDB fact (documentary).",,
I Now Pronounce You Chuck & Larry,2007,Rom-com,4,4,Household,Rated,Modern Rom-com,"Rent: Apple TV Store, Google Play Movies",2026-10-04,,,,3563,posters/3563.jpg,115,"Firefighters Chuck Ford and Larry Valentine are guy's guys, loyal to the core—which is why when widower Larry asks Chuck to pose as his lover so that he can get domestic partner benefits for his kids, his buddy agrees. However, things get dicey when a bureaucrat comes calling, and the boys are forced to present a picture of domestic bliss.","From the Netflix viewing history on Chris’s own profile, exported 2026-10-04. Last watched 4/23/21. Netflix listed it as ""I Now Pronounce You Chuck and Larry""; TMDB confirms it as a film, which is the only reason it is here. No rating given; blank beats invented. Genre and Lane filled by SAGE 2026-10-04 by rule of thumb (rom-com era), not Chris’s own call. Worth a glance. Pulled from the Google Sheet 2026-10-04: Chris (blank) -> 4; Pixie (blank) -> 4; Status Seen, unrated -> Rated.",PG-13,
Arsenio Hall: Smart and Classy,2019,Comedy,3.2,,Household,Rated,Modern Comedy,Netflix,2026-10-04,,,,642661,posters/642661.jpg,63,"In his first stand-up special, Arsenio Hall discusses getting older, the changing times and culture, social issues and even bothersome baby toes.","From the Netflix viewing history on Chris’s own profile, exported 2026-10-04. Last watched 11/21/19. Netflix listed it as ""Arsenio Hall: Smart & Classy""; TMDB confirms it as a film, which is the only reason it is here. No rating given; blank beats invented. Genre and Lane filled by SAGE 2026-10-04 by rule of thumb (post-2000 comedy), not Chris’s own call. Worth a glance. Rated in the Google Sheet and pulled into the vault 2026-10-04: Chris 3.2. A rating on a queued film means it was watched, so Status moved to Rated. Pixie left blank; not invented.",,
Bob Lazar: Area 51 and Flying Saucers,2018,Drama,4.5,,Household,Rated,Documentary,JustWatch TV,2026-10-04,,,,522320,posters/522320.jpg,97,"Area 51, flying saucers from another world - and the program to create a fierce technology. Bob Lazar remains the singular most famous and controversial name in the world of UFOs.  The reason you know about Area 51 is because Lazar came forward and told you about it. His disclosures have turned his life upside-down and he has tried to stay out of the spotlight. For this reason, he has never let any filmmaker into the private world of his daily life - that is - until now.  Corbell’s film explores Lazar’s claims through the lens of thirty years - providing rare and never before revealed footage - guaranteed to alter the landscape of the debate.","From the Netflix viewing history on Chris’s own profile, exported 2026-10-04. Last watched 7/17/19. Netflix listed it as ""Bob Lazar: Area 51 & Flying Saucers""; TMDB confirms it as a film, which is the only reason it is here. No rating given; blank beats invented. Chris rated it in the Google Sheet and it was pulled into the vault 2026-10-04: Chris 4.5. Pixie left blank; he rated alone. Genre and Lane filled by SAGE 2026-10-04 from a TMDB fact (documentary).",,
The Hobbit: An Unexpected Journey,2012,Adventure,4.4,,Family,Rated,Middle-earth,Amazon Prime Video,2026-10-04,,,,49051,posters/49051.jpg,169,"Bilbo Baggins, a hobbit enjoying his quiet life, is swept into an epic quest by Gandalf the Grey and thirteen dwarves who seek to reclaim their mountain home from Smaug, the dragon.","Added 2026-10-04 on Chris's own instruction in his Day One entry: ""Sage, if you want to add those, all three of the Hobbit movies, in order."" Queued straight after the LOTR trilogy, which the boys finished the same day. TMDB id verified live before the row was written. No rating invented. Rated in the Google Sheet and pulled into the vault 2026-10-04: Chris 4.4. A rating on a queued film means it was watched, so Status moved to Rated. Pixie left blank; not invented.",PG-13,
The Hobbit: The Desolation of Smaug,2013,Adventure,4.5,,Family,Rated,Middle-earth,Amazon Prime Video,2026-10-04,,,,57158,posters/57158.jpg,161,"The Dwarves, Bilbo and Gandalf have successfully escaped the Misty Mountains, and Bilbo has gained the One Ring. They all continue their journey to get their gold back from the Dragon, Smaug.","Added 2026-10-04 on Chris's own instruction in his Day One entry: ""Sage, if you want to add those, all three of the Hobbit movies, in order."" Queued straight after the LOTR trilogy, which the boys finished the same day. TMDB id verified live before the row was written. No rating invented. Rated in the Google Sheet and pulled into the vault 2026-10-04: Chris 4.5. A rating on a queued film means it was watched, so Status moved to Rated. Pixie left blank; not invented.",PG-13,
The Hobbit: The Battle of the Five Armies,2014,Adventure,4.6,,Family,Rated,Middle-earth,Amazon Prime Video,2026-10-04,,,,122917,posters/122917.jpg,144,"Following Smaug's attack on Laketown, Bilbo and the dwarves try to defend Erebor's mountain of treasure from others who claim it: the men of the ruined Laketown and the elves of Mirkwood. Meanwhile an army of Orcs led by Azog the Defiler is marching on Erebor, fueled by the rise of the dark lord Sauron. Dwarves, elves and men must unite, and the hope for Middle-Earth falls into Bilbo's hands.","Added 2026-10-04 on Chris's own instruction in his Day One entry: ""Sage, if you want to add those, all three of the Hobbit movies, in order."" Queued straight after the LOTR trilogy, which the boys finished the same day. TMDB id verified live before the row was written. No rating invented. Rated in the Google Sheet and pulled into the vault 2026-10-04: Chris 4.6. A rating on a queued film means it was watched, so Status moved to Rated. Pixie left blank; not invented.",PG-13,
Schindler's List,1993,Drama,4.8,,Household,Rated,Prestige,HBO Max,2026-10-04,,,,424,posters/424.jpg,195,The true story of how businessman Oskar Schindler saved over a thousand Jewish lives from the Nazis while they worked as slaves in his factory during World War II.,"Arrived in the Google Sheet from the app’s live-save endpoint and was pulled into the vault 2026-10-04. Needs a TMDB pass for runtime, poster and streaming. Rated in the Google Sheet and pulled into the vault 2026-10-04: Chris 4.8. A rating on a queued film means it was watched, so Status moved to Rated. Pixie left blank; not invented. Context moved off Queue: a rated film is not still queued. Audience not recorded, so Household rather than an invented one.",R,
Fantastic Beasts: The Secrets of Dumbledore,2022,Adventure,4.5,4.5,Family,Rated,Wizarding World,HBO Max,2026-10-04,,,,338953,posters/338953.jpg,142,"Professor Albus Dumbledore knows the powerful, dark wizard Gellert Grindelwald is moving to seize control of the wizarding world. Unable to stop him alone, he entrusts magizoologist Newt Scamander to lead an intrepid team of wizards and witches. They soon encounter an array of old and new beasts as they clash with Grindelwald's growing legion of followers.","Added from the app 2026-10-04. Needs genre, lane and a TMDB pass.",PG-13,
The Fabelmans,2022,Drama,4.5,4.5,Date Night,Rated,Spielberg,Rent: Google Play Movies,2026-10-04,,,,804095,posters/804095.jpg,151,"Growing up in post-World War II era Arizona, young Sammy Fabelman aspires to become a filmmaker as he reaches adolescence, but soon discovers a shattering family secret and explores how the power of films can help him see the truth.","Added from the app 2026-10-04. Needs genre, lane and a TMDB pass.",PG-13,
Empire of the Sun,1987,Drama,4.5,4.5,Date Night,Rated,Spielberg,"Rent: Apple TV Store, Google Play Movies",2026-10-04,,,,10110,posters/10110.jpg,153,"Jamie Graham, a privileged English boy, is living in Shanghai when the Japanese invade and force all foreigners into prison camps. Jamie is captured with an American sailor, who looks out for him while they are in the camp together. Even though he is separated from his parents and in a hostile environment, Jamie maintains his dignity and youthful spirit, providing a beacon of hope for the others held captive with him.","Added from the app 2026-10-04. Needs genre, lane and a TMDB pass.",PG,
Indiana Jones and the Temple of Doom,1984,Adventure,3.5,3.5,Date Night,Rated,Spielberg,Paramount Plus,2026-10-04,,,,87,posters/87.jpg,118,"After arriving in India, Indiana Jones is asked by a desperate village to find a mystical stone. He agrees – and stumbles upon a secret cult plotting a terrible plan in the catacombs of an ancient palace.","Added from the app 2026-10-04. Needs genre, lane and a TMDB pass.",PG,
A.I. Artificial Intelligence,2001,Sci-fi,4,4,Date Night,Rated,Spielberg,"Netflix, Paramount Plus",2026-10-04,,,,644,posters/644.jpg,146,"David, a robotic boy—the first of his kind programmed to love—is adopted as a test case by a Cybertronics employee and his wife. Though he gradually becomes their child, a series of unexpected circumstances make this life impossible for David.","Added from the app 2026-10-04. Needs genre, lane and a TMDB pass.",PG-13,
Wolfs,2024,Action-comedy,4.5,4.5,Date Night,Rated,Modern Comedy,Apple TV,2026-10-04,,,,877817,posters/877817.jpg,108,"Hired to cover up a high-profile crime, a fixer soon finds his night spiralling out of control when he's forced to work with an unexpected counterpart.","Added from the app 2026-10-04. Needs genre, lane and a TMDB pass.",R,
The Dark Knight,2008,Action,4.5,4.5,Household,Rated,Superhero,"Amazon Prime Video, HBO Max, Universal+ Amazon Channel",2026-10-04,,,,155,posters/155.jpg,152,"Batman raises the stakes in his war on crime. With the help of Lt. Jim Gordon and District Attorney Harvey Dent, Batman sets out to dismantle the remaining criminal organizations that plague the streets. The partnership proves to be effective, but they soon find themselves prey to a reign of chaos unleashed by a rising criminal mastermind known to the terrified citizens of Gotham as the Joker.","Added from the app 2026-10-04. Needs genre, lane and a TMDB pass.",PG-13,
The Prestige,2006,Drama,4.3,4.3,Household,Rated,Mind-Bender,"Rent: Apple TV Store, Google Play Movies",2026-10-04,,,,1124,posters/1124.jpg,130,"A mysterious story of two magicians whose intense rivalry leads them on a life-long battle for supremacy -- full of obsession, deceit and jealousy with dangerous and deadly consequences.","Added from the app 2026-10-04. Needs genre, lane and a TMDB pass.",PG-13,
The Odyssey,2026,Adventure,,,Queue,"In theaters, unseen",Prestige,,2026-10-03,,,,1368337,posters/1368337.jpg,173,"Odysseus, the legendary King of Ithaca, embarks on a long and perilous journey home following the Trojan War. Throughout his voyage, he is forced to confront the whims of gods, mythological monsters, and trials that stretch both his cunning and his humanity to the breaking point.","Queued by Chris from the app 2026-10-04. Nolan, released 2026-07-15, not yet streaming in Costa Rica. Tracked in Coming Soon as well. No rating invented.",R,
Real Steel,2011,Action,4.3,4.3,Family,Rated,Family Adventure,,2026-10-04,,,,39254,posters/39254.jpg,127,"Charlie Kenton is a washed-up fighter who retired from the ring when robots took over the sport. After his robot is trashed, he reluctantly teams up with his estranged son to rebuild and train an unlikely contender.","Added from the app 2026-10-04. Needs genre, lane and a TMDB pass.",PG-13,
Night at the Museum,2006,Comedy,4.3,4.3,Family,Rated,Family Adventure,"Netflix, Disney Plus",2026-10-04,,,,1593,posters/1593.jpg,108,"Chaos reigns at the natural history museum when night watchman Larry Daley accidentally stirs up an ancient curse, awakening Attila the Hun, an army of gladiators, a Tyrannosaurus rex and other exhibits.","Added from the app 2026-10-04. Needs genre, lane and a TMDB pass.",PG,
Night at the Museum: Secret of the Tomb,2014,Comedy,4,4,Family,Rated,Family Adventure,"Netflix, Disney Plus",2026-10-04,,,,181533,posters/181533.jpg,98,"When the magic powers of The Tablet of Ahkmenrah begin to die out, Larry Daley spans the globe, uniting favorite and new characters while embarking on an epic quest to save the magic before it is gone forever.","Added from the app 2026-10-04. Needs genre, lane and a TMDB pass.",PG,
Iron Man 2,2010,Action-comedy,4,4,Date Night,Rated,Marvel,Disney Plus,2026-10-04,,,,10138,posters/10138.jpg,124,"With the world now aware of his dual life as the armored superhero Iron Man, billionaire inventor Tony Stark faces pressure from the government, the press and the public to share his technology with the military. Unwilling to let go of his invention, Stark, with Pepper Potts and James 'Rhodey' Rhodes at his side, must forge new alliances – and confront powerful enemies.","Added from the app 2026-10-04. Needs genre, lane and a TMDB pass.",PG-13,
Zathura: A Space Adventure,2005,Adventure,4.3,4.3,Family,Rated,Family Adventure,Sony One Amazon Channel,2026-10-04,,,,6795,posters/6795.jpg,101,"After their father is called into work, two young boys, Walter and Danny, are left in the care of their teenage sister, Lisa, and told they must stay inside. Walter and Danny, who anticipate a boring day, are shocked when they begin playing Zathura, a space-themed board game, which they realize has mystical powers when their house is shot into space. With the help of an astronaut, the boys attempt to return home.","Added from the app 2026-10-04. Needs genre, lane and a TMDB pass.",PG,
Cowboys & Aliens,2011,Sci-fi,4,4,Date Night,Rated,Action,"Rent: Apple TV Store, Google Play Movies",2026-10-04,,,,49849,posters/49849.jpg,119,"A stranger stumbles into the desert town of Absolution with no memory of his past and a futuristic shackle around his wrist. With the help of mysterious beauty Ella and the iron-fisted Colonel Dolarhyde, he finds himself leading an unlikely posse of cowboys, outlaws, and Apache warriors against a common enemy from beyond this world in an epic showdown for survival.","Added from the app 2026-10-04. Needs genre, lane and a TMDB pass.",PG-13,
Stand by Me,1986,Drama,4.5,4.5,Date Night,Rated,80s Nostalgia,Sony One Amazon Channel,2026-10-04,,,,235,posters/235.jpg,89,"After learning that a boy their age has been accidentally killed near their rural homes, four boys decide to go see the body. Gordie, Vern, Chris, and Teddy encounter a mean junk man and a marsh full of leeches, but they also learn more about one another and their very different home lives. Just a lark at first, the boys' adventure evolves into a defining event in their lives.","Added from the app 2026-10-04. Needs genre, lane and a TMDB pass.",R,
A Few Good Men,1992,Drama,4.5,4.5,Date Night,Rated,Classic Canon,HBO Max,2026-10-04,,,,881,posters/881.jpg,138,"When cocky military lawyer Lt. Daniel Kaffee and his co-counsel, Lt. Cmdr. JoAnne Galloway, are assigned to a murder case, they uncover a hazing ritual that could implicate high-ranking officials such as shady Col. Nathan Jessep.","Added from the app 2026-10-04. Needs genre, lane and a TMDB pass.",R,
Misery,1990,Drama,4.3,4.3,Date Night,Rated,Horror,"Rent: Apple TV Store, Google Play Movies",2026-10-04,,,,1700,posters/1700.jpg,107,"After an accident, acclaimed novelist Paul Sheldon is rescued by a nurse who claims to be his biggest fan.  Her obsession takes a dark turn when she holds him captive in her remote Colorado home and forces him to write back to life the popular literary character he killed off.","Added from the app 2026-10-04. Needs genre, lane and a TMDB pass.",R,
Logan,2017,Action,4.5,4.5,Solo,Rated,Superhero,Disney Plus,2026-10-04,,,,263115,posters/263115.jpg,137,"In the near future, a weary Logan cares for an ailing Professor X in a hideout on the Mexican border. But Logan's attempts to hide from the world and his legacy are upended when a young mutant arrives, pursued by dark forces.","Added from the app 2026-10-04. Needs genre, lane and a TMDB pass.",R,
X-Men,2000,Action,4.5,4.5,Family,Rated,Superhero,Disney Plus,2026-10-04,,,,36657,posters/36657.jpg,104,"Two mutants, Rogue and Wolverine, come to a private academy for their kind whose resident superhero team, the X-Men, must oppose a terrorist organization with similar powers.","Added from the app 2026-10-04. Needs genre, lane and a TMDB pass.",PG-13,
Pirates of the Caribbean: The Curse of the Black Pearl,2003,Adventure,4.5,4.5,Family,Rated,Blockbuster,Disney Plus,2026-10-04,,,,22,posters/22.jpg,143,"When wily pirate Captain Barbossa seizes Jack Sparrow’s beloved ship, the Black Pearl, and kidnaps the governor’s daughter, Elizabeth Swann, blacksmith Will Turner reluctantly teams up with the unpredictable pirate Jack to rescue her—only to uncover a terrifying curse that turns Barbossa’s crew into the undead.","Added from the app 2026-10-04. Needs genre, lane and a TMDB pass.",PG-13,
Avengers: Age of Ultron,2015,Action-comedy,4.5,4.5,Family,Rated,Marvel,Disney Plus,2026-10-04,,,,99861,posters/99861.jpg,141,"When Tony Stark tries to jumpstart a dormant peacekeeping program, things go awry and Earth’s Mightiest Heroes are put to the ultimate test as the fate of the planet hangs in the balance. As the villainous Ultron emerges, it is up to The Avengers to stop him from enacting his terrible plans, and soon uneasy alliances and unexpected action pave the way for an epic and unique global adventure.","Added from the app 2026-10-04. Needs genre, lane and a TMDB pass.",PG-13,
Now You See Me: Now You Don't,2025,Drama,4.3,4.3,Family,Rated,Blockbuster,Amazon Prime Video,2026-10-04,,,,425274,posters/425274.jpg,112,"The original Four Horsemen reunite with a new generation of illusionists to take on powerful diamond heiress Veronika Vanderberg, who leads a criminal empire built on money laundering and trafficking. The new and old magicians must overcome their differences to work together on their most ambitious heist yet.","Added in the Google Sheet by Chris and pulled into the vault 2026-10-04. Sheet spelled it ""Now you see me now you don't""; TMDB title used. Sits beside Now You See Me 4.3 and Now You See Me 2 4.1. Needs a TMDB pass.",PG-13,
